{"type":"FeatureCollection","features":[{"type":"Feature","properties":{"district_id":"pk-azadkashmir-azadkashmir","name":"AzadKashmir","country":"PAK","province":"AzadKashmir"},"geometry":{"type":"MultiPolygon","coordinates":[[[[73.8202,33.0173],[73.7882,33.0074],[73.7731,32.9846],[73.7621,32.9757],[73.7538,32.9796],[73.7497,33.0154],[73.7438,33.035],[73.7324,33.0437],[73.7092,33.0522],[73.695,33.0719],[73.6796,33.0831],[73.6488,33.0833],[73.6068,33.0886],[73.5967,33.0943],[73.5909,33.1012],[73.5813,33.1201],[73.5857,33.1507],[73.5918,33.1703],[73.605,33.1963],[73.6058,33.2181],[73.6007,33.2342],[73.5844,33.2618],[73.5822,33.2992],[73.5792,33.3148],[73.57,33.3305],[73.5503,33.3573],[73.5392,33.3879],[73.539,33.3946],[73.5446,33.4168],[73.5588,33.4395],[73.583,33.464],[73.5894,33.4829],[73.5816,33.5],[73.5753,33.5084],[73.5797,33.5206],[73.59,33.5314],[73.5966,33.5441],[73.5923,33.5604],[73.581,33.5796],[73.5728,33.6068],[73.5367,33.6573],[73.536,33.6652],[73.5639,33.7286],[73.5626,33.7511],[73.5555,33.7647],[73.5341,33.788],[73.5243,33.8123],[73.5388,33.8608],[73.541,33.9069],[73.5332,33.9279],[73.4916,33.9833],[73.502,34.0244],[73.5131,34.0416],[73.5085,34.0655],[73.4979,34.1003],[73.4944,34.1251],[73.488,34.1253],[73.4866,34.1372],[73.488,34.1697],[73.4782,34.222],[73.4679,34.2495],[73.4471,34.2876],[73.4239,34.3055],[73.4097,34.3231],[73.4019,34.3442],[73.3992,34.3575],[73.3977,34.374],[73.4008,34.4047],[73.4069,34.4244],[73.4308,34.4742],[73.438,34.5178],[73.4414,34.55],[73.4427,34.555],[73.4483,34.563],[73.4556,34.5683],[73.4647,34.5719],[73.5194,34.5725],[73.5453,34.5789],[73.5597,34.5844],[73.5817,34.5878],[73.5925,34.5847],[73.6008,34.5797],[73.6144,34.5681],[73.625,34.5639],[73.6314,34.5639],[73.6411,34.5669],[73.65,34.5775],[73.6544,34.5869],[73.6725,34.635],[73.6744,34.6458],[73.6741,34.6611],[73.6714,34.6689],[73.6611,34.6842],[73.6636,34.6944],[73.6728,34.7033],[73.698,34.7178],[73.7036,34.7247],[73.7111,34.7361],[73.7205,34.7672],[73.7264,34.7753],[73.7397,34.7872],[73.7603,34.7994],[73.7705,34.8017],[73.7994,34.8036],[73.8125,34.8103],[73.8219,34.8197],[73.8339,34.8269],[73.8455,34.8286],[73.8861,34.8244],[73.9078,34.8267],[73.9239,34.8369],[73.9372,34.8494],[73.9667,34.8583],[73.9755,34.8619],[73.983,34.8675],[73.9941,34.8825],[74.0044,34.9053],[74.0103,34.9133],[74.0339,34.9344],[74.0517,34.9556],[74.0553,34.9717],[74.0542,34.9864],[74.0558,34.9961],[74.0633,35.0022],[74.0758,35.0089],[74.0853,35.0183],[74.0872,35.025],[74.0844,35.0336],[74.0772,35.0442],[74.0622,35.0605],[74.0603,35.0747],[74.0658,35.09],[74.0747,35.0994],[74.0933,35.1131],[74.1158,35.123],[74.2034,35.1409],[74.2267,35.1428],[74.2728,35.1377],[74.2944,35.14],[74.3557,35.1326],[74.3994,35.1175],[74.4211,35.115],[74.4344,35.1039],[74.4477,35.0844],[74.4612,35.0802],[74.4889,35.0789],[74.5348,35.1122],[74.5821,35.1288],[74.6051,35.1398],[74.6169,35.1398],[74.6286,35.1495],[74.6386,35.155],[74.6493,35.1399],[74.6849,35.1111],[74.7061,35.0971],[74.7351,35.0902],[74.7775,35.0611],[74.8151,35.0467],[74.8011,35.0207],[74.7939,35.0014],[74.7915,34.9497],[74.7882,34.9343],[74.7914,34.9148],[74.8098,34.9411],[74.826,34.9357],[74.8424,34.9339],[74.8577,34.9261],[74.8722,34.9127],[74.8858,34.897],[74.9041,34.8888],[74.938,34.8775],[74.9585,34.8769],[75.0109,34.8621],[75.0278,34.8539],[75.0345,34.843],[75.0437,34.8326],[75.0573,34.8062],[75.0655,34.7972],[75.0958,34.8141],[75.1161,34.8376],[75.1443,34.8465],[75.1574,34.8609],[75.1784,34.871],[75.19,34.8547],[75.2087,34.8591],[75.2261,34.8885],[75.2454,34.9074],[75.2584,34.9068],[75.28,34.8765],[75.286,34.8596],[75.3042,34.8426],[75.3473,34.8121],[75.359,34.7824],[75.3585,34.7526],[75.3601,34.7318],[75.3516,34.7073],[75.3444,34.6797],[75.3453,34.6616],[75.3539,34.6438],[75.3744,34.613],[75.396,34.5905],[75.4361,34.5771],[75.4652,34.5499],[75.4646,34.5434],[75.395,34.5488],[75.3778,34.5524],[75.3505,34.5622],[75.3352,34.5721],[75.2619,34.6109],[75.2581,34.6176],[75.2669,34.6345],[75.2661,34.6395],[75.2596,34.6441],[75.2497,34.6473],[75.2358,34.6483],[75.2067,34.6463],[75.1785,34.6572],[75.1647,34.6604],[75.1423,34.6624],[75.1112,34.658],[75.1056,34.6557],[75.0847,34.6554],[75.0545,34.6466],[75.0508,34.6439],[75.0418,34.6414],[75.0187,34.6415],[75.0036,34.6468],[74.9978,34.6511],[74.9467,34.6664],[74.9278,34.6783],[74.9105,34.6832],[74.8938,34.6845],[74.8539,34.6782],[74.8356,34.6776],[74.7866,34.6827],[74.7721,34.6827],[74.7664,34.6852],[74.7631,34.6843],[74.7281,34.6886],[74.6713,34.7007],[74.6581,34.7106],[74.6388,34.7335],[74.6315,34.738],[74.6182,34.7421],[74.5802,34.7701],[74.5772,34.7695],[74.5653,34.7719],[74.5615,34.7744],[74.5441,34.7765],[74.5066,34.7755],[74.4854,34.7871],[74.474,34.7906],[74.3755,34.8034],[74.3675,34.8026],[74.3462,34.7904],[74.3413,34.7897],[74.3316,34.7922],[74.3151,34.8003],[74.3073,34.8003],[74.3028,34.7975],[74.2868,34.7742],[74.2797,34.7683],[74.2699,34.7627],[74.239,34.7521],[74.2275,34.7501],[74.2257,34.7475],[74.203,34.7366],[74.1747,34.7174],[74.149,34.6953],[74.1418,34.6912],[74.1168,34.6912],[74.0972,34.6929],[74.0931,34.6945],[74.0865,34.6937],[74.0597,34.6851],[74.0491,34.685],[74.0417,34.6873],[74.0129,34.7099],[74.0,34.7082],[73.9602,34.6967],[73.9416,34.6772],[73.9273,34.6459],[73.9416,34.592],[73.9481,34.5731],[73.8953,34.5467],[73.8867,34.515],[73.8987,34.4958],[73.8548,34.4734],[73.8073,34.4419],[73.777,34.4163],[73.7643,34.3711],[73.7632,34.3596],[73.7734,34.3498],[73.8074,34.3567],[73.8418,34.3383],[73.8794,34.3542],[73.8994,34.3598],[73.9199,34.3423],[73.941,34.3017],[73.9762,34.2648],[73.982,34.2391],[73.9766,34.2118],[73.9448,34.1702],[73.9171,34.1421],[73.9041,34.1222],[73.9044,34.0969],[73.8857,34.0751],[73.8832,34.0499],[73.8982,34.0328],[74.0,34.0302],[74.0061,34.0224],[74.0567,34.0312],[74.0611,34.0347],[74.087,34.0378],[74.0959,34.0403],[74.1005,34.0456],[74.115,34.0538],[74.1237,34.0552],[74.1324,34.0527],[74.1492,34.043],[74.1614,34.0389],[74.1964,34.0401],[74.2147,34.0386],[74.2372,34.0255],[74.2487,34.0138],[74.2627,33.9743],[74.2636,33.9426],[74.2611,33.9248],[74.2456,33.895],[74.2197,33.8672],[74.2076,33.8594],[74.1701,33.8399],[74.1433,33.8301],[74.1298,33.8276],[74.09,33.8263],[74.0657,33.8201],[74.049,33.8088],[74.0383,33.7951],[74.0283,33.776],[74.0,33.7526],[73.9665,33.7403],[73.9563,33.7203],[73.9757,33.6936],[74.0,33.6237],[74.0284,33.5747],[74.0454,33.5658],[74.0539,33.5651],[74.0745,33.5685],[74.0884,33.5732],[74.0957,33.5704],[74.1234,33.5432],[74.1426,33.5183],[74.1781,33.4817],[74.1856,33.4665],[74.1871,33.4555],[74.1829,33.442],[74.1817,33.4304],[74.1793,33.4257],[74.1801,33.4021],[74.1842,33.391],[74.1851,33.3835],[74.1707,33.3466],[74.1669,33.3441],[74.1176,33.2856],[74.1158,33.2811],[74.103,33.2705],[74.0907,33.2636],[74.0789,33.2602],[74.065,33.2599],[74.048,33.2645],[74.0365,33.2647],[74.0244,33.2625],[74.0203,33.2588],[74.0131,33.2499],[74.011,33.2385],[74.0113,33.2187],[74.0143,33.1982],[74.0182,33.1932],[74.0263,33.1886],[74.0564,33.1866],[74.0828,33.1807],[74.0999,33.1725],[74.1117,33.1644],[74.1449,33.1353],[74.1488,33.1339],[74.1762,33.1072],[74.1906,33.0767],[74.1993,33.0469],[74.2052,33.0433],[74.2164,33.043],[74.2204,33.0448],[74.255,33.0488],[74.2832,33.0432],[74.3079,33.0305],[74.3265,33.0295],[74.3379,33.0259],[74.3498,33.0163],[74.3517,33.0131],[74.3532,32.9831],[74.3464,32.9655],[74.3207,32.9414],[74.3161,32.9302],[74.318,32.9197],[74.3272,32.9133],[74.3477,32.9082],[74.3858,32.9086],[74.4061,32.907],[74.4139,32.9039],[74.4251,32.8931],[74.4285,32.8836],[74.4293,32.8795],[74.4264,32.8578],[74.4301,32.8447],[74.4432,32.8288],[74.4506,32.8168],[74.4542,32.8051],[74.4575,32.8016],[74.4661,32.7814],[74.472,32.7784],[74.4625,32.7785],[74.4372,32.7907],[74.388,32.8034],[74.379,32.8016],[74.3536,32.7895],[74.3115,32.786],[74.2752,32.8128],[74.2661,32.8312],[74.2534,32.8463],[74.2304,32.8515],[74.1835,32.8657],[74.167,32.8748],[74.1567,32.8868],[74.1536,32.8933],[74.144,32.9002],[74.1109,32.9067],[74.0794,32.917],[74.0306,32.9279],[74.0065,32.9483],[73.9638,32.9434],[73.9535,32.9498],[73.9544,32.9635],[73.9532,32.9705],[73.926,33.0015],[73.8919,32.9955],[73.8728,33.007],[73.8499,33.0164],[73.8202,33.0173]]]]}},{"type":"Feature","properties":{"district_id":"pk-balochistan-kalat","name":"Kalat","country":"PAK","province":"Balochistan"},"geometry":{"type":"MultiPolygon","coordinates":[[[[66.3651,25.546],[66.3637,25.5443],[66.361,25.544],[66.3637,25.5468],[66.3651,25.546]]],[[[66.2646,25.5704],[66.266,25.5674],[66.2635,25.5665],[66.2632,25.571],[66.2646,25.5704]]],[[[66.3701,25.5876],[66.3724,25.5851],[66.3721,25.5846],[66.3688,25.5857],[66.3688,25.5879],[66.3701,25.5876]]],[[[67.1653,26.6445],[67.177,26.5779],[67.2,26.5115],[67.2531,26.4327],[67.2767,26.394],[67.3007,26.3478],[67.3248,26.2904],[67.3611,26.2333],[67.3742,26.1963],[67.3987,26.1639],[67.4229,26.1504],[67.4465,26.1127],[67.4544,26.0899],[67.4535,25.9962],[67.4385,25.9468],[67.4589,25.9028],[67.462,25.8719],[67.463,25.8407],[67.4137,25.8023],[67.3867,25.7631],[67.3584,25.7086],[67.3459,25.6768],[67.3352,25.6302],[67.3238,25.6183],[67.2914,25.594],[67.2854,25.5867],[67.2792,25.573],[67.266,25.5511],[67.2519,25.538],[67.218,25.5183],[67.2095,25.505],[67.2024,25.4829],[67.1961,25.4765],[67.1698,25.4681],[67.1626,25.4511],[67.1547,25.4217],[67.1419,25.4028],[67.1299,25.3756],[67.1169,25.3571],[67.102,25.3435],[67.0982,25.322],[67.0863,25.2994],[67.0724,25.2865],[67.0745,25.266],[67.0808,25.2587],[67.0923,25.2536],[67.0875,25.2523],[67.0713,25.2421],[67.0553,25.2218],[67.0351,25.2159],[67.0275,25.2029],[67.028,25.1648],[67.0267,25.1569],[67.0192,25.1388],[67.0022,25.1083],[66.9754,25.0737],[66.9329,25.0467],[66.9209,25.0366],[66.8747,25.0271],[66.846,25.0151],[66.8071,25.0046],[66.7789,24.9949],[66.7418,24.9756],[66.7298,24.9658],[66.7152,24.9394],[66.6876,24.9075],[66.684,24.9132],[66.6807,24.9265],[66.6771,24.9329],[66.6771,24.9365],[66.6787,24.9415],[66.6818,24.944],[66.689,24.9468],[66.6957,24.9474],[66.7012,24.9543],[66.7024,24.9907],[66.7007,24.9988],[66.7085,25.009],[66.711,25.0171],[66.7085,25.0362],[66.7121,25.046],[66.7121,25.0532],[66.7071,25.0738],[66.7012,25.0868],[66.7068,25.0915],[66.7107,25.0901],[66.7135,25.0932],[66.7146,25.0979],[66.7171,25.099],[66.7143,25.1101],[66.7149,25.1149],[66.7196,25.1193],[66.721,25.1171],[66.7271,25.1182],[66.7346,25.1249],[66.7368,25.1399],[66.7401,25.1463],[66.741,25.1521],[66.7435,25.1585],[66.7501,25.1662],[66.7499,25.1754],[66.7465,25.1857],[66.7421,25.1943],[66.7221,25.221],[66.6999,25.2457],[66.6849,25.2599],[66.6129,25.3174],[66.5599,25.3479],[66.5493,25.3626],[66.5468,25.3804],[66.5488,25.384],[66.5532,25.3815],[66.5529,25.3779],[66.5549,25.3776],[66.559,25.3885],[66.5629,25.3874],[66.5654,25.3824],[66.5685,25.3829],[66.5707,25.3815],[66.574,25.3846],[66.5715,25.3879],[66.5657,25.3879],[66.5713,25.3907],[66.5687,25.3921],[66.569,25.394],[66.5729,25.3926],[66.5743,25.3946],[66.5699,25.3968],[66.5701,25.4001],[66.5726,25.4026],[66.569,25.4018],[66.5685,25.4074],[66.5663,25.3996],[66.5607,25.3993],[66.5615,25.396],[66.5551,25.3993],[66.5579,25.4018],[66.5565,25.4068],[66.5601,25.409],[66.5629,25.4196],[66.5651,25.4193],[66.5663,25.4132],[66.569,25.4129],[66.5743,25.4204],[66.5815,25.4254],[66.5818,25.429],[66.5857,25.4307],[66.5788,25.4382],[66.5649,25.4446],[66.5618,25.4493],[66.5604,25.4488],[66.5601,25.451],[66.5593,25.4488],[66.5587,25.4524],[66.5629,25.4593],[66.564,25.4657],[66.5621,25.4804],[66.5504,25.4946],[66.5488,25.4938],[66.5376,25.5004],[66.5368,25.5068],[66.5426,25.5115],[66.5379,25.511],[66.5287,25.5043],[66.5207,25.509],[66.5251,25.5126],[66.5193,25.5113],[66.5176,25.5093],[66.5143,25.5101],[66.5135,25.5129],[66.5062,25.5129],[66.5049,25.5157],[66.4918,25.5182],[66.4904,25.519],[66.4915,25.5215],[66.4899,25.5196],[66.484,25.5204],[66.4815,25.5187],[66.4793,25.5187],[66.479,25.5201],[66.4785,25.5187],[66.4732,25.5196],[66.4721,25.5218],[66.4715,25.5201],[66.4701,25.5204],[66.4674,25.5221],[66.4674,25.5274],[66.469,25.5299],[66.4721,25.5307],[66.4724,25.5326],[66.469,25.5307],[66.4688,25.5343],[66.4729,25.536],[66.4726,25.5387],[66.4715,25.5362],[66.4679,25.5351],[66.4654,25.5282],[66.4657,25.5226],[66.4715,25.5193],[66.4715,25.5171],[66.4538,25.5165],[66.4501,25.5149],[66.4504,25.5176],[66.4493,25.5179],[66.4479,25.5146],[66.4432,25.5115],[66.4379,25.5115],[66.426,25.5207],[66.4262,25.5224],[66.4307,25.5232],[66.4354,25.5265],[66.4368,25.5299],[66.4399,25.5387],[66.4346,25.5435],[66.4362,25.5462],[66.4315,25.5446],[66.4235,25.5485],[66.4215,25.551],[66.4193,25.5488],[66.4182,25.5426],[66.414,25.5404],[66.414,25.5343],[66.409,25.5293],[66.4054,25.5296],[66.394,25.5354],[66.3924,25.5421],[66.3993,25.5457],[66.4015,25.5529],[66.4099,25.5596],[66.399,25.5679],[66.399,25.5771],[66.3976,25.579],[66.3949,25.579],[66.3932,25.5818],[66.3793,25.5851],[66.3774,25.5879],[66.3754,25.5876],[66.3657,25.5935],[66.3618,25.5926],[66.3562,25.5943],[66.354,25.5929],[66.3524,25.5951],[66.3454,25.5957],[66.3429,25.5974],[66.3324,25.5974],[66.3285,25.5937],[66.3085,25.594],[66.3104,25.5912],[66.3037,25.591],[66.2932,25.5943],[66.2901,25.5937],[66.289,25.5904],[66.2835,25.5899],[66.2799,25.5871],[66.274,25.5857],[66.2707,25.5804],[66.2696,25.5824],[66.2674,25.5824],[66.2632,25.576],[66.2582,25.5735],[66.259,25.5707],[66.2624,25.5707],[66.2621,25.5685],[66.2596,25.5682],[66.259,25.5624],[66.2637,25.5601],[66.2582,25.5582],[66.2457,25.549],[66.2482,25.5479],[66.249,25.5454],[66.2671,25.5468],[66.2699,25.5488],[66.2749,25.5479],[66.2768,25.546],[66.281,25.5501],[66.2843,25.5454],[66.286,25.5474],[66.2885,25.5451],[66.289,25.5421],[66.3213,25.5401],[66.3282,25.5413],[66.3343,25.5488],[66.3457,25.5482],[66.3499,25.5457],[66.3496,25.5371],[66.3532,25.5276],[66.3596,25.5235],[66.3635,25.5229],[66.3701,25.5232],[66.3801,25.5279],[66.3846,25.5274],[66.3865,25.5246],[66.394,25.5204],[66.3962,25.5143],[66.4021,25.5088],[66.401,25.5074],[66.404,25.5071],[66.406,25.5046],[66.4082,25.4965],[66.4146,25.494],[66.4254,25.4851],[66.4301,25.4835],[66.4437,25.484],[66.4568,25.4932],[66.4693,25.4943],[66.4857,25.4982],[66.494,25.4979],[66.5043,25.494],[66.524,25.491],[66.5251,25.484],[66.5226,25.4837],[66.5226,25.4854],[66.5207,25.4854],[66.5215,25.4832],[66.5249,25.4826],[66.5268,25.4793],[66.5282,25.4818],[66.5329,25.481],[66.5321,25.4779],[66.5282,25.476],[66.5307,25.471],[66.5301,25.4621],[66.5315,25.4582],[66.526,25.4401],[66.519,25.4368],[66.5149,25.4385],[66.5165,25.4346],[66.5126,25.4329],[66.5085,25.4329],[66.5068,25.4363],[66.4885,25.4371],[66.4993,25.4304],[66.5079,25.4293],[66.5113,25.4276],[66.5121,25.4246],[66.5179,25.4246],[66.5232,25.4207],[66.5257,25.4182],[66.5257,25.4154],[66.5221,25.4101],[66.5215,25.4049],[66.5068,25.4018],[66.4971,25.4032],[66.4868,25.4096],[66.471,25.4129],[66.4643,25.4176],[66.4135,25.441],[66.3712,25.4568],[66.3468,25.4626],[66.3246,25.466],[66.2851,25.4682],[66.2515,25.4649],[66.219,25.4596],[66.1837,25.4571],[66.109,25.4482],[66.1026,25.4471],[66.0971,25.4429],[66.054,25.431],[66.0276,25.4251],[65.9679,25.4157],[65.9135,25.4143],[65.8268,25.4199],[65.8099,25.4135],[65.8021,25.4074],[65.8007,25.4043],[65.799,25.4043],[65.7974,25.3982],[65.7921,25.396],[65.7879,25.3918],[65.779,25.3913],[65.7726,25.3838],[65.7649,25.384],[65.7646,25.3826],[65.7604,25.3818],[65.7429,25.3804],[65.7279,25.3757],[65.7157,25.3757],[65.7151,25.3735],[65.7121,25.3718],[65.7057,25.3732],[65.6976,25.3707],[65.6946,25.3682],[65.6754,25.3665],[65.6643,25.3615],[65.6588,25.3607],[65.6565,25.3579],[65.6407,25.354],[65.6307,25.3537],[65.6057,25.3576],[65.5271,25.3754],[65.5137,25.3762],[65.5107,25.3779],[65.5032,25.3759],[65.4604,25.3915],[65.4499,25.3868],[65.4496,25.3849],[65.4463,25.3857],[65.4454,25.3843],[65.4393,25.3838],[65.4351,25.3801],[65.4296,25.3801],[65.4268,25.3768],[65.4238,25.3771],[65.4218,25.3746],[65.4179,25.3732],[65.4163,25.3746],[65.4165,25.3765],[65.4099,25.3754],[65.4101,25.3768],[65.3868,25.3826],[65.3674,25.3851],[65.3463,25.3779],[65.3112,25.3788],[65.3054,25.4371],[65.3031,25.4956],[65.3024,25.5443],[65.3072,25.5866],[65.3042,25.5996],[65.2882,25.6081],[65.2756,25.6192],[65.2595,25.6231],[65.2318,25.6228],[65.2162,25.6172],[65.2018,25.6078],[65.1897,25.6025],[65.1486,25.5929],[64.9826,25.5737],[64.9293,25.5783],[64.8597,25.5665],[64.7989,25.5612],[64.75,25.5505],[64.7015,25.5431],[64.6519,25.5266],[64.5954,25.5269],[64.5367,25.5175],[64.5105,25.5098],[64.4778,25.4808],[64.4333,25.4626],[64.3918,25.4606],[64.3617,25.4684],[64.3198,25.4841],[64.28,25.4954],[64.232,25.4975],[64.1949,25.504],[64.1582,25.5052],[64.1484,25.5161],[64.1485,25.5319],[64.183,25.5939],[64.2058,25.6286],[64.2254,25.6413],[64.2544,25.6495],[64.2812,25.6468],[64.3131,25.6302],[64.3439,25.6266],[64.3647,25.6407],[64.386,25.6629],[64.3831,25.6821],[64.3671,25.6913],[64.3279,25.6899],[64.3167,25.6946],[64.318,25.7043],[64.3229,25.7149],[64.319,25.7515],[64.327,25.7642],[64.3484,25.7824],[64.3559,25.806],[64.3459,25.8411],[64.3493,25.8586],[64.3648,25.8751],[64.3839,25.8848],[64.3914,25.9042],[64.3945,25.9254],[64.4176,25.9752],[64.4235,26.0078],[64.4341,26.0285],[64.4479,26.0403],[64.458,26.0435],[64.4868,26.0459],[64.5138,26.0516],[64.5473,26.0694],[64.5548,26.0923],[64.5541,26.1152],[64.5421,26.1856],[64.5011,26.208],[64.4634,26.2419],[64.3933,26.2911],[64.3866,26.3068],[64.392,26.3199],[64.4075,26.3422],[64.4279,26.3603],[64.5376,26.39],[64.5841,26.392],[64.6361,26.3876],[64.6752,26.3863],[64.71,26.3791],[64.7599,26.3724],[64.8317,26.3809],[64.9054,26.377],[64.9641,26.3827],[64.9967,26.3956],[65.0078,26.4098],[65.0059,26.4311],[64.989,26.4623],[64.9896,26.4772],[64.9964,26.4938],[65.0133,26.5083],[65.0418,26.5276],[65.0848,26.5507],[65.1204,26.5783],[65.1575,26.6004],[65.2085,26.648],[65.2373,26.6908],[65.2548,26.7266],[65.3218,26.7646],[65.3413,26.7961],[65.3643,26.8072],[65.3717,26.8222],[65.4205,26.896],[65.4247,26.9158],[65.413,26.9207],[65.3943,26.9145],[65.3448,26.9071],[65.3175,26.9079],[65.2874,26.9167],[65.2753,26.928],[65.269,26.9455],[65.2613,27.0122],[65.253,27.0358],[65.224,27.0512],[65.1926,27.0576],[65.1617,27.0489],[65.1219,27.06],[65.119,27.0678],[65.1186,27.081],[65.1106,27.1032],[65.0871,27.1461],[65.0666,27.2014],[65.0522,27.2093],[65.0403,27.2053],[65.0181,27.1857],[64.9669,27.1478],[64.9426,27.1278],[64.8735,27.0982],[64.8423,27.0816],[64.7922,27.0514],[64.7452,27.0287],[64.7208,27.0194],[64.6797,27.02],[64.637,27.0292],[64.5356,27.0674],[64.4926,27.0935],[64.4578,27.1126],[64.451,27.2065],[64.4392,27.2427],[64.4291,27.2836],[64.42,27.3073],[64.4088,27.3064],[64.4052,27.2943],[64.3988,27.2828],[64.3774,27.2691],[64.3652,27.2399],[64.3127,27.2164],[64.3016,27.1862],[64.2829,27.1794],[64.2597,27.1766],[64.2457,27.1726],[64.2434,27.1624],[64.222,27.1425],[64.1999,27.1344],[64.1753,27.1339],[64.1458,27.1245],[64.1316,27.1162],[64.1333,27.0939],[64.143,27.0683],[64.134,27.028],[64.1239,27.0055],[64.1078,26.9818],[64.0897,26.9742],[64.0723,26.9788],[64.0741,26.9897],[64.1111,27.0308],[64.1154,27.0532],[64.1156,27.0738],[64.1085,27.0848],[64.0857,27.093],[64.0656,27.0896],[64.012,27.0879],[64.0005,27.096],[63.9962,27.1078],[63.9768,27.1274],[63.9649,27.1378],[63.9473,27.1503],[63.9062,27.1506],[63.9008,27.154],[63.8958,27.166],[63.8973,27.1846],[63.8958,27.2175],[63.886,27.2289],[63.835,27.253],[63.8119,27.2563],[63.7272,27.2415],[63.6967,27.2288],[63.5945,27.2213],[63.555,27.2111],[63.5073,27.2143],[63.4759,27.214],[63.437,27.2002],[63.4082,27.1988],[63.3767,27.2016],[63.3209,27.2119],[63.2984,27.2027],[63.3125,27.1751],[63.3254,27.1403],[63.3334,27.1245],[63.3364,27.1136],[63.3184,27.1114],[63.2937,27.1135],[63.2839,27.1107],[63.3131,27.1293],[63.3175,27.1387],[63.2992,27.1789],[63.2795,27.1922],[63.1842,27.2414],[63.1158,27.2344],[63.0586,27.2332],[62.9772,27.1951],[62.9517,27.1921],[62.9087,27.1992],[62.8923,27.2108],[62.8783,27.2171],[62.8437,27.2131],[62.8214,27.2123],[62.7979,27.2215],[62.783,27.2343],[62.7815,27.2514],[62.8232,27.2862],[62.8325,27.3049],[62.8281,27.3193],[62.8074,27.3401],[62.8554,27.4651],[62.852,27.5427],[62.8386,27.6474],[62.83,27.7353],[62.8198,27.805],[62.8083,27.8516],[62.8024,27.8859],[62.8221,27.8909],[62.8436,27.8923],[62.8709,27.8993],[62.8777,27.9075],[62.8866,27.9251],[62.8969,27.9404],[62.906,27.9512],[62.93,27.9633],[62.9583,27.9884],[62.9758,28.0161],[62.9807,28.0213],[63.0621,28.0995],[63.0754,28.1025],[63.1089,28.1224],[63.1433,28.1532],[63.2072,28.1897],[63.2129,28.1915],[63.2353,28.1875],[63.2907,28.2953],[63.3015,28.2874],[63.3332,28.2692],[63.3555,28.2673],[63.4068,28.2673],[63.4308,28.2703],[63.4388,28.2742],[63.4744,28.2848],[63.553,28.3026],[63.5807,28.3022],[63.5943,28.2968],[63.6456,28.2948],[63.6534,28.2912],[63.6816,28.2908],[63.6915,28.2929],[63.7213,28.2948],[63.737,28.2945],[63.7884,28.3035],[63.8156,28.3113],[63.8218,28.3137],[63.8493,28.3339],[63.8752,28.3498],[63.898,28.3681],[63.9023,28.3749],[63.9074,28.378],[63.9194,28.3965],[63.9374,28.4085],[63.9567,28.4126],[63.9814,28.4086],[63.9885,28.4092],[64.0065,28.4191],[64.0198,28.4209],[64.0295,28.4137],[64.0403,28.4104],[64.0457,28.4149],[64.0481,28.4287],[64.0543,28.4409],[64.0586,28.4458],[64.0656,28.4508],[64.0888,28.4527],[64.1063,28.4634],[64.1112,28.4679],[64.1237,28.486],[64.1311,28.4922],[64.1376,28.4949],[64.1786,28.4975],[64.2064,28.4969],[64.228,28.4945],[64.2496,28.5151],[64.2582,28.5169],[64.2836,28.5162],[64.294,28.5215],[64.2944,28.5505],[64.3041,28.5679],[64.312,28.5734],[64.327,28.5727],[64.3331,28.5707],[64.353,28.5616],[64.3866,28.5414],[64.4016,28.5407],[64.4103,28.5448],[64.4237,28.5613],[64.4332,28.5682],[64.437,28.5815],[64.4379,28.5945],[64.4477,28.6017],[64.4951,28.6256],[64.5138,28.6315],[64.5321,28.6335],[64.5418,28.6327],[64.5538,28.636],[64.5753,28.6498],[64.5939,28.669],[64.6121,28.6819],[64.6198,28.685],[64.6318,28.6801],[64.6378,28.6703],[64.6481,28.6686],[64.6609,28.6772],[64.6677,28.6773],[64.6899,28.6722],[64.7008,28.6761],[64.7195,28.6876],[64.7311,28.6927],[64.7543,28.7133],[64.7882,28.7191],[64.8047,28.7275],[64.8238,28.7349],[64.8314,28.735],[64.8362,28.7311],[64.8647,28.7229],[64.894,28.7241],[64.9079,28.7216],[64.9252,28.7131],[64.9329,28.7109],[64.9452,28.7116],[64.9726,28.7361],[64.9821,28.7418],[64.9964,28.7458],[65.0152,28.7608],[65.0225,28.7719],[65.0312,28.7997],[65.0577,28.833],[65.0774,28.8396],[65.0939,28.842],[65.1532,28.8363],[65.1692,28.8382],[65.1796,28.8421],[65.1844,28.8452],[65.1961,28.8657],[65.2022,28.8713],[65.2207,28.9005],[65.2369,28.9047],[65.2586,28.9072],[65.2641,28.9094],[65.2714,28.9188],[65.275,28.9291],[65.2819,28.9352],[65.2881,28.937],[65.2955,28.9359],[65.3083,28.9371],[65.3156,28.9391],[65.3345,28.9482],[65.3467,28.9575],[65.3584,28.9784],[65.3673,28.9883],[65.3766,28.9927],[65.3883,28.9947],[65.4085,29.0039],[65.4192,29.0118],[65.4518,29.043],[65.459,29.045],[65.4778,29.0563],[65.5168,29.0644],[65.5445,29.0642],[65.5695,29.0591],[65.5934,29.0491],[65.6019,29.0546],[65.6051,29.0591],[65.6078,29.064],[65.6098,29.0778],[65.6169,29.0844],[65.6387,29.0955],[65.6658,29.098],[65.6778,29.1064],[65.6834,29.113],[65.6875,29.1307],[65.6937,29.1421],[65.7117,29.158],[65.7241,29.1612],[65.7579,29.1618],[65.8243,29.1574],[65.8811,29.1595],[65.9419,29.1648],[65.9631,29.1777],[65.9719,29.1911],[66.0178,29.2174],[66.0442,29.2351],[66.0991,29.2825],[66.1156,29.3078],[66.1182,29.3235],[66.1311,29.3451],[66.1497,29.3632],[66.167,29.3736],[66.1764,29.3678],[66.1893,29.3514],[66.1996,29.381],[66.2376,29.396],[66.2784,29.4272],[66.3135,29.4869],[66.3196,29.5084],[66.3213,29.5512],[66.3298,29.5689],[66.3533,29.5859],[66.3652,29.6274],[66.3598,29.6624],[66.3374,29.6863],[66.3402,29.7015],[66.3478,29.7235],[66.3378,29.7586],[66.3371,29.7909],[66.3785,29.8483],[66.4085,29.8509],[66.4895,29.8463],[66.5045,29.838],[66.5251,29.8145],[66.5367,29.8038],[66.5519,29.8006],[66.5762,29.8008],[66.5958,29.8132],[66.6081,29.8281],[66.6207,29.87],[66.6125,29.9024],[66.6391,29.9223],[66.6597,29.9475],[66.6712,29.9755],[66.6726,30.0098],[66.6751,30.0309],[66.7139,30.0711],[66.7214,30.0948],[66.7256,30.1225],[66.7311,30.1374],[66.747,30.1489],[66.7632,30.1496],[66.7844,30.1333],[66.8069,30.1191],[66.8372,30.1158],[66.8428,30.1015],[66.8468,30.0851],[66.856,30.0755],[66.8674,30.0687],[66.8626,30.0459],[66.8588,30.0353],[66.8649,30.0261],[66.8866,30.0244],[66.9197,30.0405],[66.9534,30.0495],[66.9955,30.0423],[67.0189,30.0457],[67.0291,30.0479],[67.0286,30.0634],[67.0305,30.0845],[67.0537,30.0971],[67.0834,30.1033],[67.0864,30.121],[67.1001,30.1544],[67.1117,30.1658],[67.1282,30.1717],[67.154,30.1722],[67.1937,30.1852],[67.2302,30.2131],[67.2434,30.2208],[67.2532,30.2202],[67.265,30.2311],[67.2631,30.2365],[67.2745,30.237],[67.2851,30.2304],[67.2968,30.2052],[67.319,30.1674],[67.3615,30.1555],[67.3911,30.156],[67.4155,30.1739],[67.4294,30.1707],[67.4425,30.1507],[67.4486,30.1125],[67.4498,30.0798],[67.4468,30.0642],[67.4239,30.0393],[67.4182,30.0277],[67.4134,29.991],[67.4056,29.9783],[67.392,29.9689],[67.3728,29.9635],[67.3216,29.9551],[67.2709,29.9713],[67.2529,29.9735],[67.2204,29.9501],[67.2133,29.9172],[67.2188,29.8001],[67.2303,29.7733],[67.234,29.7558],[67.239,29.7417],[67.2472,29.7266],[67.2633,29.7272],[67.2967,29.7614],[67.3115,29.7843],[67.3181,29.792],[67.327,29.7958],[67.3436,29.7885],[67.3606,29.7624],[67.3959,29.679],[67.4133,29.62],[67.4368,29.53],[67.4394,29.4956],[67.4639,29.4554],[67.479,29.4266],[67.5022,29.4007],[67.5289,29.3771],[67.5171,29.3557],[67.4946,29.3273],[67.4748,29.297],[67.4629,29.2328],[67.4514,29.1999],[67.453,29.1785],[67.4496,29.129],[67.4449,29.0993],[67.4327,29.071],[67.3968,29.0376],[67.3842,29.0176],[67.3733,28.9765],[67.3582,28.9034],[67.3384,28.8657],[67.3141,28.8443],[67.2925,28.8193],[67.2736,28.8026],[67.2656,28.7802],[67.2697,28.7497],[67.2671,28.725],[67.2559,28.6654],[67.2476,28.631],[67.2466,28.5838],[67.2422,28.5541],[67.2366,28.5392],[67.2204,28.5252],[67.1888,28.5029],[67.186,28.4914],[67.2283,28.4908],[67.2412,28.4779],[67.2491,28.4563],[67.2543,28.4468],[67.2977,28.4347],[67.3293,28.4345],[67.3484,28.415],[67.3537,28.3806],[67.3741,28.3553],[67.3787,28.3195],[67.3903,28.2873],[67.3981,28.2465],[67.4038,28.1873],[67.4002,28.1292],[67.4154,28.1016],[67.4125,28.0549],[67.4093,28.0393],[67.4155,28.0219],[67.4183,28.0021],[67.4061,27.9678],[67.3984,27.9403],[67.4052,27.9162],[67.4151,27.901],[67.4241,27.8918],[67.4145,27.8681],[67.4102,27.8376],[67.3926,27.781],[67.3704,27.7437],[67.3472,27.7267],[67.2911,27.6907],[67.2808,27.6675],[67.2778,27.6266],[67.2624,27.6035],[67.2353,27.5788],[67.2122,27.5549],[67.2064,27.4858],[67.1972,27.408],[67.1882,27.3797],[67.1616,27.3479],[67.1442,27.3003],[67.1685,27.2437],[67.1853,27.1439],[67.1868,27.0932],[67.1746,27.0422],[67.1683,27.0005],[67.1675,26.9638],[67.1648,26.93],[67.1792,26.7714],[67.1599,26.7526],[67.1546,26.7078],[67.1653,26.6445]]],[[[66.606,24.9021],[66.6101,24.8957],[66.6085,24.891],[66.606,24.8915],[66.6026,24.896],[66.5976,24.8976],[66.6013,24.8993],[66.6021,24.9018],[66.606,24.9021]]],[[[66.5704,25.4257],[66.571,25.4215],[66.5674,25.4199],[66.5687,25.4212],[66.5685,25.426],[66.5704,25.4257]]],[[[66.5593,25.4343],[66.5615,25.4315],[66.5651,25.4304],[66.5682,25.4271],[66.5676,25.4254],[66.5565,25.4321],[66.5576,25.4349],[66.5593,25.4343]]]]}},{"type":"Feature","properties":{"district_id":"pk-balochistan-makran","name":"Makran","country":"PAK","province":"Balochistan"},"geometry":{"type":"MultiPolygon","coordinates":[[[[63.8557,25.1268],[63.8649,25.1262],[63.8665,25.1249],[63.8524,25.1179],[63.8368,25.1182],[63.8332,25.1162],[63.826,25.1176],[63.8276,25.1218],[63.8321,25.1196],[63.8438,25.1262],[63.8557,25.1268]]],[[[61.7421,25.136],[61.7401,25.1329],[61.7404,25.1385],[61.7432,25.1399],[61.7421,25.136]]],[[[64.0865,25.3321],[64.0854,25.326],[64.0876,25.3221],[64.0849,25.3235],[64.0837,25.3279],[64.0849,25.3324],[64.0865,25.3321]]],[[[61.6105,25.195],[61.6294,25.2452],[61.6451,25.2736],[61.6556,25.2975],[61.6643,25.3334],[61.6698,25.4219],[61.6672,25.5124],[61.6807,25.6544],[61.689,25.6626],[61.7045,25.6725],[61.7067,25.6863],[61.705,25.7039],[61.6899,25.7179],[61.6906,25.7585],[61.6892,25.7992],[61.7177,25.796],[61.7486,25.7984],[61.7688,25.8018],[61.7804,25.8182],[61.7819,25.8515],[61.7802,25.8709],[61.7825,25.8856],[61.7914,25.9261],[61.8018,25.9943],[61.833,26.1711],[61.8479,26.2281],[61.8708,26.2467],[61.9074,26.2601],[61.9582,26.2686],[61.9867,26.2797],[62.0611,26.3154],[62.1067,26.3142],[62.1211,26.3168],[62.1281,26.3296],[62.1281,26.3804],[62.1324,26.39],[62.1447,26.3893],[62.1997,26.3695],[62.2329,26.3661],[62.2635,26.3582],[62.2825,26.3584],[62.2915,26.3711],[62.2913,26.3868],[62.2647,26.4127],[62.2646,26.4321],[62.2564,26.446],[62.2577,26.4488],[62.2698,26.4457],[62.2826,26.4473],[62.3022,26.4676],[62.3088,26.4767],[62.297,26.4941],[62.2959,26.4987],[62.2994,26.5136],[62.306,26.5244],[62.3151,26.5289],[62.3336,26.5285],[62.3433,26.5312],[62.3613,26.5395],[62.3971,26.5383],[62.4035,26.5393],[62.4107,26.5444],[62.4345,26.5681],[62.4412,26.57],[62.4634,26.5676],[62.4784,26.5696],[62.512,26.5813],[62.5299,26.5785],[62.6081,26.585],[62.6378,26.5994],[62.6483,26.6091],[62.6609,26.6165],[62.6852,26.6126],[62.6972,26.6134],[62.7214,26.6199],[62.7264,26.6241],[62.7316,26.6343],[62.7368,26.6385],[62.7607,26.6484],[62.7787,26.6523],[62.8216,26.6522],[62.8401,26.6475],[62.9195,26.6461],[62.9465,26.6529],[62.9859,26.6533],[63.0019,26.6519],[63.0514,26.6376],[63.09,26.6441],[63.1565,26.645],[63.162,26.6436],[63.1692,26.6473],[63.1731,26.6701],[63.1997,26.738],[63.2032,26.7683],[63.1921,26.8435],[63.2048,26.8495],[63.2755,26.8648],[63.2814,26.8746],[63.2764,26.8893],[63.2567,26.9287],[63.2559,27.083],[63.2732,27.1024],[63.2839,27.1107],[63.2937,27.1135],[63.3184,27.1114],[63.3364,27.1136],[63.3334,27.1245],[63.3254,27.1403],[63.3125,27.1751],[63.2984,27.2027],[63.3209,27.2119],[63.3767,27.2016],[63.4082,27.1988],[63.437,27.2002],[63.4759,27.214],[63.5073,27.2143],[63.555,27.2111],[63.5945,27.2213],[63.6967,27.2288],[63.7272,27.2415],[63.8119,27.2563],[63.835,27.253],[63.886,27.2289],[63.8958,27.2175],[63.8973,27.1846],[63.8958,27.166],[63.9008,27.154],[63.9062,27.1506],[63.9473,27.1503],[63.9649,27.1378],[63.9768,27.1274],[63.9962,27.1078],[64.0005,27.096],[64.012,27.0879],[64.0656,27.0896],[64.0857,27.093],[64.1085,27.0848],[64.1156,27.0738],[64.1154,27.0532],[64.1111,27.0308],[64.0741,26.9897],[64.0723,26.9788],[64.0897,26.9742],[64.1078,26.9818],[64.1239,27.0055],[64.134,27.028],[64.143,27.0683],[64.1333,27.0939],[64.1316,27.1162],[64.1458,27.1245],[64.1753,27.1339],[64.1999,27.1344],[64.222,27.1425],[64.2434,27.1624],[64.2457,27.1726],[64.2597,27.1766],[64.2829,27.1794],[64.3016,27.1862],[64.3127,27.2164],[64.3652,27.2399],[64.3774,27.2691],[64.3988,27.2828],[64.4052,27.2943],[64.4088,27.3064],[64.42,27.3073],[64.4291,27.2836],[64.4392,27.2427],[64.451,27.2065],[64.4578,27.1126],[64.4926,27.0935],[64.5356,27.0674],[64.637,27.0292],[64.6797,27.02],[64.7208,27.0194],[64.7452,27.0287],[64.7922,27.0514],[64.8423,27.0816],[64.8735,27.0982],[64.9426,27.1278],[64.9669,27.1478],[65.0181,27.1857],[65.0403,27.2053],[65.0522,27.2093],[65.0666,27.2014],[65.0871,27.1461],[65.1106,27.1032],[65.1186,27.081],[65.119,27.0678],[65.1219,27.06],[65.1617,27.0489],[65.1926,27.0576],[65.224,27.0512],[65.253,27.0358],[65.2613,27.0122],[65.269,26.9455],[65.2753,26.928],[65.2874,26.9167],[65.3175,26.9079],[65.3448,26.9071],[65.3943,26.9145],[65.413,26.9207],[65.4247,26.9158],[65.4205,26.896],[65.3717,26.8222],[65.3643,26.8072],[65.3413,26.7961],[65.3218,26.7646],[65.2548,26.7266],[65.2373,26.6908],[65.2085,26.648],[65.1575,26.6004],[65.1204,26.5783],[65.0848,26.5507],[65.0418,26.5276],[65.0133,26.5083],[64.9964,26.4938],[64.9896,26.4772],[64.989,26.4623],[65.0059,26.4311],[65.0078,26.4098],[64.9967,26.3956],[64.9641,26.3827],[64.9054,26.377],[64.8317,26.3809],[64.7599,26.3724],[64.71,26.3791],[64.6752,26.3863],[64.6361,26.3876],[64.5841,26.392],[64.5376,26.39],[64.4279,26.3603],[64.4075,26.3422],[64.392,26.3199],[64.3866,26.3068],[64.3933,26.2911],[64.4634,26.2419],[64.5011,26.208],[64.5421,26.1856],[64.5541,26.1152],[64.5548,26.0923],[64.5473,26.0694],[64.5138,26.0516],[64.4868,26.0459],[64.458,26.0435],[64.4479,26.0403],[64.4341,26.0285],[64.4235,26.0078],[64.4176,25.9752],[64.3945,25.9254],[64.3914,25.9042],[64.3839,25.8848],[64.3648,25.8751],[64.3493,25.8586],[64.3459,25.8411],[64.3559,25.806],[64.3484,25.7824],[64.327,25.7642],[64.319,25.7515],[64.3229,25.7149],[64.318,25.7043],[64.3167,25.6946],[64.3279,25.6899],[64.3671,25.6913],[64.3831,25.6821],[64.386,25.6629],[64.3647,25.6407],[64.3439,25.6266],[64.3131,25.6302],[64.2812,25.6468],[64.2544,25.6495],[64.2254,25.6413],[64.2058,25.6286],[64.183,25.5939],[64.1485,25.5319],[64.1484,25.5161],[64.1582,25.5052],[64.1949,25.504],[64.232,25.4975],[64.28,25.4954],[64.3198,25.4841],[64.3617,25.4684],[64.3918,25.4606],[64.4333,25.4626],[64.4778,25.4808],[64.5105,25.5098],[64.5367,25.5175],[64.5954,25.5269],[64.6519,25.5266],[64.7015,25.5431],[64.75,25.5505],[64.7989,25.5612],[64.8597,25.5665],[64.9293,25.5783],[64.9826,25.5737],[65.1486,25.5929],[65.1897,25.6025],[65.2018,25.6078],[65.2162,25.6172],[65.2318,25.6228],[65.2595,25.6231],[65.2756,25.6192],[65.2882,25.6081],[65.3042,25.5996],[65.3072,25.5866],[65.3024,25.5443],[65.3031,25.4956],[65.3054,25.4371],[65.3105,25.379],[65.2779,25.3801],[65.2701,25.3793],[65.2693,25.3779],[65.2599,25.3765],[65.2496,25.3726],[65.2426,25.3643],[65.2421,25.3549],[65.2363,25.339],[65.229,25.3332],[65.2263,25.3254],[65.2243,25.324],[65.2271,25.3185],[65.2265,25.3151],[65.2246,25.316],[65.2215,25.3129],[65.2179,25.3121],[65.2129,25.3129],[65.2107,25.3104],[65.201,25.3113],[65.1954,25.3093],[65.1951,25.3065],[65.1921,25.3035],[65.1557,25.3051],[65.1446,25.3018],[65.1293,25.3037],[65.1151,25.3021],[65.1071,25.3049],[65.0963,25.306],[65.0946,25.3076],[65.0896,25.3071],[65.0446,25.316],[65.0446,25.3174],[65.0415,25.3165],[65.0174,25.3204],[64.9835,25.321],[64.9426,25.3249],[64.9043,25.3265],[64.8282,25.3249],[64.7668,25.3199],[64.7207,25.3129],[64.6915,25.3043],[64.6718,25.2932],[64.6607,25.2832],[64.6471,25.266],[64.639,25.2465],[64.6368,25.2343],[64.6374,25.2187],[64.6379,25.2124],[64.6393,25.2082],[64.6413,25.2074],[64.6415,25.2024],[64.6476,25.2004],[64.6515,25.2026],[64.6738,25.2035],[64.6738,25.2051],[64.676,25.2057],[64.6768,25.2021],[64.6704,25.1999],[64.6718,25.1932],[64.6807,25.1932],[64.6804,25.1968],[64.6829,25.1996],[64.6854,25.1996],[64.6882,25.1943],[64.6876,25.1918],[64.6957,25.1907],[64.6974,25.1868],[64.6904,25.181],[64.6729,25.179],[64.6579,25.1738],[64.6335,25.1699],[64.6257,25.1649],[64.6188,25.1657],[64.6135,25.1629],[64.6062,25.1624],[64.6021,25.159],[64.5951,25.1579],[64.5949,25.1549],[64.5899,25.1546],[64.5826,25.1571],[64.5771,25.1682],[64.5776,25.1774],[64.5835,25.1818],[64.5924,25.1815],[64.5938,25.1843],[64.5949,25.1838],[64.5985,25.1951],[64.6046,25.2007],[64.6176,25.206],[64.6179,25.2196],[64.6104,25.234],[64.6021,25.2438],[64.5818,25.2588],[64.5732,25.2626],[64.5415,25.2721],[64.5121,25.2746],[64.5076,25.2735],[64.506,25.2693],[64.4976,25.2654],[64.4896,25.2629],[64.4871,25.264],[64.4812,25.2629],[64.4768,25.2604],[64.4726,25.2549],[64.4743,25.2543],[64.476,25.2488],[64.4782,25.2468],[64.4726,25.2438],[64.4546,25.2401],[64.4496,25.241],[64.4446,25.2393],[64.4021,25.2363],[64.4004,25.2379],[64.3985,25.2374],[64.3999,25.2382],[64.3979,25.2393],[64.3918,25.241],[64.3854,25.2421],[64.3843,25.2404],[64.3826,25.2421],[64.3768,25.2424],[64.376,25.2476],[64.3771,25.2499],[64.3729,25.254],[64.3493,25.2663],[64.3363,25.2704],[64.3363,25.2715],[64.3046,25.281],[64.2965,25.2849],[64.2907,25.2854],[64.2868,25.2879],[64.2735,25.2904],[64.2715,25.2921],[64.2468,25.2988],[64.2285,25.301],[64.2285,25.304],[64.2307,25.3068],[64.2249,25.3129],[64.211,25.3132],[64.186,25.3193],[64.1496,25.3246],[64.1032,25.3271],[64.0912,25.3246],[64.089,25.3262],[64.0912,25.3293],[64.0871,25.3376],[64.0874,25.3429],[64.0849,25.3535],[64.0899,25.364],[64.0943,25.364],[64.1026,25.3574],[64.1074,25.359],[64.1143,25.3576],[64.1137,25.3529],[64.1174,25.3551],[64.1182,25.3601],[64.1118,25.3662],[64.096,25.374],[64.0899,25.3754],[64.0874,25.3788],[64.0718,25.3879],[64.0701,25.3918],[64.074,25.3929],[64.0746,25.3946],[64.071,25.3957],[64.0793,25.3968],[64.0854,25.3946],[64.0965,25.3954],[64.1076,25.3924],[64.1029,25.3951],[64.1046,25.3971],[64.1149,25.391],[64.1201,25.3899],[64.1188,25.3924],[64.1146,25.3921],[64.1157,25.3926],[64.1146,25.3951],[64.1085,25.3957],[64.1038,25.3993],[64.1135,25.4001],[64.1149,25.4018],[64.1137,25.4029],[64.1107,25.4018],[64.1087,25.4015],[64.1068,25.4018],[64.1096,25.4057],[64.1149,25.4057],[64.1174,25.4026],[64.1215,25.4029],[64.1263,25.399],[64.1235,25.4043],[64.1232,25.4071],[64.1246,25.4076],[64.129,25.4043],[64.1307,25.3949],[64.1338,25.3976],[64.1365,25.3957],[64.1365,25.3935],[64.1385,25.3937],[64.1387,25.3965],[64.146,25.3976],[64.1501,25.3965],[64.1485,25.3985],[64.151,25.3993],[64.1446,25.4004],[64.1446,25.4024],[64.1476,25.4035],[64.1551,25.3993],[64.1568,25.401],[64.1446,25.4054],[64.144,25.4068],[64.1454,25.4076],[64.1426,25.4107],[64.1449,25.4124],[64.1474,25.4115],[64.1474,25.4129],[64.1513,25.411],[64.1515,25.4124],[64.1543,25.4129],[64.1543,25.4176],[64.1599,25.4188],[64.1571,25.4232],[64.1513,25.4232],[64.1515,25.4262],[64.1549,25.4265],[64.1526,25.429],[64.1599,25.4304],[64.1488,25.4324],[64.1418,25.431],[64.1379,25.4335],[64.1432,25.4365],[64.1529,25.4371],[64.159,25.4365],[64.1604,25.4337],[64.1687,25.4315],[64.1693,25.434],[64.1643,25.4354],[64.1643,25.4393],[64.1699,25.441],[64.1768,25.4379],[64.1749,25.441],[64.1787,25.4418],[64.1782,25.4432],[64.1718,25.4424],[64.169,25.4449],[64.1615,25.4451],[64.1571,25.4499],[64.1612,25.4513],[64.166,25.4493],[64.1646,25.451],[64.1699,25.4538],[64.1643,25.4529],[64.1632,25.4543],[64.1735,25.4571],[64.1762,25.4571],[64.1749,25.4543],[64.1796,25.4538],[64.1807,25.4562],[64.1779,25.4571],[64.1821,25.4599],[64.1699,25.4599],[64.1699,25.4624],[64.1668,25.4626],[64.1682,25.4643],[64.1646,25.4649],[64.1651,25.4668],[64.1607,25.4624],[64.156,25.4604],[64.1529,25.4624],[64.1393,25.4613],[64.1282,25.4654],[64.1254,25.4649],[64.1199,25.4765],[64.1199,25.4726],[64.1168,25.4715],[64.1171,25.4685],[64.1143,25.4676],[64.1124,25.4693],[64.1126,25.4735],[64.1101,25.4721],[64.1093,25.4649],[64.1104,25.4651],[64.1104,25.4635],[64.1068,25.4643],[64.1085,25.4651],[64.1065,25.4679],[64.1049,25.4676],[64.1054,25.4649],[64.1038,25.4643],[64.1021,25.466],[64.0965,25.4638],[64.094,25.4643],[64.0885,25.4582],[64.0832,25.4576],[64.0801,25.4515],[64.0788,25.456],[64.0762,25.4576],[64.0687,25.4571],[64.0632,25.4538],[64.0587,25.4551],[64.0488,25.4535],[64.0365,25.4574],[64.0376,25.4588],[64.0354,25.4588],[64.0332,25.4613],[64.0232,25.4607],[64.0207,25.4629],[64.0157,25.4629],[64.0157,25.4649],[64.0143,25.4649],[64.0149,25.4624],[64.0104,25.461],[63.9971,25.4599],[63.9954,25.4585],[63.9957,25.454],[64.0021,25.4557],[64.0049,25.4532],[64.0132,25.4521],[64.0171,25.4499],[64.0176,25.4479],[64.0149,25.4474],[64.0174,25.4449],[64.0163,25.436],[64.0135,25.4354],[64.009,25.4399],[64.006,25.4399],[64.0082,25.4387],[64.0093,25.4335],[64.0029,25.4346],[64.0004,25.4321],[63.9926,25.4312],[63.9949,25.4299],[63.994,25.4274],[63.9893,25.4285],[63.9843,25.4251],[63.9849,25.4232],[63.981,25.4199],[63.9893,25.4224],[63.9943,25.4221],[63.9946,25.4196],[64.0001,25.4199],[64.0029,25.4165],[63.9946,25.4093],[63.9885,25.4079],[63.9854,25.4124],[63.9779,25.4165],[63.969,25.4182],[63.9629,25.4071],[63.9576,25.4035],[63.9635,25.4037],[63.9682,25.4065],[63.9701,25.4151],[63.976,25.4157],[63.9813,25.4138],[63.9863,25.4088],[63.9829,25.4062],[63.9818,25.4015],[63.9815,25.4018],[63.979,25.4015],[63.9888,25.396],[63.9901,25.3882],[63.9946,25.3874],[64.0004,25.3901],[64.0018,25.3932],[64.0101,25.3935],[64.0121,25.396],[64.0101,25.399],[64.0104,25.4049],[64.0118,25.406],[64.0137,25.4049],[64.0146,25.4065],[64.0165,25.4065],[64.024,25.4037],[64.0338,25.4049],[64.0393,25.4093],[64.0415,25.4088],[64.0426,25.4021],[64.041,25.3904],[64.0429,25.3843],[64.0468,25.3813],[64.0418,25.3774],[64.0493,25.3801],[64.0568,25.3729],[64.0532,25.3718],[64.0515,25.3693],[64.0465,25.3699],[64.0407,25.3657],[64.0374,25.3679],[64.0338,25.3665],[64.0374,25.3668],[64.0415,25.3646],[64.0474,25.3688],[64.0532,25.364],[64.0535,25.3676],[64.056,25.3682],[64.0593,25.366],[64.0601,25.3599],[64.0571,25.3543],[64.0546,25.3529],[64.0565,25.3521],[64.0551,25.3501],[64.0585,25.3515],[64.0582,25.3549],[64.0618,25.3585],[64.064,25.3585],[64.0651,25.3537],[64.0687,25.3537],[64.0685,25.3521],[64.0704,25.3532],[64.0721,25.351],[64.0671,25.3429],[64.0674,25.339],[64.0646,25.3329],[64.0574,25.3271],[64.0537,25.3262],[64.0365,25.3243],[64.004,25.3318],[63.8901,25.3415],[63.8546,25.3496],[63.7779,25.3715],[63.7335,25.3804],[63.6929,25.386],[63.6579,25.3849],[63.6493,25.3838],[63.6446,25.3807],[63.6046,25.3774],[63.5921,25.3749],[63.5846,25.371],[63.5735,25.3682],[63.569,25.3635],[63.5604,25.3593],[63.5574,25.3549],[63.526,25.3451],[63.5062,25.3338],[63.4963,25.326],[63.4935,25.3204],[63.4857,25.3132],[63.4821,25.3074],[63.4821,25.2929],[63.4782,25.2865],[63.4671,25.2862],[63.4674,25.2849],[63.4649,25.2849],[63.4507,25.2985],[63.4557,25.2913],[63.4663,25.2824],[63.4776,25.2824],[63.4735,25.2738],[63.4779,25.2713],[63.4768,25.266],[63.4782,25.2654],[63.4782,25.2626],[63.4815,25.2632],[63.4793,25.261],[63.4765,25.2621],[63.4746,25.2574],[63.4743,25.2501],[63.4779,25.2424],[63.4921,25.2307],[63.4999,25.2301],[63.506,25.226],[63.506,25.2232],[63.5032,25.2204],[63.5007,25.2207],[63.4926,25.2165],[63.4912,25.2121],[63.4926,25.2101],[63.4963,25.2099],[63.4968,25.2062],[63.4951,25.2054],[63.4535,25.2104],[63.4335,25.2151],[63.3701,25.2257],[63.2893,25.2329],[63.2507,25.2396],[63.2074,25.244],[63.1615,25.2529],[63.1251,25.2579],[63.1071,25.2571],[63.0899,25.254],[63.0829,25.2504],[63.0774,25.2432],[63.0793,25.2332],[63.0579,25.229],[63.0426,25.2226],[63.0232,25.2229],[63.0129,25.2171],[63.0101,25.211],[63.0046,25.2104],[62.9837,25.2124],[62.9663,25.2176],[62.9374,25.2237],[62.9324,25.2235],[62.931,25.2251],[62.8899,25.2346],[62.7926,25.2518],[62.7818,25.2521],[62.7765,25.2488],[62.7585,25.2499],[62.7551,25.2476],[62.7007,25.2576],[62.614,25.269],[62.5768,25.2707],[62.531,25.2679],[62.4863,25.2615],[62.474,25.2574],[62.4626,25.2468],[62.4582,25.236],[62.461,25.2271],[62.4746,25.2257],[62.4732,25.2218],[62.426,25.2168],[62.3899,25.2051],[62.366,25.1921],[62.3468,25.1746],[62.3379,25.164],[62.3301,25.1507],[62.3271,25.1321],[62.3285,25.1185],[62.3312,25.1143],[62.3363,25.1149],[62.3324,25.1126],[62.3324,25.1107],[62.3351,25.1063],[62.3404,25.1038],[62.346,25.104],[62.3554,25.1093],[62.361,25.1082],[62.3649,25.1051],[62.3846,25.1049],[62.3854,25.1013],[62.3838,25.0985],[62.3774,25.0968],[62.3746,25.094],[62.3696,25.0965],[62.3587,25.0921],[62.3488,25.0935],[62.3074,25.0938],[62.2985,25.0968],[62.2693,25.0985],[62.2654,25.1032],[62.2588,25.104],[62.2565,25.1065],[62.286,25.1101],[62.291,25.1168],[62.301,25.1176],[62.3049,25.1196],[62.3099,25.1179],[62.3112,25.1196],[62.3174,25.1201],[62.3199,25.1315],[62.3196,25.1463],[62.3151,25.1612],[62.3015,25.1801],[62.2918,25.1887],[62.2724,25.2021],[62.2507,25.2113],[62.2396,25.2143],[62.2171,25.2185],[62.1979,25.2201],[62.1676,25.2207],[62.1485,25.2182],[62.1263,25.2138],[62.0915,25.2026],[62.0699,25.1893],[62.0599,25.1774],[62.0529,25.1621],[62.0526,25.1529],[62.0549,25.1507],[62.0657,25.1485],[62.0738,25.1421],[62.0757,25.1365],[62.0713,25.1257],[62.0718,25.1193],[62.0754,25.1162],[62.0832,25.1168],[62.0838,25.1051],[62.0865,25.1029],[62.0932,25.1021],[62.094,25.1001],[62.066,25.1038],[61.9654,25.1115],[61.9226,25.1107],[61.8943,25.1054],[61.8729,25.0987],[61.864,25.091],[61.8629,25.0865],[61.8649,25.0818],[61.8693,25.081],[61.8715,25.0768],[61.8593,25.0704],[61.8565,25.0632],[61.8574,25.0526],[61.8554,25.0471],[61.8565,25.041],[61.854,25.0368],[61.8451,25.0332],[61.8401,25.0338],[61.8357,25.0312],[61.8299,25.0312],[61.8274,25.0296],[61.8185,25.029],[61.8151,25.0304],[61.7982,25.026],[61.7943,25.0263],[61.7935,25.0235],[61.7912,25.0215],[61.7896,25.0221],[61.7874,25.0185],[61.7815,25.0168],[61.779,25.0143],[61.7771,25.0149],[61.7768,25.0185],[61.754,25.0168],[61.746,25.0207],[61.7429,25.0204],[61.7418,25.0187],[61.7368,25.0193],[61.7349,25.0218],[61.7321,25.0221],[61.7304,25.0263],[61.7249,25.031],[61.7271,25.0304],[61.7313,25.0354],[61.7299,25.044],[61.734,25.0471],[61.7407,25.0474],[61.7426,25.0504],[61.7404,25.0654],[61.7368,25.0688],[61.736,25.0724],[61.7493,25.0807],[61.7621,25.0849],[61.769,25.0912],[61.7676,25.1024],[61.7649,25.1099],[61.7582,25.1199],[61.7593,25.1232],[61.7579,25.1257],[61.754,25.1293],[61.7482,25.1282],[61.746,25.1257],[61.7443,25.1276],[61.749,25.1326],[61.7582,25.1318],[61.761,25.1293],[61.7632,25.1312],[61.7676,25.1315],[61.7718,25.1396],[61.7796,25.1424],[61.7774,25.1449],[61.7782,25.1537],[61.7724,25.1588],[61.7724,25.1604],[61.7732,25.1618],[61.781,25.1612],[61.7824,25.1646],[61.7815,25.1696],[61.7793,25.1685],[61.7804,25.1657],[61.7793,25.1635],[61.7729,25.1629],[61.7713,25.1607],[61.771,25.1582],[61.7765,25.1537],[61.776,25.1429],[61.7693,25.1396],[61.7665,25.1346],[61.761,25.1371],[61.7613,25.1385],[61.7538,25.1349],[61.7446,25.1351],[61.7463,25.1454],[61.7418,25.1504],[61.7332,25.1526],[61.7304,25.1568],[61.7215,25.1588],[61.7218,25.1571],[61.726,25.156],[61.7301,25.1521],[61.7326,25.1526],[61.7354,25.149],[61.7412,25.1463],[61.744,25.1437],[61.744,25.1418],[61.7374,25.141],[61.7315,25.1424],[61.709,25.1563],[61.6871,25.1638],[61.6696,25.1657],[61.6715,25.1782],[61.6643,25.1857],[61.6626,25.1904],[61.6721,25.1907],[61.6776,25.189],[61.6782,25.1796],[61.6829,25.1787],[61.6929,25.1899],[61.701,25.1924],[61.7026,25.196],[61.6954,25.2082],[61.6963,25.2104],[61.7285,25.2354],[61.7332,25.2421],[61.7349,25.2546],[61.7287,25.256],[61.7332,25.2524],[61.7337,25.2493],[61.7315,25.241],[61.7274,25.2357],[61.6943,25.2096],[61.7001,25.1963],[61.7001,25.1932],[61.6946,25.1924],[61.6888,25.1885],[61.6821,25.181],[61.679,25.1818],[61.6796,25.1876],[61.6782,25.191],[61.6696,25.1926],[61.6615,25.1913],[61.661,25.1877],[61.6679,25.179],[61.6688,25.1732],[61.6671,25.1715],[61.6585,25.1707],[61.6254,25.176],[61.5821,25.1776],[61.5776,25.1793],[61.5768,25.1843],[61.5899,25.1837],[61.5987,25.1868],[61.6105,25.195]]],[[[64.0938,25.3226],[64.0957,25.3229],[64.096,25.3224],[64.0921,25.3221],[64.0938,25.3226]]],[[[64.1035,25.3254],[64.1007,25.3251],[64.0999,25.3235],[64.0968,25.3229],[64.0999,25.326],[64.1035,25.3254]]],[[[64.1396,25.3996],[64.1407,25.3985],[64.1387,25.3971],[64.1363,25.4001],[64.1396,25.3996]]]]}},{"type":"Feature","properties":{"district_id":"pk-balochistan-nasirabad","name":"Nasirabad","country":"PAK","province":"Balochistan"},"geometry":{"type":"MultiPolygon","coordinates":[[[[68.5603,28.5912],[68.6497,28.5406],[68.8299,28.4682],[68.927,28.456],[69.0087,28.4549],[68.7382,28.4461],[68.6569,28.4474],[68.5477,28.4447],[68.5039,28.4457],[68.4657,28.4393],[68.4306,28.4194],[68.4073,28.3964],[68.3857,28.3483],[68.3674,28.3156],[68.3168,28.2888],[68.2579,28.2752],[68.198,28.2516],[68.1579,28.211],[68.1089,28.1772],[68.0861,28.1554],[68.0396,28.1224],[67.9931,28.1036],[67.9614,28.0717],[67.9518,28.0464],[67.9392,28.0252],[67.9237,28.011],[67.8398,27.9826],[67.8114,27.9623],[67.7592,27.9437],[67.7105,27.9335],[67.6605,27.9299],[67.5469,27.9094],[67.468,27.9027],[67.4373,27.9026],[67.4241,27.8918],[67.4151,27.901],[67.4052,27.9162],[67.3984,27.9403],[67.4061,27.9678],[67.4183,28.0021],[67.4155,28.0219],[67.4093,28.0393],[67.4125,28.0549],[67.4154,28.1016],[67.4002,28.1292],[67.4038,28.1873],[67.3981,28.2465],[67.3903,28.2873],[67.3787,28.3195],[67.3741,28.3553],[67.3537,28.3806],[67.3484,28.415],[67.3293,28.4345],[67.2977,28.4347],[67.2543,28.4468],[67.2491,28.4563],[67.2412,28.4779],[67.2283,28.4908],[67.186,28.4914],[67.1888,28.5029],[67.2204,28.5252],[67.2366,28.5392],[67.2422,28.5541],[67.2466,28.5838],[67.2476,28.631],[67.2559,28.6654],[67.2671,28.725],[67.2697,28.7497],[67.2656,28.7802],[67.2736,28.8026],[67.2925,28.8193],[67.3141,28.8443],[67.3384,28.8657],[67.3582,28.9034],[67.3733,28.9765],[67.3842,29.0176],[67.3968,29.0376],[67.4327,29.071],[67.4449,29.0993],[67.4496,29.129],[67.453,29.1785],[67.4514,29.1999],[67.4629,29.2328],[67.4748,29.297],[67.4946,29.3273],[67.5171,29.3557],[67.5289,29.3771],[67.5022,29.4007],[67.479,29.4266],[67.4639,29.4554],[67.4394,29.4956],[67.4368,29.53],[67.4133,29.62],[67.3959,29.679],[67.3606,29.7624],[67.3436,29.7885],[67.327,29.7958],[67.3181,29.792],[67.3115,29.7843],[67.2967,29.7614],[67.2633,29.7272],[67.2472,29.7266],[67.239,29.7417],[67.234,29.7558],[67.2303,29.7733],[67.2188,29.8001],[67.2133,29.9172],[67.2204,29.9501],[67.2529,29.9735],[67.2709,29.9713],[67.3216,29.9551],[67.3728,29.9635],[67.392,29.9689],[67.4056,29.9783],[67.4134,29.991],[67.4182,30.0277],[67.4239,30.0393],[67.4402,30.0564],[67.4461,30.031],[67.449,30.0064],[67.4488,29.9938],[67.4667,29.9726],[67.4774,29.9639],[67.4913,29.9433],[67.4939,29.9333],[67.5107,29.9126],[67.5239,29.9065],[67.5162,29.8897],[67.4984,29.8813],[67.4869,29.8724],[67.4894,29.8424],[67.5017,29.8258],[67.5175,29.8088],[67.527,29.7765],[67.5268,29.7473],[67.5325,29.7184],[67.5434,29.6951],[67.5441,29.6756],[67.5496,29.6469],[67.5573,29.6332],[67.5766,29.6288],[67.6094,29.6265],[67.6315,29.6329],[67.6535,29.6363],[67.6651,29.6352],[67.6843,29.6306],[67.6926,29.618],[67.6889,29.5859],[67.6924,29.5775],[67.7445,29.5877],[67.7667,29.5978],[67.7751,29.5878],[67.7794,29.5691],[67.7878,29.5475],[67.792,29.5302],[67.7968,29.4964],[67.8237,29.4593],[67.8593,29.4382],[67.8709,29.4234],[67.8809,29.4034],[67.8831,29.3773],[67.8808,29.3529],[67.8845,29.337],[67.8936,29.3267],[67.9033,29.3231],[67.9224,29.3259],[67.9612,29.3412],[67.9785,29.3524],[67.9886,29.362],[67.997,29.3641],[68.0386,29.3443],[68.0984,29.3213],[68.1256,29.3264],[68.1499,29.3378],[68.1703,29.3522],[68.178,29.3618],[68.3535,29.2417],[68.4624,29.1929],[68.4231,29.1943],[68.3564,29.2001],[68.3247,29.2052],[68.3086,29.2058],[68.2963,29.2029],[68.2902,29.1985],[68.2845,29.1876],[68.2825,29.1731],[68.2836,29.1617],[68.2898,29.1487],[68.302,29.1367],[68.3186,29.1262],[68.3309,29.1156],[68.3869,29.055],[68.3979,29.0275],[68.3998,28.995],[68.4101,28.9235],[68.4339,28.8326],[68.4415,28.7269],[68.4566,28.6588],[68.4845,28.6258],[68.5603,28.5912]]]]}},{"type":"Feature","properties":{"district_id":"pk-balochistan-quetta","name":"Quetta","country":"PAK","province":"Balochistan"},"geometry":{"type":"MultiPolygon","coordinates":[[[[62.7063,29.3985],[62.7677,29.4058],[62.8486,29.4123],[63.0549,29.4366],[63.1018,29.4396],[63.1162,29.4426],[63.1318,29.4437],[63.1476,29.4425],[63.1715,29.4467],[63.1969,29.4474],[63.2373,29.4472],[63.2576,29.4423],[63.2974,29.4422],[63.3363,29.447],[63.3433,29.4492],[63.3589,29.4586],[63.3748,29.4623],[63.4247,29.4659],[63.47,29.4662],[63.4943,29.4699],[63.5109,29.4702],[63.5319,29.4731],[63.5893,29.4732],[63.6258,29.4694],[63.66,29.4723],[63.6649,29.4764],[63.8204,29.4527],[63.8329,29.4523],[63.8931,29.4377],[63.911,29.4359],[63.9695,29.4258],[63.9911,29.4167],[64.0027,29.4154],[64.0107,29.4075],[64.0295,29.4001],[64.0383,29.3921],[64.0435,29.3915],[64.0476,29.3929],[64.0658,29.3859],[64.0702,29.3832],[64.0801,29.3712],[64.0938,29.3643],[64.1137,29.3619],[64.1408,29.3621],[64.1566,29.3702],[64.174,29.3983],[64.1753,29.4042],[64.1733,29.4205],[64.1645,29.4342],[64.1672,29.4413],[64.1743,29.4506],[64.1887,29.4619],[64.2427,29.4789],[64.253,29.4877],[64.2633,29.5034],[64.2701,29.506],[64.2896,29.5064],[64.2995,29.5092],[64.3261,29.5051],[64.3422,29.51],[64.3639,29.5195],[64.4007,29.5307],[64.4226,29.5308],[64.4462,29.5372],[64.4466,29.5597],[64.4555,29.564],[64.4876,29.5718],[64.5323,29.5759],[64.6319,29.5811],[64.7621,29.5711],[64.8217,29.5641],[64.9179,29.5568],[64.9276,29.5621],[64.9491,29.5671],[64.9614,29.5671],[64.9833,29.558],[65.0107,29.5501],[65.0434,29.5346],[65.067,29.5362],[65.0971,29.5428],[65.2759,29.5916],[65.3697,29.6156],[65.4413,29.6362],[65.5225,29.6561],[65.6109,29.681],[65.7869,29.7253],[65.7863,29.7006],[65.8153,29.7106],[65.8507,29.7264],[65.8751,29.7433],[65.8879,29.7423],[65.9038,29.747],[65.9106,29.7462],[65.9635,29.7595],[65.9948,29.7645],[65.9988,29.7662],[66.0023,29.7789],[66.0406,29.7821],[66.0563,29.7869],[66.1049,29.7959],[66.1349,29.8061],[66.1907,29.8205],[66.2035,29.8275],[66.2402,29.8329],[66.2665,29.842],[66.2862,29.8597],[66.2896,29.8637],[66.2745,29.8789],[66.3132,29.9109],[66.3189,29.9127],[66.3302,29.925],[66.3456,29.9501],[66.3569,29.9583],[66.3619,29.9681],[66.3601,29.9732],[66.3004,30.0163],[66.2885,30.0223],[66.2417,30.0551],[66.2382,30.0664],[66.2384,30.0841],[66.2573,30.1107],[66.2581,30.1161],[66.2693,30.12],[66.2707,30.1256],[66.2727,30.1271],[66.2863,30.1287],[66.2938,30.1336],[66.2972,30.1372],[66.3031,30.1487],[66.3033,30.1548],[66.2971,30.1693],[66.2967,30.1763],[66.3079,30.1996],[66.3262,30.223],[66.3329,30.2409],[66.3302,30.26],[66.3316,30.2704],[66.3407,30.2792],[66.3488,30.2953],[66.3494,30.3045],[66.3556,30.331],[66.3543,30.3392],[66.3495,30.344],[66.3489,30.3467],[66.3522,30.3612],[66.3533,30.3878],[66.3579,30.4013],[66.3635,30.4118],[66.3801,30.4353],[66.375,30.4401],[66.3587,30.45],[66.3567,30.4546],[66.365,30.4669],[66.3723,30.4709],[66.3752,30.4744],[66.3707,30.4796],[66.3629,30.4965],[66.3476,30.4997],[66.3401,30.5119],[66.335,30.5135],[66.3171,30.514],[66.3113,30.5169],[66.3065,30.5215],[66.2981,30.5245],[66.2955,30.5298],[66.2949,30.5377],[66.3059,30.5553],[66.303,30.5601],[66.3026,30.5712],[66.3154,30.6124],[66.3218,30.6446],[66.3416,30.682],[66.3573,30.7028],[66.3704,30.7236],[66.3841,30.7555],[66.3819,30.761],[66.3594,30.7822],[66.3595,30.7874],[66.389,30.8379],[66.3996,30.8478],[66.4051,30.8504],[66.4244,30.8523],[66.4292,30.8549],[66.4409,30.8716],[66.4507,30.8819],[66.4578,30.896],[66.4707,30.9064],[66.4815,30.9186],[66.4755,30.9219],[66.458,30.9221],[66.4538,30.9275],[66.4556,30.9343],[66.4622,30.9397],[66.4697,30.9429],[66.4821,30.9445],[66.4993,30.9451],[66.5267,30.9428],[66.578,30.9551],[66.5922,30.9606],[66.6119,30.9816],[66.6283,30.9896],[66.6326,30.9945],[66.6352,31.0106],[66.643,31.0195],[66.6521,31.0344],[66.6968,31.0621],[66.6982,31.0663],[66.6965,31.0716],[66.6969,31.0758],[66.7095,31.0978],[66.7102,31.1036],[66.7084,31.1165],[66.7229,31.1268],[66.7264,31.1489],[66.7407,31.1918],[66.7306,31.2122],[66.7579,31.2097],[66.7762,31.2098],[66.7929,31.2131],[66.8021,31.2192],[66.835,31.2643],[66.8566,31.2785],[66.9023,31.2962],[66.9342,31.3056],[66.9691,31.3126],[67.0131,31.3116],[67.0117,31.3027],[67.0065,31.2934],[67.0359,31.2953],[67.0406,31.293],[67.0423,31.2871],[67.0385,31.2797],[67.0286,31.27],[67.0151,31.2521],[67.0141,31.2358],[67.0166,31.2304],[67.0534,31.2074],[67.0678,31.2021],[67.0882,31.2071],[67.1027,31.2147],[67.1167,31.2133],[67.1283,31.2089],[67.1592,31.2101],[67.1664,31.2087],[67.1873,31.2003],[67.2183,31.1994],[67.2467,31.1924],[67.2659,31.1829],[67.2849,31.1819],[67.3063,31.1826],[67.3816,31.1962],[67.4561,31.2055],[67.4685,31.2033],[67.4848,31.1913],[67.5088,31.1828],[67.5436,31.1883],[67.5621,31.1972],[67.5785,31.1924],[67.5941,31.1752],[67.6167,31.1404],[67.6347,31.1416],[67.6546,31.1471],[67.68,31.14],[67.6939,31.1314],[67.7124,31.1277],[67.7531,31.1274],[67.7796,31.1341],[67.8288,31.1373],[67.8371,31.1374],[67.8418,31.1315],[67.8404,31.1227],[67.8422,31.112],[67.8415,31.1005],[67.8339,31.0824],[67.8324,31.0711],[67.8147,31.065],[67.7727,31.0584],[67.7497,31.037],[67.7421,31.0243],[67.7434,31.0064],[67.6693,30.9263],[67.6402,30.9005],[67.6136,30.8864],[67.5958,30.8838],[67.5737,30.8702],[67.5493,30.8585],[67.5147,30.8567],[67.5003,30.8524],[67.488,30.8378],[67.4842,30.8161],[67.4855,30.7989],[67.4953,30.7743],[67.4938,30.7639],[67.4854,30.7556],[67.4821,30.7393],[67.4835,30.7189],[67.4689,30.705],[67.4544,30.6995],[67.4464,30.6945],[67.4565,30.6876],[67.4807,30.6902],[67.4891,30.6798],[67.5023,30.6793],[67.5087,30.6601],[67.5172,30.6521],[67.5812,30.6557],[67.6121,30.6516],[67.6354,30.6607],[67.6594,30.6598],[67.6707,30.6678],[67.6888,30.6713],[67.7067,30.6663],[67.7146,30.6563],[67.7081,30.6447],[67.6991,30.6348],[67.7053,30.6279],[67.7256,30.6124],[67.7337,30.5876],[67.729,30.5895],[67.6883,30.5836],[67.6531,30.5857],[67.6268,30.5781],[67.6251,30.5622],[67.6217,30.5516],[67.6002,30.5288],[67.584,30.5314],[67.554,30.5401],[67.5124,30.5543],[67.4679,30.5804],[67.4446,30.5824],[67.4193,30.5747],[67.3256,30.5266],[67.3158,30.5094],[67.3183,30.4961],[67.3157,30.4839],[67.3042,30.4755],[67.2919,30.4606],[67.2838,30.4433],[67.2556,30.4269],[67.2562,30.4102],[67.2513,30.3928],[67.2505,30.3806],[67.2374,30.3776],[67.2257,30.3719],[67.2229,30.3609],[67.2352,30.3468],[67.2572,30.3278],[67.276,30.3174],[67.2906,30.3201],[67.3083,30.3153],[67.322,30.3021],[67.3194,30.2827],[67.3064,30.2656],[67.2781,30.2531],[67.2631,30.2365],[67.265,30.2311],[67.2532,30.2202],[67.2434,30.2208],[67.2302,30.2131],[67.1937,30.1852],[67.154,30.1722],[67.1282,30.1717],[67.1117,30.1658],[67.1001,30.1544],[67.0864,30.121],[67.0834,30.1033],[67.0537,30.0971],[67.0305,30.0845],[67.0286,30.0634],[67.0291,30.0479],[66.9955,30.0423],[66.9534,30.0495],[66.9197,30.0405],[66.8866,30.0244],[66.8649,30.0261],[66.8588,30.0353],[66.8626,30.0459],[66.8674,30.0687],[66.856,30.0755],[66.8468,30.0851],[66.8428,30.1015],[66.8372,30.1158],[66.8069,30.1191],[66.7844,30.1333],[66.7632,30.1496],[66.747,30.1489],[66.7311,30.1374],[66.7256,30.1225],[66.7214,30.0948],[66.7139,30.0711],[66.6751,30.0309],[66.6726,30.0098],[66.6712,29.9755],[66.6597,29.9475],[66.6391,29.9223],[66.6125,29.9024],[66.6207,29.87],[66.6081,29.8281],[66.5958,29.8132],[66.5762,29.8008],[66.5519,29.8006],[66.5367,29.8038],[66.5251,29.8145],[66.5045,29.838],[66.4895,29.8463],[66.4085,29.8509],[66.3785,29.8483],[66.3371,29.7909],[66.3378,29.7586],[66.3478,29.7235],[66.3402,29.7015],[66.3374,29.6863],[66.3598,29.6624],[66.3652,29.6274],[66.3533,29.5859],[66.3298,29.5689],[66.3213,29.5512],[66.3196,29.5084],[66.3135,29.4869],[66.2784,29.4272],[66.2376,29.396],[66.1996,29.381],[66.1893,29.3514],[66.1764,29.3678],[66.167,29.3736],[66.1497,29.3632],[66.1311,29.3451],[66.1182,29.3235],[66.1156,29.3078],[66.0991,29.2825],[66.0442,29.2351],[66.0178,29.2174],[65.9719,29.1911],[65.9631,29.1777],[65.9419,29.1648],[65.8811,29.1595],[65.8243,29.1574],[65.7579,29.1618],[65.7241,29.1612],[65.7117,29.158],[65.6937,29.1421],[65.6875,29.1307],[65.6834,29.113],[65.6778,29.1064],[65.6658,29.098],[65.6387,29.0955],[65.6169,29.0844],[65.6098,29.0778],[65.6078,29.064],[65.6051,29.0591],[65.6019,29.0546],[65.5934,29.0491],[65.5695,29.0591],[65.5445,29.0642],[65.5168,29.0644],[65.4778,29.0563],[65.459,29.045],[65.4518,29.043],[65.4192,29.0118],[65.4085,29.0039],[65.3883,28.9947],[65.3766,28.9927],[65.3673,28.9883],[65.3584,28.9784],[65.3467,28.9575],[65.3345,28.9482],[65.3156,28.9391],[65.3083,28.9371],[65.2955,28.9359],[65.2881,28.937],[65.2819,28.9352],[65.275,28.9291],[65.2714,28.9188],[65.2641,28.9094],[65.2586,28.9072],[65.2369,28.9047],[65.2207,28.9005],[65.2022,28.8713],[65.1961,28.8657],[65.1844,28.8452],[65.1796,28.8421],[65.1692,28.8382],[65.1532,28.8363],[65.0939,28.842],[65.0774,28.8396],[65.0577,28.833],[65.0312,28.7997],[65.0225,28.7719],[65.0152,28.7608],[64.9964,28.7458],[64.9821,28.7418],[64.9726,28.7361],[64.9452,28.7116],[64.9329,28.7109],[64.9252,28.7131],[64.9079,28.7216],[64.894,28.7241],[64.8647,28.7229],[64.8362,28.7311],[64.8314,28.735],[64.8238,28.7349],[64.8047,28.7275],[64.7882,28.7191],[64.7543,28.7133],[64.7311,28.6927],[64.7195,28.6876],[64.7008,28.6761],[64.6899,28.6722],[64.6677,28.6773],[64.6609,28.6772],[64.6481,28.6686],[64.6378,28.6703],[64.6318,28.6801],[64.6198,28.685],[64.6121,28.6819],[64.5939,28.669],[64.5753,28.6498],[64.5538,28.636],[64.5418,28.6327],[64.5321,28.6335],[64.5138,28.6315],[64.4951,28.6256],[64.4477,28.6017],[64.4379,28.5945],[64.437,28.5815],[64.4332,28.5682],[64.4237,28.5613],[64.4103,28.5448],[64.4016,28.5407],[64.3866,28.5414],[64.353,28.5616],[64.3331,28.5707],[64.327,28.5727],[64.312,28.5734],[64.3041,28.5679],[64.2944,28.5505],[64.294,28.5215],[64.2836,28.5162],[64.2582,28.5169],[64.2496,28.5151],[64.228,28.4945],[64.2064,28.4969],[64.1786,28.4975],[64.1376,28.4949],[64.1311,28.4922],[64.1237,28.486],[64.1112,28.4679],[64.1063,28.4634],[64.0888,28.4527],[64.0656,28.4508],[64.0586,28.4458],[64.0543,28.4409],[64.0481,28.4287],[64.0457,28.4149],[64.0403,28.4104],[64.0295,28.4137],[64.0198,28.4209],[64.0065,28.4191],[63.9885,28.4092],[63.9814,28.4086],[63.9567,28.4126],[63.9374,28.4085],[63.9194,28.3965],[63.9074,28.378],[63.9023,28.3749],[63.898,28.3681],[63.8752,28.3498],[63.8493,28.3339],[63.8218,28.3137],[63.8156,28.3113],[63.7884,28.3035],[63.737,28.2945],[63.7213,28.2948],[63.6915,28.2929],[63.6816,28.2908],[63.6534,28.2912],[63.6456,28.2948],[63.5943,28.2968],[63.5807,28.3022],[63.553,28.3026],[63.4744,28.2848],[63.4388,28.2742],[63.4308,28.2703],[63.4068,28.2673],[63.3555,28.2673],[63.3332,28.2692],[63.3015,28.2874],[63.2907,28.2953],[63.2353,28.1875],[63.2129,28.1915],[63.2072,28.1897],[63.1433,28.1532],[63.1089,28.1224],[63.0754,28.1025],[63.0621,28.0995],[62.9807,28.0213],[62.9758,28.0161],[62.9583,27.9884],[62.93,27.9633],[62.906,27.9512],[62.8969,27.9404],[62.8866,27.9251],[62.8777,27.9075],[62.8709,27.8993],[62.8436,27.8923],[62.8221,27.8909],[62.8024,27.8859],[62.7975,27.9145],[62.7901,27.9781],[62.7718,28.0151],[62.7682,28.0324],[62.7808,28.1029],[62.7966,28.2089],[62.7919,28.2771],[62.7869,28.2812],[62.5923,28.2551],[62.5731,28.2785],[62.5416,28.31],[62.516,28.3223],[62.5029,28.3313],[62.4723,28.3761],[62.4397,28.4071],[62.3725,28.438],[62.35,28.4412],[62.2963,28.4635],[62.2694,28.4665],[62.2399,28.4659],[62.2024,28.4787],[62.1705,28.4875],[62.1524,28.4895],[62.1158,28.4851],[62.0433,28.5079],[62.0158,28.5286],[61.9932,28.5408],[61.9576,28.5487],[61.9086,28.5738],[61.8701,28.5971],[61.8229,28.6327],[61.8042,28.6402],[61.7956,28.6558],[61.7775,28.6799],[61.7211,28.7382],[61.681,28.7706],[61.6657,28.7952],[61.6403,28.8216],[61.62,28.8557],[61.5736,28.914],[61.5633,28.9425],[61.5472,28.9626],[61.5043,29.0075],[61.5032,29.0192],[61.5056,29.0481],[61.5032,29.0564],[61.4789,29.0806],[61.4779,29.1028],[61.4705,29.114],[61.4586,29.1224],[61.4435,29.1281],[61.4158,29.1356],[61.4134,29.1412],[61.4148,29.1562],[61.4287,29.1938],[61.4224,29.2005],[61.3991,29.2085],[61.391,29.2136],[61.3835,29.2215],[61.3577,29.2828],[61.3734,29.3165],[61.3775,29.3353],[61.3726,29.3487],[61.3111,29.3965],[61.1926,29.5025],[61.1259,29.5729],[60.8994,29.8375],[60.9175,29.8305],[60.9486,29.8226],[60.9736,29.8184],[61.001,29.8093],[61.0182,29.8069],[61.0455,29.8003],[61.1027,29.7813],[61.1187,29.7785],[61.1673,29.7633],[61.2037,29.7493],[61.2543,29.7391],[61.2853,29.7281],[61.311,29.7234],[61.3374,29.714],[61.3859,29.7006],[61.4383,29.6827],[61.474,29.6749],[61.5344,29.6524],[61.5694,29.6416],[61.6218,29.6304],[61.6788,29.6154],[61.697,29.609],[61.7233,29.6031],[61.7579,29.5906],[61.7865,29.5826],[61.8191,29.571],[61.8483,29.5636],[61.8719,29.5549],[61.9238,29.5434],[61.9982,29.5185],[62.0004,29.5169],[62.0038,29.5078],[62.0202,29.5021],[62.0854,29.4825],[62.1351,29.4697],[62.1969,29.45],[62.2968,29.4248],[62.3155,29.4147],[62.3314,29.4118],[62.3967,29.388],[62.44,29.384],[62.4801,29.3765],[62.5035,29.3764],[62.5305,29.3821],[62.5553,29.3844],[62.5624,29.3863],[62.5632,29.3879],[62.5694,29.3857],[62.5799,29.3859],[62.7063,29.3985]]]]}},{"type":"Feature","properties":{"district_id":"pk-balochistan-sibi","name":"Sibi","country":"PAK","province":"Balochistan"},"geometry":{"type":"MultiPolygon","coordinates":[[[[68.2836,29.1617],[68.2825,29.1731],[68.2845,29.1876],[68.2902,29.1985],[68.2963,29.2029],[68.3086,29.2058],[68.3247,29.2052],[68.3564,29.2001],[68.4231,29.1943],[68.4624,29.1929],[68.3535,29.2417],[68.178,29.3618],[68.1703,29.3522],[68.1499,29.3378],[68.1256,29.3264],[68.0984,29.3213],[68.0386,29.3443],[67.997,29.3641],[67.9886,29.362],[67.9785,29.3524],[67.9612,29.3412],[67.9224,29.3259],[67.9033,29.3231],[67.8936,29.3267],[67.8845,29.337],[67.8808,29.3529],[67.8831,29.3773],[67.8809,29.4034],[67.8709,29.4234],[67.8593,29.4382],[67.8237,29.4593],[67.7968,29.4964],[67.792,29.5302],[67.7878,29.5475],[67.7794,29.5691],[67.7751,29.5878],[67.7667,29.5978],[67.7445,29.5877],[67.6924,29.5775],[67.6889,29.5859],[67.6926,29.618],[67.6843,29.6306],[67.6651,29.6352],[67.6535,29.6363],[67.6315,29.6329],[67.6094,29.6265],[67.5766,29.6288],[67.5573,29.6332],[67.5496,29.6469],[67.5441,29.6756],[67.5434,29.6951],[67.5325,29.7184],[67.5268,29.7473],[67.527,29.7765],[67.5175,29.8088],[67.5017,29.8258],[67.4894,29.8424],[67.4869,29.8724],[67.4984,29.8813],[67.5162,29.8897],[67.5239,29.9065],[67.5107,29.9126],[67.4939,29.9333],[67.4913,29.9433],[67.4774,29.9639],[67.4667,29.9726],[67.4488,29.9938],[67.449,30.0064],[67.4461,30.031],[67.4402,30.0564],[67.4468,30.0642],[67.4498,30.0798],[67.4486,30.1125],[67.4425,30.1507],[67.4294,30.1707],[67.4155,30.1739],[67.3911,30.156],[67.3615,30.1555],[67.319,30.1674],[67.2968,30.2052],[67.2851,30.2304],[67.2745,30.237],[67.2631,30.2365],[67.2781,30.2531],[67.3064,30.2656],[67.3194,30.2827],[67.322,30.3021],[67.3083,30.3153],[67.2906,30.3201],[67.276,30.3174],[67.2572,30.3278],[67.2352,30.3468],[67.2229,30.3609],[67.2257,30.3719],[67.2374,30.3776],[67.2505,30.3806],[67.2513,30.3928],[67.2562,30.4102],[67.2556,30.4269],[67.2838,30.4433],[67.2919,30.4606],[67.3042,30.4755],[67.3157,30.4839],[67.3183,30.4961],[67.3158,30.5094],[67.3256,30.5266],[67.4193,30.5747],[67.4446,30.5824],[67.4679,30.5804],[67.5124,30.5543],[67.554,30.5401],[67.584,30.5314],[67.6002,30.5288],[67.6217,30.5516],[67.6251,30.5622],[67.6268,30.5781],[67.6531,30.5857],[67.6883,30.5836],[67.729,30.5895],[67.7395,30.5852],[67.7456,30.566],[67.7395,30.5271],[67.7556,30.5105],[67.7957,30.4941],[67.8129,30.4791],[67.8224,30.4598],[67.8288,30.4385],[67.815,30.4156],[67.805,30.3941],[67.8,30.3693],[67.8147,30.3604],[67.8741,30.3489],[67.8777,30.336],[67.8747,30.3254],[67.9542,30.2886],[68.0271,30.2631],[68.0891,30.2646],[68.0991,30.2601],[68.0929,30.2439],[68.0961,30.2329],[68.1158,30.2278],[68.1393,30.2179],[68.2016,30.1784],[68.202,30.1571],[68.2131,30.1396],[68.2462,30.118],[68.3096,30.0972],[68.3291,30.0803],[68.3407,30.0663],[68.3725,30.0531],[68.3817,30.0428],[68.3829,30.0178],[68.4168,29.9909],[68.4513,29.9549],[68.5223,29.9125],[68.5554,29.9037],[68.6933,29.9118],[68.7115,29.9202],[68.7326,29.9213],[68.7732,29.9415],[68.7993,29.9579],[68.8284,29.977],[68.8624,30.0046],[68.8843,30.0131],[68.904,30.0142],[68.9367,30.0089],[68.9529,29.994],[68.9609,29.9809],[68.9785,29.9734],[69.0143,29.973],[69.0483,29.9785],[69.0985,29.9763],[69.1271,29.9894],[69.1556,30.0056],[69.2254,30.011],[69.2552,30.0111],[69.302,30.0141],[69.3289,30.0124],[69.3463,30.0354],[69.3548,30.0398],[69.367,30.0512],[69.3854,30.063],[69.4158,30.065],[69.4456,30.0748],[69.4544,30.0754],[69.4607,30.065],[69.4516,30.0398],[69.4407,30.0226],[69.4395,29.9956],[69.4262,29.9696],[69.3926,29.9261],[69.3423,29.8723],[69.3275,29.8663],[69.2632,29.8505],[69.2383,29.8331],[69.1724,29.7808],[69.134,29.7571],[69.0922,29.7433],[69.0434,29.7313],[69.034,29.7247],[69.0404,29.7044],[69.1786,29.6374],[69.1973,29.6326],[69.2486,29.624],[69.3256,29.6172],[69.3664,29.6424],[69.394,29.6618],[69.4501,29.6927],[69.4752,29.7031],[69.5021,29.7071],[69.5696,29.7091],[69.5882,29.7063],[69.6009,29.6988],[69.586,29.6722],[69.5804,29.6563],[69.566,29.6593],[69.5584,29.6515],[69.5561,29.6172],[69.565,29.544],[69.5569,29.5179],[69.5463,29.5018],[69.5383,29.482],[69.5285,29.4494],[69.528,29.4313],[69.5352,29.4268],[69.5565,29.4385],[69.5827,29.4386],[69.6098,29.4212],[69.6275,29.4031],[69.6367,29.3869],[69.6308,29.3664],[69.6171,29.3471],[69.6135,29.3332],[69.6373,29.3136],[69.6435,29.2738],[69.6729,29.2859],[69.6974,29.3008],[69.7149,29.3084],[69.7329,29.3116],[69.7361,29.2914],[69.7183,29.256],[69.7038,29.217],[69.7027,29.1724],[69.6807,29.1454],[69.6694,29.1231],[69.6724,29.1054],[69.64,29.1017],[69.6093,29.0876],[69.5948,29.065],[69.5652,29.0337],[69.5491,29.0082],[69.5415,28.9828],[69.5208,28.9783],[69.5076,28.9699],[69.4887,28.9542],[69.4636,28.9418],[69.4527,28.9241],[69.4498,28.8919],[69.4337,28.8647],[69.4475,28.8557],[69.4649,28.8552],[69.482,28.8496],[69.4864,28.8178],[69.3726,28.6135],[69.3433,28.6021],[69.3038,28.5932],[69.278,28.5806],[69.2618,28.5699],[69.2666,28.5504],[69.286,28.5208],[69.2948,28.4966],[69.3487,28.457],[69.3241,28.4536],[69.2702,28.4532],[69.1902,28.4543],[69.08,28.4604],[69.0087,28.4549],[68.927,28.456],[68.8299,28.4682],[68.6497,28.5406],[68.5603,28.5912],[68.4845,28.6258],[68.4566,28.6588],[68.4415,28.7269],[68.4339,28.8326],[68.4101,28.9235],[68.3998,28.995],[68.3979,29.0275],[68.3869,29.055],[68.3309,29.1156],[68.3186,29.1262],[68.302,29.1367],[68.2898,29.1487],[68.2836,29.1617]]]]}},{"type":"Feature","properties":{"district_id":"pk-balochistan-zhob","name":"Zhob","country":"PAK","province":"Balochistan"},"geometry":{"type":"MultiPolygon","coordinates":[[[[69.5696,29.7091],[69.5021,29.7071],[69.4752,29.7031],[69.4501,29.6927],[69.394,29.6618],[69.3664,29.6424],[69.3256,29.6172],[69.2486,29.624],[69.1973,29.6326],[69.1786,29.6374],[69.0404,29.7044],[69.034,29.7247],[69.0434,29.7313],[69.0922,29.7433],[69.134,29.7571],[69.1724,29.7808],[69.2383,29.8331],[69.2632,29.8505],[69.3275,29.8663],[69.3423,29.8723],[69.3926,29.9261],[69.4262,29.9696],[69.4395,29.9956],[69.4407,30.0226],[69.4516,30.0398],[69.4607,30.065],[69.4544,30.0754],[69.4456,30.0748],[69.4158,30.065],[69.3854,30.063],[69.367,30.0512],[69.3548,30.0398],[69.3463,30.0354],[69.3289,30.0124],[69.302,30.0141],[69.2552,30.0111],[69.2254,30.011],[69.1556,30.0056],[69.1271,29.9894],[69.0985,29.9763],[69.0483,29.9785],[69.0143,29.973],[68.9785,29.9734],[68.9609,29.9809],[68.9529,29.994],[68.9367,30.0089],[68.904,30.0142],[68.8843,30.0131],[68.8624,30.0046],[68.8284,29.977],[68.7993,29.9579],[68.7732,29.9415],[68.7326,29.9213],[68.7115,29.9202],[68.6933,29.9118],[68.5554,29.9037],[68.5223,29.9125],[68.4513,29.9549],[68.4168,29.9909],[68.3829,30.0178],[68.3817,30.0428],[68.3725,30.0531],[68.3407,30.0663],[68.3291,30.0803],[68.3096,30.0972],[68.2462,30.118],[68.2131,30.1396],[68.202,30.1571],[68.2016,30.1784],[68.1393,30.2179],[68.1158,30.2278],[68.0961,30.2329],[68.0929,30.2439],[68.0991,30.2601],[68.0891,30.2646],[68.0271,30.2631],[67.9542,30.2886],[67.8747,30.3254],[67.8777,30.336],[67.8741,30.3489],[67.8147,30.3604],[67.8,30.3693],[67.805,30.3941],[67.815,30.4156],[67.8288,30.4385],[67.8224,30.4598],[67.8129,30.4791],[67.7957,30.4941],[67.7556,30.5105],[67.7395,30.5271],[67.7456,30.566],[67.7395,30.5852],[67.7337,30.5876],[67.7256,30.6124],[67.7053,30.6279],[67.6991,30.6348],[67.7081,30.6447],[67.7146,30.6563],[67.7067,30.6663],[67.6888,30.6713],[67.6707,30.6678],[67.6594,30.6598],[67.6354,30.6607],[67.6121,30.6516],[67.5812,30.6557],[67.5172,30.6521],[67.5087,30.6601],[67.5023,30.6793],[67.4891,30.6798],[67.4807,30.6902],[67.4565,30.6876],[67.4464,30.6945],[67.4544,30.6995],[67.4689,30.705],[67.4835,30.7189],[67.4821,30.7393],[67.4854,30.7556],[67.4938,30.7639],[67.4953,30.7743],[67.4855,30.7989],[67.4842,30.8161],[67.488,30.8378],[67.5003,30.8524],[67.5147,30.8567],[67.5493,30.8585],[67.5737,30.8702],[67.5958,30.8838],[67.6136,30.8864],[67.6402,30.9005],[67.6693,30.9263],[67.7434,31.0064],[67.7421,31.0243],[67.7497,31.037],[67.7727,31.0584],[67.8147,31.065],[67.8324,31.0711],[67.8339,31.0824],[67.8415,31.1005],[67.8422,31.112],[67.8404,31.1227],[67.8418,31.1315],[67.8371,31.1374],[67.7796,31.1341],[67.7531,31.1274],[67.7124,31.1277],[67.6939,31.1314],[67.68,31.14],[67.6546,31.1471],[67.6347,31.1416],[67.6167,31.1404],[67.5941,31.1752],[67.5785,31.1924],[67.5621,31.1972],[67.5436,31.1883],[67.5088,31.1828],[67.4848,31.1913],[67.4685,31.2033],[67.4561,31.2055],[67.3945,31.1981],[67.4272,31.2068],[67.4458,31.2093],[67.5046,31.2276],[67.4719,31.2389],[67.4907,31.2421],[67.5392,31.2636],[67.571,31.2708],[67.5747,31.2729],[67.5906,31.274],[67.6029,31.2727],[67.6204,31.2764],[67.6583,31.2915],[67.6917,31.3137],[67.7071,31.3202],[67.7177,31.3234],[67.7312,31.3232],[67.7628,31.3276],[67.7748,31.3336],[67.7855,31.3439],[67.7898,31.3566],[67.7858,31.3746],[67.7788,31.3901],[67.7713,31.3999],[67.764,31.4034],[67.7604,31.4075],[67.7505,31.4135],[67.7409,31.4148],[67.6601,31.3972],[67.6441,31.3968],[67.6338,31.4007],[67.6277,31.4134],[67.6054,31.4185],[67.5976,31.4268],[67.5947,31.4343],[67.5991,31.4537],[67.5986,31.4596],[67.591,31.4796],[67.5757,31.5051],[67.555,31.522],[67.554,31.5288],[67.5595,31.5324],[67.5696,31.5347],[67.5951,31.5344],[67.5947,31.5262],[67.5986,31.5101],[67.61,31.5045],[67.6176,31.51],[67.6213,31.5108],[67.65,31.5108],[67.6669,31.5054],[67.7107,31.5001],[67.7284,31.5042],[67.7347,31.5072],[67.7579,31.5212],[67.7623,31.5303],[67.762,31.5354],[67.7645,31.5405],[67.7709,31.5469],[67.7949,31.564],[67.8064,31.569],[67.8168,31.5776],[67.8297,31.5838],[67.8408,31.5953],[67.8611,31.6085],[67.8794,31.6122],[67.9127,31.6225],[67.9679,31.629],[68.0034,31.6461],[68.0227,31.6646],[68.0535,31.6768],[68.0697,31.6903],[68.0726,31.6951],[68.0756,31.7124],[68.0938,31.7322],[68.1045,31.7402],[68.1217,31.7475],[68.1087,31.753],[68.1167,31.7587],[68.1404,31.7981],[68.1444,31.8012],[68.1541,31.8174],[68.1689,31.8342],[68.1718,31.8226],[68.1775,31.8145],[68.2413,31.8064],[68.2594,31.8015],[68.251,31.7853],[68.2722,31.7651],[68.2866,31.757],[68.372,31.7585],[68.4218,31.7574],[68.4361,31.7471],[68.4453,31.7425],[68.4801,31.7394],[68.4904,31.7404],[68.5009,31.7383],[68.5271,31.7234],[68.5371,31.714],[68.5563,31.7148],[68.5635,31.7198],[68.5746,31.7349],[68.582,31.7503],[68.5385,31.7546],[68.4984,31.7538],[68.4637,31.7481],[68.4476,31.7579],[68.4331,31.7632],[68.4513,31.7706],[68.4672,31.7747],[68.5207,31.8012],[68.5701,31.828],[68.5821,31.8209],[68.6322,31.7783],[68.6395,31.7756],[68.6822,31.7737],[68.7018,31.7699],[68.7093,31.751],[68.7157,31.7161],[68.7139,31.7021],[68.717,31.6966],[68.7428,31.6795],[68.7519,31.6695],[68.7735,31.661],[68.7779,31.6551],[68.7827,31.6353],[68.8049,31.61],[68.8122,31.6096],[68.8219,31.605],[68.8315,31.6058],[68.8418,31.5991],[68.8483,31.5974],[68.8587,31.5983],[68.872,31.6017],[68.9006,31.6012],[68.9169,31.6047],[68.9285,31.6134],[68.9337,31.6205],[68.9444,31.6422],[68.9492,31.6458],[68.9616,31.6405],[68.9689,31.6355],[68.9783,31.6361],[68.9859,31.628],[68.9934,31.627],[69.0009,31.6282],[69.0109,31.6247],[69.021,31.6267],[69.0242,31.6421],[69.0315,31.6502],[69.0468,31.6598],[69.0665,31.6672],[69.0965,31.6936],[69.1179,31.7033],[69.121,31.7099],[69.12,31.7202],[69.1274,31.7245],[69.1353,31.7479],[69.149,31.7589],[69.1563,31.7839],[69.1747,31.8],[69.1809,31.8095],[69.1858,31.8233],[69.1923,31.83],[69.1976,31.8484],[69.2034,31.8526],[69.2106,31.8541],[69.2311,31.8626],[69.2626,31.8866],[69.2719,31.9062],[69.2777,31.9115],[69.3129,31.9248],[69.3184,31.9299],[69.3391,31.9325],[69.3605,31.9301],[69.3701,31.9305],[69.3866,31.933],[69.4417,31.9347],[69.4936,31.9396],[69.5129,31.9434],[69.5556,31.9559],[69.5829,31.9749],[69.6119,32.0102],[69.6405,32.0386],[69.6708,32.0532],[69.755,32.0732],[69.7844,32.0761],[69.8862,32.0728],[69.8943,32.0665],[69.8967,32.0596],[69.8057,32.0459],[69.7848,32.0129],[69.7839,32.0046],[69.7841,31.9818],[69.7915,31.9781],[69.792,31.971],[69.8684,31.9581],[69.8739,31.9422],[69.8692,31.9105],[69.8692,31.8924],[69.884,31.8877],[69.8691,31.8813],[69.8528,31.8687],[69.8697,31.8641],[69.8828,31.8762],[69.8875,31.8826],[69.9038,31.8939],[69.9153,31.8943],[69.9218,31.8848],[69.9184,31.874],[69.9145,31.8683],[69.909,31.8458],[69.8989,31.8224],[69.8959,31.8012],[69.8932,31.7583],[69.8992,31.7113],[69.8995,31.6906],[69.8968,31.6474],[69.8925,31.6295],[69.8882,31.5909],[69.89,31.5817],[69.8745,31.5231],[69.8766,31.516],[69.8934,31.5028],[69.9167,31.4982],[69.9205,31.4919],[69.9322,31.4868],[69.9569,31.4822],[69.9681,31.4617],[69.9729,31.446],[69.9754,31.4026],[69.9834,31.3342],[69.9941,31.3121],[70.0003,31.3075],[70.0092,31.3139],[70.013,31.3348],[70.0162,31.3744],[70.0287,31.3874],[70.0355,31.4024],[70.046,31.4106],[70.0509,31.4053],[70.0574,31.4014],[70.0748,31.4055],[70.0806,31.4105],[70.0955,31.4164],[70.1188,31.4163],[70.1463,31.4448],[70.1705,31.4511],[70.176,31.4562],[70.1919,31.4789],[70.2053,31.4735],[70.209,31.4554],[70.2066,31.419],[70.2219,31.3896],[70.2229,31.3829],[70.22,31.3705],[70.2076,31.3411],[70.2064,31.334],[70.2088,31.2818],[70.2085,31.2528],[70.1978,31.2076],[70.1945,31.1625],[70.1885,31.1166],[70.1943,31.0929],[70.2085,31.0698],[70.2167,31.0668],[70.243,31.0473],[70.2369,30.926],[70.2299,30.9027],[70.2242,30.8937],[70.2608,30.8883],[70.2619,30.8667],[70.2581,30.8435],[70.2243,30.8415],[70.2016,30.844],[70.1878,30.8314],[70.1793,30.8002],[70.1788,30.7749],[70.1511,30.773],[70.1271,30.7739],[70.1186,30.7383],[70.0923,30.7331],[70.0701,30.7172],[70.0641,30.6918],[70.0706,30.6539],[70.0798,30.6345],[70.0685,30.5936],[70.0334,30.55],[69.98,30.4323],[70.0018,30.4203],[70.0026,30.4011],[70.0005,30.3628],[69.9398,30.3324],[69.9201,30.2982],[69.9207,30.2821],[69.9444,30.2897],[70.0164,30.2916],[70.0483,30.2713],[69.9407,30.2512],[69.9382,30.2447],[70.0441,30.2433],[70.0414,30.2325],[70.0194,30.2103],[70.0046,30.1811],[69.9994,30.1498],[69.9658,30.1202],[69.9521,30.0995],[69.9658,30.0775],[69.9346,30.0499],[69.8908,29.996],[69.8416,29.8922],[69.8273,29.845],[69.806,29.8089],[69.7823,29.8019],[69.7591,29.7886],[69.6934,29.736],[69.6227,29.715],[69.6043,29.7049],[69.6009,29.6988],[69.5882,29.7063],[69.5696,29.7091]]]]}},{"type":"Feature","properties":{"district_id":"pk-federallyadministeredtribalar-f-a-t-a","name":"F.A.T.A.","country":"PAK","province":"FederallyAdministeredTribalAr"},"geometry":{"type":"MultiPolygon","coordinates":[[[[70.1943,31.0929],[70.1885,31.1166],[70.1889,31.1239],[70.1945,31.1625],[70.1978,31.2076],[70.2085,31.2528],[70.2088,31.2818],[70.2064,31.334],[70.2076,31.3411],[70.22,31.3705],[70.2229,31.3829],[70.2219,31.3896],[70.2066,31.419],[70.209,31.4554],[70.2053,31.4735],[70.1919,31.4789],[70.176,31.4562],[70.1705,31.4511],[70.1463,31.4448],[70.1188,31.4163],[70.0955,31.4164],[70.0806,31.4105],[70.0748,31.4055],[70.0574,31.4014],[70.0509,31.4053],[70.046,31.4106],[70.0355,31.4024],[70.0287,31.3874],[70.0162,31.3744],[70.013,31.3348],[70.0092,31.3139],[70.0003,31.3075],[69.9941,31.3121],[69.9834,31.3342],[69.9754,31.4026],[69.9729,31.446],[69.9681,31.4617],[69.9569,31.4822],[69.9322,31.4868],[69.9205,31.4919],[69.9167,31.4982],[69.8934,31.5028],[69.8766,31.516],[69.8745,31.5231],[69.89,31.5817],[69.8882,31.5909],[69.8925,31.6295],[69.8968,31.6474],[69.8995,31.6906],[69.8992,31.7113],[69.8932,31.7583],[69.8959,31.8012],[69.8989,31.8224],[69.909,31.8458],[69.9145,31.8683],[69.9184,31.874],[69.9218,31.8848],[69.9153,31.8943],[69.9038,31.8939],[69.8875,31.8826],[69.8828,31.8762],[69.8697,31.8641],[69.8528,31.8687],[69.8691,31.8813],[69.884,31.8877],[69.8692,31.8924],[69.8692,31.9105],[69.8739,31.9422],[69.8684,31.9581],[69.792,31.971],[69.7915,31.9781],[69.7841,31.9818],[69.7839,32.0046],[69.7848,32.0129],[69.8057,32.0459],[69.8967,32.0596],[69.8943,32.0665],[69.8862,32.0728],[69.7844,32.0761],[69.755,32.0732],[69.7209,32.0655],[69.6708,32.0532],[69.6405,32.0386],[69.6119,32.0102],[69.5829,31.9749],[69.5556,31.9559],[69.5129,31.9434],[69.4936,31.9396],[69.4417,31.9347],[69.3866,31.933],[69.3701,31.9305],[69.3605,31.9301],[69.3391,31.9325],[69.3184,31.9299],[69.3233,31.9405],[69.3235,31.9442],[69.3127,31.9761],[69.312,31.9861],[69.3003,31.9919],[69.2861,32.0714],[69.2895,32.0927],[69.2728,32.151],[69.2758,32.1938],[69.27,32.2721],[69.2796,32.2922],[69.2808,32.3564],[69.2502,32.414],[69.2388,32.4443],[69.2407,32.4614],[69.2702,32.5056],[69.2852,32.533],[69.3007,32.5411],[69.3261,32.5425],[69.3852,32.5666],[69.4101,32.6059],[69.4243,32.602],[69.4339,32.6164],[69.4383,32.6323],[69.4492,32.6415],[69.4562,32.6522],[69.4616,32.6561],[69.4653,32.6628],[69.4659,32.6676],[69.4506,32.6914],[69.4506,32.6969],[69.4558,32.7092],[69.4545,32.7227],[69.4519,32.7291],[69.4476,32.7349],[69.4291,32.7431],[69.4157,32.7513],[69.4059,32.7605],[69.403,32.7691],[69.4081,32.7768],[69.4206,32.787],[69.4417,32.7895],[69.4474,32.7938],[69.4678,32.8205],[69.4708,32.8392],[69.4755,32.8434],[69.4845,32.8477],[69.5109,32.8534],[69.5305,32.8612],[69.5346,32.8664],[69.5311,32.874],[69.5151,32.8863],[69.492,32.9427],[69.493,32.9662],[69.4996,33.0025],[69.504,33.018],[69.5139,33.0139],[69.5224,33.0212],[69.5289,33.0298],[69.5539,33.0487],[69.5652,33.0618],[69.5702,33.0703],[69.5892,33.0839],[69.5781,33.0953],[69.5801,33.0976],[69.617,33.0975],[69.6551,33.0953],[69.6667,33.0981],[69.6794,33.0977],[69.7046,33.0905],[69.7225,33.0931],[69.7305,33.1004],[69.7373,33.1098],[69.7464,33.1138],[69.7682,33.1155],[69.7735,33.1205],[69.7865,33.1275],[69.7991,33.1239],[69.8288,33.1047],[69.8565,33.0963],[69.8755,33.0957],[69.8924,33.1016],[69.9013,33.1013],[69.9167,33.104],[69.9288,33.1175],[69.9459,33.1287],[69.9651,33.1313],[69.9768,33.1363],[70.0185,33.1425],[70.0239,33.1446],[70.0673,33.2135],[70.0802,33.1973],[70.093,33.1933],[70.099,33.1926],[70.1368,33.1978],[70.1556,33.1979],[70.1608,33.2005],[70.1724,33.2114],[70.183,33.2183],[70.1693,33.2396],[70.1892,33.2413],[70.2083,33.2504],[70.2335,33.2688],[70.2711,33.305],[70.2905,33.3267],[70.3309,33.3274],[70.3269,33.3396],[70.3382,33.3428],[70.342,33.3491],[70.3366,33.359],[70.33,33.365],[70.3277,33.3711],[70.3284,33.3757],[70.3302,33.3786],[70.3347,33.381],[70.3361,33.3879],[70.3402,33.392],[70.3186,33.4136],[70.3146,33.4327],[70.3092,33.4382],[70.3013,33.4417],[70.2717,33.4471],[70.2647,33.4535],[70.2532,33.4736],[70.2291,33.4785],[70.225,33.4824],[70.2236,33.4959],[70.2208,33.5023],[70.2152,33.5101],[70.1978,33.524],[70.1959,33.5273],[70.1941,33.5313],[70.1945,33.5404],[70.1989,33.55],[70.1997,33.5592],[70.1982,33.5672],[70.1995,33.5718],[70.2047,33.576],[70.2104,33.5876],[70.2186,33.5964],[70.2173,33.6087],[70.2104,33.6159],[70.2167,33.6206],[70.2179,33.6285],[70.2119,33.6299],[70.2191,33.6371],[70.2181,33.6433],[70.21,33.6548],[70.2033,33.6571],[70.1778,33.6555],[70.1652,33.6588],[70.1639,33.6646],[70.1639,33.6989],[70.1604,33.7044],[70.155,33.7256],[70.1416,33.7351],[70.1217,33.7392],[70.1147,33.7365],[70.1084,33.7303],[70.0905,33.7358],[70.074,33.7347],[70.0598,33.7307],[70.0544,33.7311],[70.0422,33.7391],[70.0196,33.7438],[70.0042,33.7402],[69.9905,33.7474],[69.981,33.7558],[69.9732,33.7668],[69.9678,33.7997],[69.9704,33.8235],[69.9509,33.8439],[69.9371,33.8647],[69.9285,33.8732],[69.9178,33.8968],[69.9124,33.9048],[69.8937,33.9187],[69.8758,33.929],[69.8716,33.934],[69.8745,33.9518],[69.8802,33.959],[69.8852,33.9699],[69.8893,33.9732],[69.9052,33.9779],[69.9106,33.9841],[69.9067,34.005],[69.9084,34.0154],[69.912,34.0225],[69.928,34.0265],[69.9586,34.0293],[69.9805,34.0264],[70.0103,34.0301],[70.0476,34.0165],[70.0646,34.0042],[70.0766,33.9991],[70.1351,33.9985],[70.1691,33.9841],[70.169,33.9994],[70.1982,33.9853],[70.2238,33.9812],[70.2388,33.9731],[70.2791,33.9803],[70.2907,33.9757],[70.2979,33.9746],[70.3263,33.9632],[70.4037,33.9629],[70.4263,33.9604],[70.4303,33.9584],[70.4357,33.937],[70.4566,33.9296],[70.4904,33.9278],[70.5055,33.9289],[70.513,33.931],[70.5176,33.9342],[70.5202,33.951],[70.525,33.9523],[70.5391,33.9458],[70.5605,33.9579],[70.5939,33.9643],[70.6307,33.9569],[70.6512,33.9543],[70.6763,33.9602],[70.7011,33.961],[70.7507,33.9607],[70.7679,33.9549],[70.7802,33.9587],[70.7883,33.9678],[70.8094,33.9747],[70.8243,33.9818],[70.8511,33.9807],[70.8849,33.9768],[70.8987,33.9822],[70.9157,34.0005],[70.9179,34.0098],[70.9253,34.0121],[70.9356,34.0117],[70.9832,34.0286],[70.9987,34.0288],[71.0178,34.0366],[71.0342,34.0505],[71.0424,34.0493],[71.0653,34.0518],[71.0763,34.0625],[71.0773,34.0797],[71.0728,34.1057],[71.0792,34.1142],[71.0903,34.1112],[71.0947,34.1117],[71.1007,34.1164],[71.1069,34.1262],[71.1171,34.1372],[71.1401,34.1553],[71.1431,34.16],[71.1446,34.1659],[71.1378,34.1856],[71.1375,34.1985],[71.1401,34.2084],[71.1511,34.224],[71.1476,34.227],[71.1346,34.2263],[71.1265,34.2371],[71.1213,34.2549],[71.1221,34.2672],[71.1303,34.2809],[71.1567,34.3132],[71.1584,34.3228],[71.1711,34.3389],[71.1713,34.3583],[71.1695,34.3636],[71.1539,34.3696],[71.0873,34.3891],[71.076,34.3958],[71.0536,34.4275],[71.023,34.4481],[71.0068,34.4611],[70.9949,34.4915],[70.9928,34.5276],[70.9956,34.5548],[70.9969,34.5567],[71.0064,34.552],[71.0268,34.5378],[71.049,34.5603],[71.0726,34.5731],[71.0911,34.575],[71.0989,34.5818],[71.1016,34.5895],[71.1077,34.5993],[71.1248,34.6185],[71.128,34.6283],[71.1213,34.6391],[71.1068,34.6553],[71.1072,34.6657],[71.1124,34.6829],[71.1212,34.6881],[71.1624,34.7017],[71.1716,34.7112],[71.1861,34.7159],[71.2028,34.7276],[71.2338,34.7366],[71.2444,34.7478],[71.2393,34.7561],[71.2311,34.7646],[71.2463,34.7909],[71.2712,34.798],[71.2795,34.805],[71.2924,34.8338],[71.2957,34.8501],[71.3012,34.8655],[71.3099,34.8788],[71.316,34.8825],[71.3301,34.8729],[71.3463,34.8824],[71.3607,34.8974],[71.3712,34.9007],[71.3933,34.9042],[71.4134,34.9142],[71.4193,34.9146],[71.445,34.9242],[71.4387,34.9271],[71.4422,34.9314],[71.4566,34.9298],[71.4761,34.9377],[71.4949,34.9413],[71.5075,34.947],[71.526,34.9613],[71.5372,34.9529],[71.5507,34.9308],[71.5934,34.8817],[71.5991,34.8718],[71.6081,34.8458],[71.6111,34.8421],[71.6199,34.8216],[71.6234,34.8188],[71.6384,34.8096],[71.6491,34.8066],[71.6823,34.8071],[71.7571,34.8041],[71.7648,34.7991],[71.7864,34.7953],[71.7902,34.7928],[71.7977,34.7803],[71.7988,34.758],[71.7963,34.7505],[71.7837,34.7328],[71.7769,34.7151],[71.7747,34.708],[71.7702,34.6767],[71.7645,34.6632],[71.75,34.6626],[71.7152,34.6489],[71.6987,34.6395],[71.6892,34.6308],[71.6798,34.6175],[71.6714,34.5791],[71.6618,34.5624],[71.6532,34.5534],[71.6507,34.5454],[71.6539,34.541],[71.6525,34.5362],[71.6579,34.53],[71.6657,34.5164],[71.6675,34.4874],[71.6694,34.4839],[71.6835,34.4701],[71.7162,34.4521],[71.6758,34.4184],[71.6586,34.4017],[71.6487,34.3801],[71.6194,34.3616],[71.5858,34.3467],[71.5668,34.324],[71.5483,34.2682],[71.537,34.2407],[71.5255,34.2368],[71.4976,34.2231],[71.4625,34.2034],[71.4466,34.1812],[71.4211,34.1576],[71.4007,34.1259],[71.3904,34.0913],[71.389,34.0618],[71.3909,34.0416],[71.3844,34.0228],[71.4046,33.9459],[71.4371,33.9311],[71.4461,33.9065],[71.4364,33.8713],[71.4983,33.8132],[71.505,33.8019],[71.5026,33.7498],[71.4552,33.7423],[71.3787,33.7522],[71.3405,33.7682],[71.3474,33.7479],[71.3687,33.7164],[71.3687,33.6282],[71.3377,33.6192],[71.2947,33.6511],[71.2521,33.6682],[71.229,33.6881],[71.221,33.7111],[71.2011,33.7187],[71.1781,33.7236],[71.1566,33.7354],[71.145,33.732],[71.1439,33.7056],[71.1662,33.6423],[71.121,33.63],[71.1048,33.6234],[71.0998,33.6175],[71.1131,33.6048],[71.1151,33.5917],[71.1068,33.5875],[71.045,33.5579],[70.9949,33.5449],[70.8659,33.5591],[70.8204,33.5687],[70.7929,33.5808],[70.7703,33.5765],[70.7489,33.5551],[70.7401,33.5216],[70.7368,33.4793],[70.7016,33.4753],[70.6767,33.4754],[70.6442,33.4711],[70.6303,33.4507],[70.6125,33.4324],[70.5636,33.4236],[70.5205,33.4239],[70.5053,33.4143],[70.5015,33.3985],[70.512,33.375],[70.5402,33.3487],[70.5665,33.3196],[70.5934,33.2807],[70.6298,33.2661],[70.671,33.2526],[70.679,33.2526],[70.6797,33.2402],[70.6781,33.2268],[70.6904,33.2172],[70.7707,33.2137],[70.8655,33.1977],[70.873,33.1835],[70.8614,33.1577],[70.8286,33.1188],[70.8114,33.1013],[70.7643,33.0895],[70.687,33.0673],[70.6903,33.0518],[70.6711,33.0462],[70.5898,33.0398],[70.5695,33.041],[70.5318,33.0289],[70.5085,33.0115],[70.4892,32.9812],[70.476,32.9325],[70.4303,32.872],[70.4174,32.8477],[70.3859,32.8298],[70.3781,32.7961],[70.3755,32.7623],[70.3752,32.7312],[70.4047,32.704],[70.4217,32.6778],[70.4713,32.6275],[70.392,32.6247],[70.3374,32.6247],[70.321,32.6257],[70.2903,32.6324],[70.2802,32.6327],[70.2656,32.6302],[70.2343,32.6076],[70.204,32.6205],[70.1867,32.6185],[70.1644,32.6094],[70.1433,32.5867],[70.1211,32.5431],[70.0887,32.4731],[70.077,32.4343],[70.0764,32.4269],[70.0781,32.4078],[70.0824,32.3843],[70.0902,32.3643],[70.0892,32.3301],[70.0796,32.3076],[70.0548,32.2752],[70.0403,32.2532],[70.0402,32.2461],[70.0574,32.2359],[70.0953,32.2185],[70.0729,32.2069],[70.0582,32.1856],[70.0555,32.1656],[70.0912,32.1064],[70.1046,32.0725],[70.114,32.0364],[70.1286,32.0152],[70.1506,32.0004],[70.1658,31.9843],[70.1731,31.9479],[70.1938,31.8897],[70.198,31.8527],[70.1846,31.8109],[70.1926,31.7895],[70.1898,31.7653],[70.2006,31.7471],[70.2201,31.7225],[70.2281,31.6854],[70.2475,31.6518],[70.2642,31.6069],[70.2942,31.5137],[70.308,31.4783],[70.3137,31.4297],[70.3234,31.3895],[70.3474,31.3098],[70.3712,31.2544],[70.367,31.2259],[70.3708,31.219],[70.3726,31.2054],[70.3718,31.1916],[70.3597,31.188],[70.3265,31.1855],[70.3157,31.1782],[70.2792,31.1767],[70.2464,31.1656],[70.2271,31.1541],[70.2211,31.1367],[70.2306,31.1045],[70.2287,31.0812],[70.225,31.0725],[70.2167,31.0668],[70.2085,31.0698],[70.1943,31.0929]]]]}},{"type":"Feature","properties":{"district_id":"pk-gilgit-baltistan-northernareas","name":"NorthernAreas","country":"PAK","province":"Gilgit-Baltistan"},"geometry":{"type":"MultiPolygon","coordinates":[[[[75.2087,34.8591],[75.19,34.8547],[75.1784,34.871],[75.1574,34.8609],[75.1443,34.8465],[75.1161,34.8376],[75.0958,34.8141],[75.0655,34.7972],[75.0573,34.8062],[75.0437,34.8326],[75.0345,34.843],[75.0278,34.8539],[75.0109,34.8621],[74.9585,34.8769],[74.938,34.8775],[74.9041,34.8888],[74.8858,34.897],[74.8722,34.9127],[74.8577,34.9261],[74.8424,34.9339],[74.826,34.9357],[74.8098,34.9411],[74.7914,34.9148],[74.7882,34.9343],[74.7915,34.9497],[74.7939,35.0014],[74.8011,35.0207],[74.8151,35.0467],[74.7775,35.0611],[74.7351,35.0902],[74.7061,35.0971],[74.6849,35.1111],[74.6493,35.1399],[74.6386,35.155],[74.6286,35.1495],[74.6169,35.1398],[74.6051,35.1398],[74.5821,35.1288],[74.5348,35.1122],[74.4889,35.0789],[74.4612,35.0802],[74.4477,35.0844],[74.4344,35.1039],[74.4211,35.115],[74.3994,35.1175],[74.3557,35.1326],[74.2944,35.14],[74.2728,35.1377],[74.2267,35.1428],[74.2034,35.1409],[74.1265,35.1246],[74.1244,35.1275],[74.095,35.1453],[74.0803,35.1511],[74.0744,35.1508],[74.05,35.1419],[74.0317,35.1433],[74.0278,35.1455],[74.0197,35.1558],[74.0183,35.1603],[74.0083,35.1694],[73.9947,35.1764],[73.9675,35.1794],[73.9553,35.1833],[73.9303,35.203],[73.9155,35.2094],[73.8911,35.2117],[73.8625,35.2075],[73.8497,35.2078],[73.8397,35.2111],[73.8139,35.2311],[73.8,35.2378],[73.7811,35.2405],[73.77,35.2383],[73.7569,35.2328],[73.7411,35.223],[73.7305,35.2197],[73.7267,35.2214],[73.7214,35.2294],[73.7125,35.2636],[73.7025,35.2886],[73.6989,35.3019],[73.6978,35.3119],[73.6991,35.3328],[73.6972,35.3628],[73.6994,35.3839],[73.7053,35.4047],[73.7094,35.4136],[73.715,35.4205],[73.7219,35.4275],[73.7489,35.4383],[73.7608,35.4461],[73.803,35.5031],[73.8068,35.5041],[73.7803,35.5225],[73.7733,35.5225],[73.7678,35.52],[73.7475,35.5211],[73.7417,35.5222],[73.7264,35.5297],[73.7139,35.5322],[73.673,35.5328],[73.6603,35.5344],[73.6383,35.5428],[73.608,35.5469],[73.5708,35.5553],[73.5347,35.5533],[73.493,35.5686],[73.4144,35.5733],[73.3953,35.5778],[73.3636,35.5942],[73.3475,35.5994],[73.2958,35.6075],[73.2811,35.6139],[73.2303,35.6439],[73.2136,35.6592],[73.1989,35.67],[73.1572,35.6903],[73.1361,35.7089],[73.1172,35.7383],[73.1116,35.76],[73.115,35.7922],[73.1247,35.8289],[73.1241,35.8386],[73.118,35.8453],[73.1064,35.8533],[73.0925,35.8603],[73.0817,35.8636],[73.0747,35.8644],[73.0636,35.8628],[73.0364,35.8505],[73.0083,35.8408],[72.9764,35.8339],[72.9564,35.835],[72.9386,35.8386],[72.9191,35.8386],[72.8917,35.8414],[72.8478,35.8497],[72.8253,35.8561],[72.8111,35.8572],[72.7961,35.8531],[72.7547,35.8358],[72.7183,35.8283],[72.6886,35.8186],[72.6769,35.8175],[72.6708,35.8183],[72.6189,35.8378],[72.5797,35.8442],[72.5703,35.8486],[72.5491,35.8811],[72.5375,35.8894],[72.5283,35.8939],[72.5167,35.8969],[72.5128,35.9003],[72.5158,35.915],[72.5236,35.9269],[72.5455,35.9697],[72.5572,35.9847],[72.5669,36.0075],[72.5664,36.0175],[72.5639,36.0258],[72.5594,36.0333],[72.538,36.0514],[72.5266,36.0647],[72.5219,36.0722],[72.5186,36.0906],[72.5225,36.1069],[72.54,36.1347],[72.5439,36.1447],[72.5447,36.155],[72.5397,36.173],[72.5386,36.1869],[72.5403,36.2025],[72.5472,36.223],[72.5672,36.2483],[72.5833,36.2589],[72.5964,36.2644],[72.6142,36.2672],[72.6394,36.2633],[72.6503,36.2591],[72.6633,36.2594],[72.6769,36.2644],[72.6864,36.2733],[72.7091,36.3033],[72.7266,36.3119],[72.7547,36.3221],[72.76,36.3227],[72.7733,36.3302],[72.8075,36.3541],[72.8466,36.3727],[72.8508,36.3757],[72.8558,36.3838],[72.8616,36.4104],[72.8639,36.4321],[72.8691,36.4468],[72.8752,36.4529],[72.8839,36.4579],[72.9116,36.4682],[72.9291,36.4704],[72.955,36.4693],[72.9597,36.4712],[72.963,36.4737],[72.9653,36.4787],[72.9641,36.4984],[72.9716,36.504],[72.9913,36.5098],[73.0086,36.5184],[73.0355,36.5375],[73.0427,36.55],[73.0533,36.5786],[73.0583,36.5872],[73.0708,36.5997],[73.073,36.6053],[73.0703,36.6183],[73.0589,36.6369],[73.0514,36.6528],[73.048,36.6666],[73.0475,36.6711],[73.05,36.6819],[73.0527,36.6858],[73.06,36.6908],[73.1058,36.6966],[73.1197,36.7027],[73.1419,36.7188],[73.1572,36.723],[73.17,36.7216],[73.2036,36.7116],[73.2303,36.7096],[73.2477,36.7113],[73.2741,36.7171],[73.3241,36.7313],[73.3336,36.7349],[73.3455,36.7429],[73.3555,36.7463],[73.3714,36.7493],[73.3778,36.7485],[73.4072,36.7515],[73.4253,36.7474],[73.4578,36.731],[73.483,36.7265],[73.5239,36.7232],[73.5508,36.7288],[73.563,36.729],[73.5686,36.7274],[73.5791,36.7135],[73.5861,36.7074],[73.6602,36.7027],[73.6755,36.7063],[73.6911,36.7171],[73.7011,36.7202],[73.7069,36.7207],[73.7366,36.7132],[73.7567,36.7196],[73.7678,36.7213],[73.7814,36.721],[73.7941,36.7185],[73.8308,36.7055],[73.843,36.7057],[73.8478,36.7077],[73.8547,36.7138],[73.8625,36.7333],[73.863,36.7483],[73.8611,36.7577],[73.8536,36.7738],[73.8403,36.7913],[73.8239,36.8013],[73.7975,36.8033],[73.7905,36.8091],[73.7864,36.8224],[73.7808,36.8288],[73.7341,36.8346],[73.7105,36.8407],[73.6964,36.8469],[73.685,36.8557],[73.6766,36.866],[73.6686,36.8813],[73.663,36.8882],[73.6419,36.9041],[73.6626,36.9112],[73.6935,36.9135],[73.7051,36.9127],[73.7139,36.9054],[73.7251,36.9013],[73.7352,36.9015],[73.7402,36.9046],[73.75,36.9065],[73.7633,36.9022],[73.7759,36.9014],[73.8037,36.9064],[73.8401,36.9088],[73.8986,36.8911],[73.9287,36.8787],[73.9571,36.87],[73.9884,36.8626],[74.0292,36.8462],[74.063,36.8404],[74.0703,36.8405],[74.085,36.8463],[74.0941,36.8463],[74.1097,36.841],[74.1197,36.8417],[74.1274,36.8481],[74.1412,36.8957],[74.1475,36.9057],[74.152,36.9098],[74.1665,36.9115],[74.1906,36.91],[74.2103,36.9076],[74.2364,36.8996],[74.2536,36.9008],[74.264,36.9045],[74.3108,36.9299],[74.3314,36.9442],[74.3541,36.9647],[74.3739,36.974],[74.4012,36.9804],[74.4135,36.9882],[74.4205,36.9961],[74.4279,36.9976],[74.5174,36.9989],[74.5283,36.9905],[74.5366,36.9652],[74.5434,36.9608],[74.5584,36.9603],[74.5619,36.9633],[74.5689,36.9874],[74.5734,37.0217],[74.5716,37.0344],[74.6037,37.0441],[74.6113,37.05],[74.616,37.0603],[74.6112,37.077],[74.6122,37.0828],[74.6198,37.089],[74.644,37.0938],[74.6767,37.097],[74.6832,37.095],[74.6908,37.0862],[74.7051,37.0478],[74.7295,37.0249],[74.742,37.0221],[74.7492,37.0215],[74.7692,37.0257],[74.7828,37.032],[74.7961,37.0453],[74.8216,37.0603],[74.828,37.0629],[74.8317,37.0624],[74.8348,37.0563],[74.8349,37.0198],[74.8513,36.988],[74.8881,36.9509],[74.8998,36.9425],[74.9224,36.9346],[74.9315,36.9394],[74.9588,36.9611],[74.9945,36.9863],[75.0075,37.0009],[75.0172,37.0081],[75.0253,37.0114],[75.0398,37.0155],[75.0474,37.0145],[75.0664,37.0055],[75.117,37.0098],[75.1469,37.0199],[75.1558,37.0155],[75.1641,37.008],[75.1637,37.0],[75.1662,36.9888],[75.1806,36.9789],[75.2127,36.9698],[75.2303,36.9597],[75.2373,36.9575],[75.2543,36.9562],[75.2783,36.9648],[75.2988,36.9655],[75.3469,36.9524],[75.3724,36.9436],[75.4019,36.9428],[75.4087,36.9392],[75.4101,36.9347],[75.4045,36.9289],[75.3951,36.9241],[75.3901,36.9173],[75.3889,36.9101],[75.3977,36.8937],[75.4127,36.8836],[75.4173,36.8776],[75.4218,36.8539],[75.4278,36.8355],[75.4224,36.8149],[75.4205,36.7964],[75.423,36.7717],[75.4449,36.7421],[75.4545,36.7216],[75.4685,36.7165],[75.4736,36.7176],[75.4887,36.7302],[75.4992,36.7313],[75.5224,36.7232],[75.5311,36.7228],[75.5385,36.732],[75.5356,36.742],[75.5283,36.749],[75.527,36.7543],[75.5323,36.7616],[75.5462,36.7666],[75.5611,36.7653],[75.5967,36.7709],[75.6525,36.7688],[75.6742,36.7626],[75.6826,36.7567],[75.6975,36.7514],[75.7157,36.7519],[75.7297,36.7465],[75.789,36.7135],[75.8098,36.701],[75.8316,36.6841],[75.8524,36.6753],[75.8782,36.6488],[75.9189,36.6205],[75.9283,36.6048],[75.9337,36.5871],[75.9342,36.583],[75.9288,36.5582],[75.9328,36.5491],[75.9406,36.5416],[75.9605,36.5286],[75.9822,36.4982],[76.0083,36.4534],[76.0254,36.4092],[76.0278,36.3975],[76.0252,36.3894],[76.0036,36.3695],[75.9867,36.3482],[75.9831,36.3375],[75.9894,36.3128],[75.9883,36.2934],[76.0098,36.289],[76.0173,36.281],[76.0253,36.2666],[76.0359,36.2585],[76.0381,36.2544],[76.0425,36.2528],[76.053,36.2373],[76.0556,36.2273],[76.0539,36.2213],[76.0461,36.2194],[76.0216,36.2276],[76.0156,36.2274],[76.0064,36.2211],[76.0009,36.2161],[76.0027,36.1975],[76.0017,36.1856],[76.0157,36.1769],[76.0192,36.1667],[75.9999,36.1627],[75.977,36.1628],[75.9658,36.1599],[75.961,36.1553],[75.9617,36.1434],[75.9464,36.135],[75.9368,36.1339],[75.9331,36.1253],[75.9453,36.1147],[75.9434,36.1039],[75.9388,36.0955],[75.9463,36.0693],[75.9526,36.0629],[75.9763,36.0487],[75.9883,36.028],[75.9949,36.0218],[76.0016,36.0182],[76.0533,36.0213],[76.0801,36.0184],[76.0919,36.0145],[76.0988,36.0067],[76.1036,35.9922],[76.1141,35.9758],[76.1552,35.9385],[76.1622,35.928],[76.166,35.9166],[76.1621,35.886],[76.1645,35.8539],[76.169,35.8382],[76.1752,35.8334],[76.1851,35.8326],[76.2082,35.847],[76.2218,35.8509],[76.2492,35.8505],[76.2876,35.8437],[76.2941,35.8439],[76.3378,35.8333],[76.3487,35.8334],[76.3584,35.837],[76.3684,35.8456],[76.3743,35.8551],[76.3861,35.8671],[76.3935,35.871],[76.4021,35.8732],[76.4372,35.87],[76.4488,35.8707],[76.4558,35.8755],[76.4686,35.8902],[76.4755,35.8929],[76.506,35.8873],[76.5227,35.8954],[76.5376,35.9074],[76.5554,35.9177],[76.5673,35.9178],[76.5773,35.9147],[76.5876,35.9056],[76.5905,35.8931],[76.5788,35.8514],[76.5804,35.8319],[76.5779,35.819],[76.5785,35.8131],[76.5906,35.8029],[76.596,35.7849],[76.6162,35.7702],[76.6322,35.7653],[76.6537,35.7627],[76.666,35.7581],[76.6754,35.7506],[76.7357,35.6857],[76.7523,35.6741],[76.7638,35.6696],[76.7766,35.6707],[76.7994,35.6765],[76.8179,35.6778],[76.8303,35.6773],[76.8522,35.6713],[76.8705,35.6627],[76.8863,35.6521],[76.9018,35.6384],[76.933,35.6159],[76.9536,35.6064],[76.9732,35.6017],[76.9972,35.5999],[77.0355,35.6036],[77.0567,35.5994],[77.0736,35.5861],[77.0836,35.575],[77.0941,35.5665],[77.1078,35.561],[77.1271,35.5567],[77.148,35.5422],[77.1715,35.5359],[77.1867,35.5283],[77.2025,35.5274],[77.2261,35.5334],[77.2669,35.5354],[77.2903,35.5344],[77.3123,35.5307],[77.3337,35.5232],[77.3464,35.513],[77.3666,35.4862],[77.3837,35.4729],[77.4012,35.4686],[77.4273,35.469],[77.4738,35.4771],[77.5361,35.4959],[77.5474,35.4939],[77.5807,35.4806],[77.6055,35.4768],[77.6232,35.4766],[77.6491,35.482],[77.6809,35.4793],[77.6957,35.4804],[77.7115,35.4849],[77.7476,35.5034],[77.7742,35.5118],[77.7975,35.517],[77.8158,35.5179],[77.8262,35.5149],[77.8356,35.5101],[77.8431,35.501],[77.8239,35.5013],[77.8147,35.4852],[77.7355,35.4338],[77.6506,35.3671],[77.585,35.3239],[77.4854,35.2665],[77.4425,35.2344],[77.3844,35.1992],[77.3794,35.1979],[77.3008,35.1485],[77.2808,35.1383],[77.1568,35.0547],[77.1098,35.0393],[77.0814,35.0263],[77.0684,35.0241],[77.0368,35.0324],[77.0269,35.0408],[77.0181,35.0385],[77.0138,35.0351],[77.0109,35.0276],[77.0115,34.9667],[77.0101,34.9563],[76.9975,34.9392],[76.9887,34.9352],[76.9704,34.9356],[76.9503,34.9409],[76.9084,34.9617],[76.8835,34.9703],[76.87,34.9724],[76.8632,34.9708],[76.8255,34.9417],[76.8111,34.9355],[76.7624,34.933],[76.7494,34.9266],[76.7434,34.9181],[76.7389,34.9019],[76.7434,34.8649],[76.7447,34.8447],[76.7432,34.8401],[76.7378,34.8307],[76.7062,34.8013],[76.6967,34.7791],[76.6872,34.7632],[76.6818,34.7596],[76.6716,34.7574],[76.6525,34.7566],[76.58,34.7555],[76.571,34.7584],[76.5618,34.7583],[76.5453,34.7656],[76.5141,34.7838],[76.4897,34.7924],[76.4743,34.7944],[76.4692,34.7917],[76.437,34.7644],[76.4276,34.7624],[76.4095,34.7522],[76.3859,34.736],[76.3399,34.7343],[76.3161,34.7316],[76.3015,34.7244],[76.2899,34.7123],[76.2833,34.7015],[76.2751,34.6936],[76.26,34.6844],[76.2343,34.6731],[76.2274,34.6721],[76.1979,34.6591],[76.1928,34.6553],[76.1579,34.6434],[76.1391,34.6425],[76.1219,34.6467],[76.0858,34.6715],[76.0744,34.6763],[76.055,34.676],[76.0365,34.6703],[76.0254,34.6641],[76.0144,34.6536],[76.0004,34.6358],[75.9919,34.63],[75.9833,34.6294],[75.9672,34.6336],[75.9463,34.6312],[75.9322,34.6244],[75.9186,34.6048],[75.8433,34.5746],[75.8206,34.5589],[75.8105,34.5482],[75.793,34.5339],[75.7688,34.5221],[75.7492,34.5158],[75.7292,34.5162],[75.6923,34.5215],[75.6441,34.5335],[75.6156,34.5385],[75.5919,34.5401],[75.5518,34.5381],[75.5212,34.5396],[75.5169,34.5378],[75.5061,34.5373],[75.4785,34.5393],[75.4646,34.5434],[75.4652,34.5499],[75.4361,34.5771],[75.396,34.5905],[75.3744,34.613],[75.3539,34.6438],[75.3453,34.6616],[75.3444,34.6797],[75.3516,34.7073],[75.3601,34.7318],[75.3585,34.7526],[75.359,34.7824],[75.3473,34.8121],[75.3042,34.8426],[75.286,34.8596],[75.28,34.8765],[75.2584,34.9068],[75.2454,34.9074],[75.2261,34.8885],[75.2087,34.8591]]]]}},{"type":"Feature","properties":{"district_id":"pk-islamabad-islamabad","name":"Islamabad","country":"PAK","province":"Islamabad"},"geometry":{"type":"MultiPolygon","coordinates":[[[[72.8801,33.7544],[72.9015,33.753],[72.9319,33.7478],[72.9331,33.7336],[72.9605,33.736],[73.0116,33.7625],[73.0563,33.7808],[73.1452,33.8033],[73.1721,33.7887],[73.2009,33.7785],[73.2313,33.7706],[73.2449,33.763],[73.2468,33.7465],[73.2561,33.725],[73.2656,33.7091],[73.3338,33.7034],[73.3311,33.7004],[73.3195,33.6948],[73.3044,33.683],[73.2802,33.6573],[73.2687,33.6582],[73.2537,33.6561],[73.2499,33.6516],[73.249,33.6265],[73.2451,33.5941],[73.2178,33.556],[73.1907,33.5288],[73.1632,33.4942],[73.1072,33.5097],[73.0654,33.531],[73.0541,33.5469],[73.0732,33.5559],[73.104,33.574],[73.1059,33.5958],[73.0758,33.6292],[73.0575,33.6641],[73.0002,33.6429],[72.9486,33.6298],[72.9426,33.6259],[72.9315,33.6138],[72.9145,33.6006],[72.8585,33.5762],[72.8278,33.6099],[72.7827,33.6802],[72.7779,33.7053],[72.7801,33.7081],[72.79,33.7107],[72.8405,33.7199],[72.8561,33.7268],[72.8801,33.7544]]]]}},{"type":"Feature","properties":{"district_id":"pk-khyber-pakhtunkhwa-bannu","name":"Bannu","country":"PAK","province":"Khyber-Pakhtunkhwa"},"geometry":{"type":"MultiPolygon","coordinates":[[[[70.4589,32.6399],[70.4217,32.6778],[70.4047,32.704],[70.3752,32.7312],[70.3755,32.7623],[70.3781,32.7961],[70.3859,32.8298],[70.4174,32.8477],[70.4303,32.872],[70.476,32.9325],[70.4892,32.9812],[70.5085,33.0115],[70.5318,33.0289],[70.5695,33.041],[70.5898,33.0398],[70.6711,33.0462],[70.6903,33.0518],[70.687,33.0673],[70.7643,33.0895],[70.8114,33.1013],[70.816,33.0521],[70.8243,33.0344],[70.8505,33.0221],[70.9097,33.018],[70.9248,32.995],[70.93,32.9692],[70.9571,32.9397],[70.9721,32.913],[70.9707,32.8831],[70.9681,32.8728],[70.968,32.8627],[70.9735,32.8431],[70.9768,32.8217],[70.9814,32.8146],[70.9838,32.8127],[71.0068,32.8064],[71.0309,32.8059],[71.0685,32.8021],[71.1238,32.7904],[71.1206,32.7743],[71.1213,32.7677],[71.1295,32.7444],[71.1408,32.7221],[71.1439,32.7051],[71.1416,32.6717],[71.1657,32.6234],[71.1713,32.5854],[71.1899,32.5787],[71.1989,32.58],[71.224,32.588],[71.2487,32.5921],[71.2622,32.5897],[71.2704,32.5658],[71.2689,32.5589],[71.2577,32.5364],[71.253,32.5311],[71.2429,32.513],[71.2428,32.5059],[71.2257,32.4965],[71.2034,32.4731],[71.1956,32.4555],[71.1876,32.4516],[71.1697,32.4507],[71.1621,32.4537],[71.1516,32.4508],[71.1163,32.4102],[71.0812,32.3933],[71.0379,32.3753],[71.0049,32.3671],[70.9977,32.363],[70.968,32.3525],[70.96,32.3521],[70.925,32.3379],[70.9151,32.3364],[70.8263,32.2996],[70.8054,32.2928],[70.798,32.296],[70.7719,32.2938],[70.7532,32.2872],[70.7292,32.2742],[70.7055,32.2648],[70.694,32.2642],[70.6885,32.27],[70.6795,32.2711],[70.6828,32.2948],[70.6819,32.3111],[70.6873,32.3249],[70.7054,32.3527],[70.7105,32.3648],[70.7102,32.3853],[70.703,32.3991],[70.682,32.4095],[70.6397,32.4085],[70.6244,32.4152],[70.6149,32.4238],[70.5662,32.4844],[70.5796,32.5041],[70.5541,32.5297],[70.496,32.6028],[70.4589,32.6399]]]]}},{"type":"Feature","properties":{"district_id":"pk-khyber-pakhtunkhwa-deraismailkhan","name":"DeraIsmailKhan","country":"PAK","province":"Khyber-Pakhtunkhwa"},"geometry":{"type":"MultiPolygon","coordinates":[[[[70.3712,31.2544],[70.3474,31.3098],[70.3234,31.3895],[70.3137,31.4297],[70.308,31.4783],[70.2942,31.5137],[70.2642,31.6069],[70.2475,31.6518],[70.2281,31.6854],[70.2201,31.7225],[70.2006,31.7471],[70.1898,31.7653],[70.1926,31.7895],[70.1846,31.8109],[70.198,31.8527],[70.1938,31.8897],[70.1731,31.9479],[70.1658,31.9843],[70.1506,32.0004],[70.1286,32.0152],[70.114,32.0364],[70.1046,32.0725],[70.0912,32.1064],[70.0555,32.1656],[70.0582,32.1856],[70.0729,32.2069],[70.105,32.2236],[70.1786,32.2767],[70.197,32.3035],[70.2281,32.3117],[70.2657,32.3104],[70.3012,32.3186],[70.3375,32.3536],[70.4092,32.4088],[70.4238,32.4311],[70.4533,32.4942],[70.4666,32.5038],[70.4973,32.5032],[70.5567,32.4704],[70.5662,32.4844],[70.6149,32.4238],[70.6244,32.4152],[70.6397,32.4085],[70.682,32.4095],[70.703,32.3991],[70.7102,32.3853],[70.7105,32.3648],[70.7054,32.3527],[70.6873,32.3249],[70.6819,32.3111],[70.6828,32.2948],[70.6795,32.2711],[70.6885,32.27],[70.694,32.2642],[70.7055,32.2648],[70.7292,32.2742],[70.7532,32.2872],[70.7719,32.2938],[70.798,32.296],[70.8054,32.2928],[70.8335,32.3024],[70.9151,32.3364],[70.925,32.3379],[70.96,32.3521],[70.968,32.3525],[70.9977,32.363],[71.0049,32.3671],[71.0379,32.3753],[71.0812,32.3933],[71.1163,32.4102],[71.1516,32.4508],[71.1621,32.4537],[71.1697,32.4507],[71.1876,32.4516],[71.1956,32.4555],[71.2034,32.4731],[71.2257,32.4965],[71.2428,32.5059],[71.2504,32.4962],[71.2695,32.492],[71.2847,32.5009],[71.292,32.5124],[71.3058,32.5206],[71.3223,32.5281],[71.3369,32.5286],[71.3386,32.5136],[71.346,32.5067],[71.3619,32.508],[71.362,32.4928],[71.355,32.4791],[71.3442,32.4508],[71.3395,32.4437],[71.3354,32.4292],[71.3485,32.4193],[71.3487,32.4117],[71.3406,32.4012],[71.3391,32.3872],[71.3457,32.3701],[71.3351,32.3568],[71.3008,32.3558],[71.2926,32.357],[71.2746,32.3435],[71.2437,32.3029],[71.2204,32.2829],[71.1915,32.2536],[71.1876,32.2479],[71.1799,32.2219],[71.1745,32.1808],[71.1638,32.1565],[71.1566,32.1528],[71.1283,32.1481],[71.118,32.1391],[71.1158,32.1327],[71.1148,32.1214],[71.1205,32.1124],[71.118,32.0948],[71.1005,32.0454],[71.0851,32.0252],[71.0672,32.0193],[71.0647,32.0122],[71.064,31.9816],[71.0613,31.9607],[71.0566,31.9536],[71.0419,31.9417],[71.0387,31.9224],[71.0444,31.9012],[71.0441,31.8925],[71.0366,31.8672],[71.0176,31.8592],[71.0014,31.8379],[70.9802,31.803],[70.9713,31.7918],[70.9581,31.7695],[70.955,31.7601],[70.9494,31.7525],[70.8863,31.6817],[70.873,31.6746],[70.861,31.6551],[70.8551,31.6209],[70.8556,31.613],[70.8648,31.5785],[70.8484,31.56],[70.8492,31.5409],[70.8538,31.5344],[70.8755,31.5141],[70.8774,31.5077],[70.8498,31.4956],[70.8472,31.4882],[70.8601,31.4645],[70.8618,31.4475],[70.8609,31.4408],[70.8525,31.4211],[70.8243,31.4053],[70.8093,31.3895],[70.8076,31.3817],[70.8068,31.3626],[70.8,31.3456],[70.7942,31.3406],[70.7847,31.3282],[70.7771,31.3064],[70.772,31.3009],[70.7523,31.2982],[70.7413,31.3001],[70.7075,31.3142],[70.6823,31.3182],[70.6544,31.3093],[70.6095,31.309],[70.5704,31.3225],[70.5438,31.3258],[70.5356,31.3251],[70.5154,31.316],[70.4971,31.2967],[70.4891,31.2935],[70.4605,31.2911],[70.4306,31.2861],[70.4159,31.2765],[70.3996,31.2444],[70.3886,31.2421],[70.3697,31.2459],[70.3712,31.2544]]]]}},{"type":"Feature","properties":{"district_id":"pk-khyber-pakhtunkhwa-f-a-t-a","name":"F.A.T.A.","country":"PAK","province":"Khyber-Pakhtunkhwa"},"geometry":{"type":"MultiPolygon","coordinates":[[[[70.0787,32.2269],[70.0574,32.2359],[70.0402,32.2461],[70.0403,32.2532],[70.0548,32.2752],[70.0796,32.3076],[70.0892,32.3301],[70.0902,32.3643],[70.0824,32.3843],[70.0806,32.3933],[70.0764,32.4269],[70.077,32.4343],[70.0887,32.4731],[70.1211,32.5431],[70.1433,32.5867],[70.1644,32.6094],[70.1867,32.6185],[70.204,32.6205],[70.2343,32.6076],[70.2656,32.6302],[70.2802,32.6327],[70.2903,32.6324],[70.321,32.6257],[70.3374,32.6247],[70.392,32.6247],[70.4713,32.6275],[70.496,32.6028],[70.5541,32.5297],[70.5796,32.5041],[70.5567,32.4704],[70.4973,32.5032],[70.4666,32.5038],[70.4533,32.4942],[70.4238,32.4311],[70.4092,32.4088],[70.3375,32.3536],[70.3012,32.3186],[70.2657,32.3104],[70.2281,32.3117],[70.197,32.3035],[70.1786,32.2767],[70.105,32.2236],[70.0953,32.2185],[70.0787,32.2269]]],[[[71.3787,33.7522],[71.4552,33.7423],[71.5026,33.7498],[71.5024,33.7474],[71.5131,33.7239],[71.5721,33.7221],[71.6723,33.7512],[71.7224,33.7911],[71.7294,33.8035],[71.7362,33.8213],[71.762,33.8215],[71.7855,33.7844],[71.7991,33.7768],[71.8235,33.7733],[71.8676,33.772],[71.8757,33.7563],[71.8614,33.7327],[71.8428,33.7183],[71.7898,33.6651],[71.7914,33.6564],[71.8143,33.6501],[71.8383,33.6387],[71.8472,33.6231],[71.7914,33.5876],[71.7495,33.5698],[71.6778,33.5409],[71.6319,33.5353],[71.5936,33.548],[71.5834,33.5646],[71.6461,33.6001],[71.6608,33.6152],[71.6459,33.6318],[71.6116,33.6275],[71.5806,33.6258],[71.5239,33.634],[71.4953,33.6293],[71.3982,33.6365],[71.3687,33.6282],[71.3687,33.7164],[71.3474,33.7479],[71.3405,33.7682],[71.3787,33.7522]]]]}},{"type":"Feature","properties":{"district_id":"pk-khyber-pakhtunkhwa-hazara","name":"Hazara","country":"PAK","province":"Khyber-Pakhtunkhwa"},"geometry":{"type":"MultiPolygon","coordinates":[[[[73.0116,33.7625],[72.9605,33.736],[72.9331,33.7336],[72.9319,33.7478],[72.9015,33.753],[72.8801,33.7544],[72.8637,33.7635],[72.8423,33.7622],[72.832,33.7721],[72.8349,33.7863],[72.8558,33.7927],[72.8705,33.8016],[72.8271,33.8227],[72.822,33.8326],[72.839,33.8523],[72.8477,33.8695],[72.8273,33.8836],[72.7994,33.8899],[72.7866,33.8968],[72.7953,33.915],[72.7946,33.9297],[72.7402,33.9248],[72.7116,33.8945],[72.6952,33.8734],[72.6693,33.8616],[72.6228,33.8778],[72.6191,33.8923],[72.6446,33.9134],[72.6561,33.9278],[72.6361,33.9357],[72.5873,33.9366],[72.5509,33.9424],[72.545,33.9569],[72.5417,33.9769],[72.5315,33.9876],[72.5471,33.9919],[72.5965,34.0],[72.6343,34.0104],[72.6536,34.0209],[72.6706,34.0434],[72.6841,34.0698],[72.759,34.0956],[72.7778,34.1081],[72.7968,34.135],[72.7977,34.1428],[72.7911,34.1623],[72.7838,34.1732],[72.7782,34.1852],[72.7794,34.2183],[72.774,34.2316],[72.769,34.2422],[72.7451,34.2678],[72.7386,34.2772],[72.7445,34.2825],[72.7454,34.2896],[72.7383,34.2963],[72.7181,34.3042],[72.703,34.314],[72.7179,34.3364],[72.7324,34.3492],[72.7403,34.3485],[72.7591,34.3586],[72.7852,34.3615],[72.8084,34.3568],[72.8184,34.3669],[72.8147,34.4237],[72.8095,34.4464],[72.8164,34.4736],[72.8301,34.4921],[72.8263,34.5002],[72.8009,34.5108],[72.7812,34.5332],[72.802,34.5754],[72.8035,34.6127],[72.7868,34.6369],[72.7999,34.6601],[72.8045,34.6757],[72.7963,34.6975],[72.808,34.7161],[72.8063,34.7359],[72.8123,34.758],[72.8347,34.7652],[72.9111,34.7783],[72.9221,34.7843],[72.928,34.8203],[72.9552,34.8223],[72.9723,34.8292],[72.9854,34.8475],[72.9779,34.8618],[72.9528,34.8738],[72.9173,34.8887],[72.8845,34.8947],[72.8645,34.9022],[72.8589,34.9134],[72.8707,34.9348],[72.8767,34.9582],[72.877,34.981],[72.8719,34.9893],[72.8577,34.9946],[72.8305,34.9958],[72.8026,35.0044],[72.7936,35.0291],[72.7757,35.0965],[72.7939,35.1247],[72.7905,35.1383],[72.7635,35.157],[72.6944,35.1825],[72.6817,35.1991],[72.6927,35.2257],[72.708,35.2413],[72.7131,35.251],[72.7163,35.267],[72.7525,35.2704],[72.7648,35.2827],[72.7724,35.3499],[72.7671,35.3869],[72.754,35.3945],[72.7269,35.4017],[72.7062,35.4138],[72.7163,35.4277],[72.7456,35.4522],[72.7456,35.4725],[72.729,35.4895],[72.7344,35.5033],[72.7513,35.5173],[72.7669,35.537],[72.7549,35.5607],[72.7561,35.575],[72.7779,35.582],[72.8,35.5939],[72.8076,35.6171],[72.7961,35.6601],[72.8009,35.6767],[72.7923,35.6852],[72.7654,35.6851],[72.752,35.6918],[72.7375,35.7174],[72.7282,35.7436],[72.7046,35.763],[72.6856,35.7849],[72.6921,35.8019],[72.7146,35.827],[72.7547,35.8358],[72.7961,35.8531],[72.8111,35.8572],[72.8253,35.8561],[72.8478,35.8497],[72.8917,35.8414],[72.9191,35.8386],[72.9386,35.8386],[72.9564,35.835],[72.9764,35.8339],[73.0083,35.8408],[73.0364,35.8505],[73.0636,35.8628],[73.0747,35.8644],[73.0925,35.8603],[73.115,35.8478],[73.1241,35.8386],[73.1247,35.8289],[73.115,35.7922],[73.1116,35.76],[73.1172,35.7383],[73.1361,35.7089],[73.1572,35.6903],[73.1989,35.67],[73.2136,35.6592],[73.2303,35.6439],[73.2811,35.6139],[73.2958,35.6075],[73.3475,35.5994],[73.3636,35.5942],[73.3953,35.5778],[73.4144,35.5733],[73.493,35.5686],[73.5347,35.5533],[73.5708,35.5553],[73.608,35.5469],[73.6383,35.5428],[73.6603,35.5344],[73.673,35.5328],[73.7139,35.5322],[73.7264,35.5297],[73.7417,35.5222],[73.7475,35.5211],[73.7678,35.52],[73.7733,35.5225],[73.7803,35.5225],[73.8068,35.5041],[73.803,35.5031],[73.7608,35.4461],[73.7489,35.4383],[73.7219,35.4275],[73.715,35.4205],[73.7094,35.4136],[73.7053,35.4047],[73.6994,35.3839],[73.6972,35.3628],[73.6991,35.3328],[73.6978,35.3119],[73.6989,35.3019],[73.7025,35.2886],[73.7125,35.2636],[73.7214,35.2294],[73.7267,35.2214],[73.7305,35.2197],[73.7411,35.223],[73.7569,35.2328],[73.77,35.2383],[73.7811,35.2405],[73.8,35.2378],[73.8139,35.2311],[73.8397,35.2111],[73.8497,35.2078],[73.8625,35.2075],[73.8911,35.2117],[73.9155,35.2094],[73.9303,35.203],[73.9553,35.1833],[73.9675,35.1794],[73.9947,35.1764],[74.0083,35.1694],[74.0183,35.1603],[74.0197,35.1558],[74.0278,35.1455],[74.0317,35.1433],[74.05,35.1419],[74.0744,35.1508],[74.0803,35.1511],[74.095,35.1453],[74.1244,35.1275],[74.1265,35.1246],[74.1158,35.123],[74.0933,35.1131],[74.0747,35.0994],[74.0658,35.09],[74.0603,35.0747],[74.0622,35.0605],[74.0772,35.0442],[74.0844,35.0336],[74.0872,35.025],[74.0853,35.0183],[74.0758,35.0089],[74.0633,35.0022],[74.0558,34.9961],[74.0542,34.9864],[74.0553,34.9717],[74.0517,34.9556],[74.0339,34.9344],[74.0103,34.9133],[74.0044,34.9053],[73.9941,34.8825],[73.983,34.8675],[73.9755,34.8619],[73.9667,34.8583],[73.9372,34.8494],[73.9239,34.8369],[73.9078,34.8267],[73.8861,34.8244],[73.8455,34.8286],[73.8339,34.8269],[73.8219,34.8197],[73.8125,34.8103],[73.7994,34.8036],[73.7705,34.8017],[73.7603,34.7994],[73.7397,34.7872],[73.7264,34.7753],[73.7205,34.7672],[73.7111,34.7361],[73.7036,34.7247],[73.698,34.7178],[73.6728,34.7033],[73.6636,34.6944],[73.6611,34.6842],[73.6714,34.6689],[73.6741,34.6611],[73.6744,34.6458],[73.6725,34.635],[73.6544,34.5869],[73.65,34.5775],[73.6411,34.5669],[73.6314,34.5639],[73.625,34.5639],[73.6144,34.5681],[73.6008,34.5797],[73.5925,34.5847],[73.5817,34.5878],[73.5597,34.5844],[73.5453,34.5789],[73.5194,34.5725],[73.4647,34.5719],[73.4517,34.5658],[73.4427,34.555],[73.4308,34.4742],[73.4069,34.4244],[73.4008,34.4047],[73.3977,34.374],[73.3992,34.3575],[73.4019,34.3442],[73.4097,34.3231],[73.4239,34.3055],[73.4471,34.2876],[73.4679,34.2495],[73.4782,34.222],[73.488,34.1697],[73.4866,34.1372],[73.488,34.1253],[73.4944,34.1251],[73.4979,34.1003],[73.5085,34.0655],[73.5131,34.0416],[73.502,34.0244],[73.4681,34.0188],[73.4485,34.0034],[73.4376,33.9839],[73.412,33.9776],[73.3796,33.9756],[73.3693,33.9621],[73.3801,33.9485],[73.3752,33.9347],[73.3495,33.9191],[73.337,33.8983],[73.334,33.8817],[73.2758,33.8534],[73.2568,33.8512],[73.2363,33.8321],[73.1452,33.8033],[73.0563,33.7808],[73.0116,33.7625]]]]}},{"type":"Feature","properties":{"district_id":"pk-khyber-pakhtunkhwa-kohat","name":"Kohat","country":"PAK","province":"Khyber-Pakhtunkhwa"},"geometry":{"type":"MultiPolygon","coordinates":[[[[70.8286,33.1188],[70.8614,33.1577],[70.873,33.1835],[70.8655,33.1977],[70.7707,33.2137],[70.6904,33.2172],[70.6781,33.2268],[70.6797,33.2402],[70.679,33.2526],[70.671,33.2526],[70.6298,33.2661],[70.5934,33.2807],[70.5665,33.3196],[70.5402,33.3487],[70.512,33.375],[70.5015,33.3985],[70.5053,33.4143],[70.5205,33.4239],[70.5636,33.4236],[70.6125,33.4324],[70.6303,33.4507],[70.6442,33.4711],[70.6767,33.4754],[70.7016,33.4753],[70.7368,33.4793],[70.7401,33.5216],[70.7489,33.5551],[70.7703,33.5765],[70.7929,33.5808],[70.8204,33.5687],[70.8659,33.5591],[70.9949,33.5449],[71.045,33.5579],[71.0834,33.5759],[71.1151,33.5917],[71.1131,33.6048],[71.0998,33.6175],[71.1048,33.6234],[71.121,33.63],[71.1662,33.6423],[71.1439,33.7056],[71.145,33.732],[71.1566,33.7354],[71.1781,33.7236],[71.2011,33.7187],[71.221,33.7111],[71.229,33.6881],[71.2521,33.6682],[71.2947,33.6511],[71.3377,33.6192],[71.3982,33.6365],[71.4953,33.6293],[71.5239,33.634],[71.5806,33.6258],[71.6116,33.6275],[71.6459,33.6318],[71.6608,33.6152],[71.6461,33.6001],[71.5834,33.5646],[71.5936,33.548],[71.6319,33.5353],[71.6778,33.5409],[71.7495,33.5698],[71.7914,33.5876],[71.8472,33.6231],[71.8383,33.6387],[71.8143,33.6501],[71.7914,33.6564],[71.7898,33.6651],[71.8195,33.6959],[71.8206,33.6931],[71.8665,33.6812],[71.8888,33.6841],[71.9073,33.6935],[71.9275,33.7072],[71.9465,33.7113],[71.9772,33.7135],[72.0088,33.7122],[72.029,33.709],[72.0193,33.6949],[71.9919,33.6348],[71.9845,33.5849],[71.9725,33.5723],[71.9653,33.5411],[71.9693,33.5284],[71.9669,33.5103],[71.9607,33.5018],[71.9189,33.4713],[71.8919,33.4537],[71.8777,33.44],[71.8746,33.4317],[71.8744,33.4165],[71.8724,33.4067],[71.8446,33.4021],[71.8127,33.3924],[71.7886,33.3796],[71.7374,33.3574],[71.7308,33.3131],[71.71,33.2713],[71.7106,33.2557],[71.7323,33.2296],[71.7564,33.2066],[71.7636,33.1904],[71.7617,33.1688],[71.7502,33.1413],[71.7291,33.1193],[71.7185,33.112],[71.712,33.0927],[71.7124,33.057],[71.7101,33.0506],[71.6964,33.0527],[71.6612,33.0689],[71.6389,33.081],[71.6324,33.086],[71.6197,33.1084],[71.6044,33.1797],[71.5969,33.1935],[71.5708,33.2191],[71.5604,33.2228],[71.5519,33.2199],[71.5433,33.207],[71.5347,33.2059],[71.5294,33.2167],[71.4224,33.2173],[71.4084,33.216],[71.4063,33.2079],[71.4092,33.193],[71.4281,33.1695],[71.4617,33.0661],[71.5087,33.0474],[71.5059,33.0405],[71.4799,33.0238],[71.4601,33.0202],[71.4545,33.0124],[71.4468,33.0078],[71.4231,32.9996],[71.4072,32.9962],[71.39,32.9873],[71.3736,32.9899],[71.3357,32.9861],[71.3207,32.9949],[71.3151,33.0114],[71.2808,33.0076],[71.2477,32.9903],[71.2099,32.9743],[71.1911,32.9619],[71.1801,32.9408],[71.1673,32.9245],[71.1557,32.8901],[71.1511,32.826],[71.1478,32.806],[71.1367,32.7964],[71.1238,32.7904],[71.0685,32.8021],[71.0309,32.8059],[71.0068,32.8064],[70.9838,32.8127],[70.9814,32.8146],[70.9768,32.8217],[70.9735,32.8431],[70.968,32.8627],[70.9681,32.8728],[70.9707,32.8831],[70.9721,32.913],[70.9571,32.9397],[70.93,32.9692],[70.9248,32.995],[70.9097,33.018],[70.8505,33.0221],[70.8243,33.0344],[70.816,33.0521],[70.8114,33.1013],[70.8286,33.1188]]]]}},{"type":"Feature","properties":{"district_id":"pk-khyber-pakhtunkhwa-malakand","name":"Malakand","country":"PAK","province":"Khyber-Pakhtunkhwa"},"geometry":{"type":"MultiPolygon","coordinates":[[[[71.6532,34.5534],[71.6618,34.5624],[71.6714,34.5791],[71.6798,34.6175],[71.6892,34.6308],[71.6987,34.6395],[71.7152,34.6489],[71.75,34.6626],[71.7645,34.6632],[71.7702,34.6767],[71.7747,34.708],[71.7769,34.7151],[71.7837,34.7328],[71.7963,34.7505],[71.7988,34.758],[71.799,34.7721],[71.7977,34.7803],[71.7902,34.7928],[71.7864,34.7953],[71.7648,34.7991],[71.7571,34.8041],[71.6823,34.8071],[71.6491,34.8066],[71.6384,34.8096],[71.6234,34.8188],[71.6199,34.8216],[71.6111,34.8421],[71.6081,34.8458],[71.5991,34.8718],[71.5934,34.8817],[71.5507,34.9308],[71.5372,34.9529],[71.526,34.9613],[71.5323,34.9776],[71.5327,34.9897],[71.5404,34.9984],[71.5583,35.0131],[71.561,35.0216],[71.586,35.0268],[71.5871,35.0331],[71.5764,35.0365],[71.5609,35.038],[71.5531,35.0437],[71.5499,35.063],[71.545,35.0759],[71.5462,35.0842],[71.5334,35.0828],[71.5358,35.0904],[71.5526,35.108],[71.5853,35.1294],[71.6173,35.1398],[71.6288,35.1489],[71.639,35.165],[71.6729,35.1948],[71.6869,35.1969],[71.6893,35.2066],[71.6902,35.2144],[71.687,35.2255],[71.6789,35.2302],[71.6375,35.2434],[71.6072,35.2687],[71.5919,35.2786],[71.5811,35.2926],[71.5823,35.3053],[71.5669,35.3118],[71.5696,35.3176],[71.5803,35.3285],[71.5821,35.3329],[71.5891,35.3391],[71.6014,35.3445],[71.6056,35.3582],[71.6102,35.3654],[71.6385,35.3908],[71.6709,35.4306],[71.6732,35.4405],[71.6722,35.445],[71.6641,35.4602],[71.6462,35.4764],[71.6343,35.4991],[71.6202,35.5113],[71.6201,35.5207],[71.6229,35.5331],[71.6422,35.5537],[71.6449,35.5588],[71.6452,35.5646],[71.6394,35.574],[71.6335,35.5792],[71.6162,35.5893],[71.5254,35.6179],[71.5255,35.6273],[71.5285,35.6352],[71.5467,35.6567],[71.5675,35.6766],[71.5769,35.7002],[71.5733,35.7172],[71.5658,35.7275],[71.5489,35.7403],[71.529,35.7473],[71.4951,35.768],[71.4968,35.782],[71.5178,35.7944],[71.5178,35.8009],[71.5135,35.8053],[71.4966,35.813],[71.4852,35.8475],[71.4803,35.8577],[71.4454,35.8895],[71.4331,35.8969],[71.4232,35.9002],[71.4055,35.9109],[71.4024,35.9202],[71.4042,35.9338],[71.4034,35.9405],[71.3936,35.9589],[71.376,35.972],[71.3705,35.974],[71.3579,35.9731],[71.3428,35.9671],[71.337,35.9686],[71.3233,35.987],[71.2647,36.0129],[71.2474,36.0246],[71.2335,36.0388],[71.2272,36.0604],[71.229,36.0672],[71.234,36.0721],[71.2513,36.0819],[71.2654,36.0938],[71.2674,36.1004],[71.2672,36.1112],[71.2693,36.1166],[71.2756,36.1216],[71.2884,36.127],[71.3183,36.1535],[71.3287,36.1551],[71.3433,36.1538],[71.3571,36.1582],[71.3611,36.1627],[71.3619,36.1699],[71.3664,36.1748],[71.3905,36.1925],[71.397,36.1952],[71.4101,36.1943],[71.4143,36.1958],[71.4471,36.2139],[71.457,36.2239],[71.4625,36.232],[71.4644,36.2445],[71.4632,36.2538],[71.4648,36.2607],[71.4868,36.2672],[71.5008,36.2753],[71.5109,36.2849],[71.5386,36.2941],[71.551,36.304],[71.5644,36.3077],[71.5952,36.3127],[71.6143,36.3213],[71.6166,36.327],[71.6117,36.3311],[71.6098,36.3355],[71.6124,36.3441],[71.611,36.3482],[71.5804,36.3632],[71.5755,36.3692],[71.5754,36.3748],[71.5792,36.3788],[71.6014,36.3899],[71.6156,36.3998],[71.6225,36.402],[71.6275,36.4058],[71.6396,36.4258],[71.6511,36.4371],[71.6488,36.4623],[71.652,36.475],[71.6549,36.477],[71.657,36.4779],[71.6734,36.4721],[71.688,36.4608],[71.7074,36.4563],[71.7245,36.4484],[71.7579,36.4237],[71.7958,36.4006],[71.8174,36.396],[71.8437,36.3947],[71.8573,36.3994],[71.8649,36.4149],[71.8617,36.4294],[71.8291,36.4345],[71.8186,36.4421],[71.8179,36.4617],[71.8219,36.4864],[71.8321,36.5055],[71.9091,36.5053],[71.9166,36.5174],[71.9172,36.5244],[71.9278,36.5488],[71.9353,36.5609],[71.9644,36.5666],[72.0129,36.5677],[72.0592,36.5956],[72.0968,36.5973],[72.1062,36.6057],[72.0973,36.6328],[72.1029,36.6485],[72.1407,36.652],[72.1656,36.6596],[72.1904,36.655],[72.2133,36.6649],[72.2044,36.6772],[72.1969,36.6936],[72.2269,36.7382],[72.2414,36.7535],[72.3026,36.745],[72.3137,36.7462],[72.3368,36.7592],[72.3676,36.7576],[72.3901,36.7618],[72.4112,36.7767],[72.4952,36.7776],[72.5045,36.7824],[72.5075,36.7929],[72.5454,36.8229],[72.5661,36.8324],[72.6266,36.8416],[72.6316,36.8484],[72.6562,36.8498],[72.6852,36.8438],[72.7185,36.842],[72.75,36.8505],[72.7816,36.8447],[72.7985,36.8479],[72.8251,36.8433],[72.8826,36.8411],[72.9075,36.8469],[72.9175,36.8463],[72.9752,36.8579],[72.9953,36.8567],[73.023,36.8598],[73.0669,36.8671],[73.0888,36.8731],[73.1882,36.8769],[73.2338,36.8718],[73.2648,36.861],[73.2971,36.8526],[73.3214,36.8516],[73.3525,36.8532],[73.3969,36.874],[73.4457,36.8827],[73.4555,36.8826],[73.5116,36.8752],[73.5664,36.8866],[73.6452,36.8879],[73.661,36.8898],[73.6686,36.8813],[73.6766,36.866],[73.685,36.8557],[73.6964,36.8469],[73.7105,36.8407],[73.7341,36.8346],[73.7808,36.8288],[73.7864,36.8224],[73.7905,36.8091],[73.7975,36.8033],[73.8239,36.8013],[73.8403,36.7913],[73.8536,36.7738],[73.8611,36.7577],[73.863,36.7483],[73.8625,36.7333],[73.8547,36.7138],[73.8478,36.7077],[73.843,36.7057],[73.8308,36.7055],[73.7941,36.7185],[73.7814,36.721],[73.7678,36.7213],[73.7567,36.7196],[73.7366,36.7132],[73.7069,36.7207],[73.7011,36.7202],[73.6911,36.7171],[73.6755,36.7063],[73.6602,36.7027],[73.5861,36.7074],[73.5791,36.7135],[73.5686,36.7274],[73.563,36.729],[73.5508,36.7288],[73.5239,36.7232],[73.483,36.7265],[73.4578,36.731],[73.4253,36.7474],[73.4072,36.7515],[73.3778,36.7485],[73.3714,36.7493],[73.3555,36.7463],[73.3455,36.7429],[73.3336,36.7349],[73.3241,36.7313],[73.2741,36.7171],[73.2477,36.7113],[73.2303,36.7096],[73.2036,36.7116],[73.17,36.7216],[73.1572,36.723],[73.1419,36.7188],[73.1197,36.7027],[73.1058,36.6966],[73.06,36.6908],[73.0527,36.6858],[73.05,36.6819],[73.0475,36.6711],[73.048,36.6666],[73.0514,36.6528],[73.0589,36.6369],[73.0703,36.6183],[73.073,36.6053],[73.0708,36.5997],[73.0583,36.5872],[73.0533,36.5786],[73.0427,36.55],[73.0355,36.5375],[73.0086,36.5184],[72.9913,36.5098],[72.9716,36.504],[72.9641,36.4984],[72.9653,36.4787],[72.963,36.4737],[72.9597,36.4712],[72.955,36.4693],[72.9291,36.4704],[72.9116,36.4682],[72.8839,36.4579],[72.8752,36.4529],[72.8691,36.4468],[72.8639,36.4321],[72.8616,36.4104],[72.8558,36.3838],[72.8508,36.3757],[72.8466,36.3727],[72.8075,36.3541],[72.7733,36.3302],[72.76,36.3227],[72.7547,36.3221],[72.7266,36.3119],[72.7091,36.3033],[72.6864,36.2733],[72.6769,36.2644],[72.6633,36.2594],[72.6503,36.2591],[72.6394,36.2633],[72.6142,36.2672],[72.5964,36.2644],[72.5833,36.2589],[72.5672,36.2483],[72.5472,36.223],[72.5403,36.2025],[72.5386,36.1869],[72.5397,36.173],[72.5447,36.155],[72.5439,36.1447],[72.54,36.1347],[72.5225,36.1069],[72.5186,36.0906],[72.5219,36.0722],[72.5266,36.0647],[72.538,36.0514],[72.5594,36.0333],[72.5639,36.0258],[72.5664,36.0175],[72.5669,36.0075],[72.5572,35.9847],[72.5455,35.9697],[72.5236,35.9269],[72.5158,35.915],[72.5128,35.9003],[72.5167,35.8969],[72.5283,35.8939],[72.5375,35.8894],[72.5491,35.8811],[72.5597,35.8667],[72.565,35.8556],[72.5703,35.8486],[72.575,35.8458],[72.6189,35.8378],[72.6708,35.8183],[72.6769,35.8175],[72.6886,35.8186],[72.7146,35.827],[72.6921,35.8019],[72.6856,35.7849],[72.7046,35.763],[72.7282,35.7436],[72.7375,35.7174],[72.752,35.6918],[72.7654,35.6851],[72.7923,35.6852],[72.8009,35.6767],[72.7961,35.6601],[72.8076,35.6171],[72.8,35.5939],[72.7779,35.582],[72.7561,35.575],[72.7549,35.5607],[72.7669,35.537],[72.7513,35.5173],[72.7344,35.5033],[72.729,35.4895],[72.7456,35.4725],[72.7456,35.4522],[72.7163,35.4277],[72.7062,35.4138],[72.7269,35.4017],[72.754,35.3945],[72.7671,35.3869],[72.7724,35.3499],[72.7648,35.2827],[72.7525,35.2704],[72.7163,35.267],[72.7131,35.251],[72.708,35.2413],[72.6927,35.2257],[72.6817,35.1991],[72.6944,35.1825],[72.7635,35.157],[72.7905,35.1383],[72.7939,35.1247],[72.7757,35.0965],[72.7936,35.0291],[72.8026,35.0044],[72.8305,34.9958],[72.8577,34.9946],[72.8719,34.9893],[72.877,34.981],[72.8767,34.9582],[72.8707,34.9348],[72.8589,34.9134],[72.8645,34.9022],[72.8845,34.8947],[72.9173,34.8887],[72.9528,34.8738],[72.9779,34.8618],[72.9854,34.8475],[72.9723,34.8292],[72.9552,34.8223],[72.928,34.8203],[72.9221,34.7843],[72.9111,34.7783],[72.8347,34.7652],[72.8123,34.758],[72.8063,34.7359],[72.808,34.7161],[72.7963,34.6975],[72.8045,34.6757],[72.7999,34.6601],[72.7868,34.6369],[72.8035,34.6127],[72.802,34.5754],[72.7812,34.5332],[72.8009,34.5108],[72.8263,34.5002],[72.8301,34.4921],[72.8164,34.4736],[72.8095,34.4464],[72.8147,34.4237],[72.8184,34.3669],[72.8084,34.3568],[72.7852,34.3615],[72.7591,34.3586],[72.7403,34.3485],[72.7324,34.3492],[72.7411,34.3717],[72.7568,34.402],[72.7417,34.4223],[72.7187,34.444],[72.7167,34.4645],[72.7529,34.4832],[72.75,34.4988],[72.7387,34.5191],[72.7313,34.541],[72.704,34.5935],[72.661,34.6007],[72.6543,34.6196],[72.6476,34.6325],[72.6172,34.6386],[72.581,34.6364],[72.5652,34.647],[72.5492,34.6634],[72.5275,34.6614],[72.5138,34.6812],[72.5203,34.7001],[72.516,34.7111],[72.4802,34.696],[72.4454,34.678],[72.3903,34.6777],[72.3452,34.6261],[72.3174,34.5993],[72.2915,34.5847],[72.2259,34.5644],[72.2338,34.558],[72.2386,34.5467],[72.2362,34.5244],[72.2201,34.5095],[72.1837,34.5209],[72.1506,34.5228],[72.1268,34.5075],[72.0964,34.4915],[72.0475,34.5096],[72.0136,34.5152],[71.9868,34.5064],[71.9728,34.482],[71.9758,34.4579],[71.9522,34.4279],[71.9156,34.419],[71.9031,34.4094],[71.9002,34.3924],[71.8907,34.3828],[71.8442,34.373],[71.8379,34.3696],[71.8334,34.3632],[71.8199,34.3754],[71.7978,34.3897],[71.7865,34.4066],[71.7694,34.4468],[71.7393,34.4527],[71.7162,34.4521],[71.6835,34.4701],[71.6694,34.4839],[71.6675,34.4874],[71.6657,34.5164],[71.6579,34.53],[71.6525,34.5362],[71.6539,34.541],[71.6507,34.5454],[71.6532,34.5534]]]]}},{"type":"Feature","properties":{"district_id":"pk-khyber-pakhtunkhwa-mardan","name":"Mardan","country":"PAK","province":"Khyber-Pakhtunkhwa"},"geometry":{"type":"MultiPolygon","coordinates":[[[[72.7181,34.3042],[72.7383,34.2963],[72.7435,34.2926],[72.7454,34.2896],[72.7445,34.2825],[72.7386,34.2772],[72.7451,34.2678],[72.769,34.2422],[72.7794,34.2183],[72.7782,34.1852],[72.7838,34.1732],[72.7911,34.1623],[72.7977,34.1428],[72.7976,34.1389],[72.7968,34.135],[72.7778,34.1081],[72.7538,34.0933],[72.6841,34.0698],[72.6728,34.0471],[72.6564,34.0237],[72.6343,34.0104],[72.5965,34.0],[72.5471,33.9919],[72.5315,33.9876],[72.5268,33.9926],[72.5056,33.992],[72.4507,33.9857],[72.4168,33.9939],[72.3826,33.9552],[72.3714,33.9405],[72.2841,33.915],[72.2651,33.9048],[72.2472,33.9255],[72.243,33.9377],[72.2249,33.9633],[72.2234,33.9754],[72.2433,33.988],[72.249,34.0092],[72.2455,34.0351],[72.2578,34.0813],[72.2502,34.0839],[72.2025,34.0918],[72.1715,34.091],[72.1577,34.0844],[72.1502,34.075],[72.1329,34.073],[72.0761,34.0759],[72.0502,34.0827],[72.0359,34.1034],[72.0087,34.1247],[71.9789,34.1326],[71.9572,34.1329],[71.9444,34.1421],[71.9344,34.1566],[71.9227,34.1891],[71.8927,34.2437],[71.8783,34.258],[71.8471,34.2673],[71.8331,34.2892],[71.8334,34.3632],[71.8379,34.3696],[71.8442,34.373],[71.8907,34.3828],[71.9002,34.3924],[71.9031,34.4094],[71.9156,34.419],[71.9522,34.4279],[71.9758,34.4579],[71.9728,34.482],[71.9868,34.5064],[72.0136,34.5152],[72.0475,34.5096],[72.0964,34.4915],[72.1268,34.5075],[72.1506,34.5228],[72.1837,34.5209],[72.2201,34.5095],[72.2362,34.5244],[72.2386,34.5467],[72.2338,34.558],[72.2259,34.5644],[72.2915,34.5847],[72.3174,34.5993],[72.3452,34.6261],[72.3903,34.6777],[72.4454,34.678],[72.4802,34.696],[72.516,34.7111],[72.5203,34.7001],[72.5138,34.6812],[72.5275,34.6614],[72.5492,34.6634],[72.5652,34.647],[72.581,34.6364],[72.6172,34.6386],[72.6476,34.6325],[72.6543,34.6196],[72.661,34.6007],[72.704,34.5935],[72.7313,34.541],[72.7387,34.5191],[72.75,34.4988],[72.7529,34.4832],[72.7167,34.4645],[72.7187,34.444],[72.7417,34.4223],[72.7568,34.402],[72.7411,34.3717],[72.7324,34.3492],[72.7179,34.3364],[72.703,34.314],[72.7181,34.3042]]]]}},{"type":"Feature","properties":{"district_id":"pk-khyber-pakhtunkhwa-peshawar","name":"Peshawar","country":"PAK","province":"Khyber-Pakhtunkhwa"},"geometry":{"type":"MultiPolygon","coordinates":[[[[71.8428,33.7183],[71.8614,33.7327],[71.8757,33.7563],[71.8676,33.772],[71.8235,33.7733],[71.7991,33.7768],[71.7855,33.7844],[71.762,33.8215],[71.7362,33.8213],[71.7294,33.8035],[71.7224,33.7911],[71.6723,33.7512],[71.5721,33.7221],[71.5131,33.7239],[71.5024,33.7474],[71.505,33.8019],[71.4983,33.8132],[71.4364,33.8713],[71.4461,33.9065],[71.4371,33.9311],[71.4046,33.9459],[71.3844,34.0228],[71.3909,34.0416],[71.389,34.0618],[71.3904,34.0913],[71.4007,34.1259],[71.4211,34.1576],[71.4466,34.1812],[71.4625,34.2034],[71.4976,34.2231],[71.5255,34.2368],[71.537,34.2407],[71.5483,34.2682],[71.5668,34.324],[71.5858,34.3467],[71.6194,34.3616],[71.6487,34.3801],[71.6586,34.4017],[71.6758,34.4184],[71.7162,34.4521],[71.7393,34.4527],[71.7694,34.4468],[71.7865,34.4066],[71.7978,34.3897],[71.8199,34.3754],[71.8334,34.3632],[71.8331,34.2892],[71.8471,34.2673],[71.8783,34.258],[71.8927,34.2437],[71.9227,34.1891],[71.9344,34.1566],[71.9444,34.1421],[71.9572,34.1329],[71.9789,34.1326],[72.0087,34.1247],[72.0359,34.1034],[72.0502,34.0827],[72.0761,34.0759],[72.1329,34.073],[72.1502,34.075],[72.1577,34.0844],[72.1715,34.091],[72.2025,34.0918],[72.2502,34.0839],[72.2578,34.0813],[72.2455,34.0351],[72.249,34.0092],[72.2433,33.988],[72.2234,33.9754],[72.2249,33.9633],[72.243,33.9377],[72.2472,33.9255],[72.2651,33.9048],[72.256,33.8999],[72.2357,33.8756],[72.2448,33.8331],[72.1671,33.7597],[72.1211,33.7712],[72.094,33.7717],[72.0438,33.7305],[72.029,33.709],[72.0088,33.7122],[71.9772,33.7135],[71.9465,33.7113],[71.9275,33.7072],[71.9073,33.6935],[71.8888,33.6841],[71.8665,33.6812],[71.8206,33.6931],[71.8195,33.6959],[71.8428,33.7183]]]]}},{"type":"Feature","properties":{"district_id":"pk-punjab-bahawalpur","name":"Bahawalpur","country":"PAK","province":"Punjab"},"geometry":{"type":"MultiPolygon","coordinates":[[[[71.087,27.7768],[71.0705,27.7683],[71.034,27.7573],[70.9616,27.7227],[70.9069,27.7006],[70.8842,27.6984],[70.8579,27.7022],[70.819,27.7043],[70.7577,27.7172],[70.738,27.7422],[70.7216,27.769],[70.7148,27.7763],[70.7031,27.8004],[70.6894,27.8194],[70.6784,27.8391],[70.6728,27.8698],[70.6721,27.9143],[70.6607,27.9305],[70.5988,27.9883],[70.5626,28.0198],[70.5303,28.0325],[70.5098,28.0355],[70.4791,28.0337],[70.4324,28.0215],[70.3662,28.0082],[70.3365,27.9831],[70.3219,27.9649],[70.3029,27.9462],[70.2813,27.9304],[70.2076,27.8854],[70.1808,27.8551],[70.0485,27.901],[70.0232,27.9149],[70.0081,27.9283],[69.9906,27.9385],[69.9644,27.9494],[69.9093,28.0157],[69.881,28.0413],[69.8358,28.0877],[69.8149,28.1334],[69.8052,28.1648],[69.807,28.193],[69.8053,28.2216],[69.7951,28.261],[69.7905,28.2932],[69.7839,28.313],[69.7846,28.3546],[69.767,28.3681],[69.7457,28.3754],[69.731,28.3861],[69.7436,28.4313],[69.7504,28.4417],[69.7686,28.4402],[69.7854,28.452],[69.7722,28.4666],[69.7868,28.4829],[69.822,28.4863],[69.8229,28.474],[69.8178,28.4564],[69.8198,28.4413],[69.8296,28.4328],[69.8515,28.4299],[69.8866,28.4553],[69.9028,28.4602],[69.9138,28.4837],[69.9155,28.5161],[69.9202,28.5472],[69.9302,28.5505],[69.9538,28.5522],[69.9711,28.548],[69.9883,28.5542],[70.0377,28.5829],[70.052,28.5876],[70.0603,28.6158],[69.9729,28.6213],[69.995,28.6356],[70.0532,28.6398],[70.065,28.6445],[70.0928,28.6619],[70.1375,28.6603],[70.16,28.6632],[70.1698,28.6753],[70.1785,28.7002],[70.1928,28.7139],[70.2103,28.7229],[70.2185,28.7333],[70.1987,28.7544],[70.2156,28.7546],[70.2388,28.7473],[70.2594,28.7461],[70.2761,28.7586],[70.2933,28.782],[70.3133,28.7933],[70.3428,28.8021],[70.3578,28.8225],[70.3662,28.8472],[70.3636,28.8744],[70.3657,28.8946],[70.3975,28.911],[70.4295,28.9191],[70.4544,28.9414],[70.4833,28.9577],[70.5085,28.9636],[70.5259,28.9844],[70.5443,28.9983],[70.5672,29.006],[70.5709,29.0287],[70.5795,29.0502],[70.6316,29.0575],[70.679,29.0779],[70.7095,29.1013],[70.7328,29.1218],[70.7429,29.1551],[70.7556,29.1874],[70.7704,29.1908],[70.7829,29.1816],[70.7926,29.1891],[70.8225,29.2026],[70.8666,29.1968],[70.8784,29.1963],[70.8972,29.1993],[70.9156,29.1979],[70.9302,29.2081],[70.9251,29.2297],[70.8888,29.2565],[70.877,29.279],[70.8881,29.2841],[70.9191,29.2834],[70.9564,29.287],[70.9933,29.3034],[71.0175,29.3311],[71.0554,29.3659],[71.0756,29.3713],[71.0968,29.3582],[71.1054,29.3578],[71.114,29.3623],[71.1143,29.3876],[71.1196,29.404],[71.1258,29.4088],[71.1387,29.41],[71.1442,29.3957],[71.1604,29.3859],[71.1754,29.4129],[71.1986,29.4204],[71.2199,29.4168],[71.231,29.4041],[71.2378,29.3919],[71.2579,29.3721],[71.2864,29.3782],[71.341,29.3971],[71.3489,29.3886],[71.3505,29.3621],[71.3658,29.3505],[71.3738,29.3467],[71.3894,29.3497],[71.4152,29.3604],[71.4434,29.3634],[71.4726,29.3632],[71.4973,29.3665],[71.504,29.3725],[71.5206,29.3924],[71.5429,29.3965],[71.5879,29.3972],[71.5972,29.4114],[71.6077,29.4203],[71.6158,29.4246],[71.6488,29.4312],[71.6813,29.4347],[71.7033,29.4399],[71.7263,29.4544],[71.7306,29.4611],[71.742,29.4873],[71.7505,29.4842],[71.7797,29.4652],[71.7885,29.4627],[71.8153,29.4621],[71.8242,29.4726],[71.8273,29.4788],[71.8462,29.4908],[71.8609,29.5085],[71.8741,29.4987],[71.8859,29.48],[71.8922,29.4896],[71.9031,29.5001],[71.9106,29.5028],[71.9252,29.4968],[71.9178,29.48],[71.9182,29.4728],[71.9309,29.4591],[71.9383,29.4734],[71.9464,29.4779],[71.9625,29.476],[71.9615,29.4841],[71.9447,29.5078],[71.9472,29.5183],[71.9518,29.524],[71.9776,29.5254],[72.0299,29.5119],[72.0522,29.5196],[72.0691,29.5219],[72.1004,29.5166],[72.1119,29.5185],[72.1161,29.533],[72.1281,29.5461],[72.1443,29.5567],[72.1529,29.5605],[72.1776,29.5643],[72.1978,29.5761],[72.2048,29.5818],[72.2136,29.5958],[72.2155,29.6208],[72.2299,29.6359],[72.2337,29.659],[72.2483,29.6748],[72.2551,29.6798],[72.2857,29.69],[72.2862,29.7067],[72.2667,29.7291],[72.2593,29.7352],[72.2524,29.7451],[72.2539,29.752],[72.271,29.7759],[72.2838,29.7894],[72.3395,29.7894],[72.3499,29.8027],[72.3598,29.8058],[72.3952,29.8106],[72.407,29.8297],[72.4087,29.8382],[72.4184,29.826],[72.4269,29.8366],[72.4475,29.8344],[72.4546,29.8301],[72.4758,29.8295],[72.5,29.8373],[72.5027,29.8173],[72.5093,29.8086],[72.5163,29.8129],[72.5275,29.809],[72.5446,29.8101],[72.5555,29.8237],[72.5624,29.8198],[72.5675,29.8149],[72.5928,29.8101],[72.6061,29.8226],[72.6144,29.8239],[72.6227,29.8212],[72.6412,29.8251],[72.6804,29.8528],[72.7216,29.848],[72.7318,29.8483],[72.7327,29.8548],[72.7289,29.8722],[72.7326,29.8924],[72.7524,29.8953],[72.7706,29.8871],[72.7788,29.8854],[72.7981,29.8849],[72.8015,29.9003],[72.7999,29.9222],[72.8012,29.9359],[72.8135,29.9607],[72.8369,29.9671],[72.8505,29.9588],[72.8628,29.9416],[72.8697,29.9362],[72.8886,29.9289],[72.8904,29.9414],[72.8816,29.9604],[72.8769,29.9757],[72.9081,30.0045],[72.9247,30.007],[72.9449,29.9942],[72.9632,29.9763],[72.9862,29.9734],[73.0399,30.0055],[73.0445,30.0112],[73.0301,30.0353],[73.028,30.0416],[73.032,30.0587],[73.0451,30.0583],[73.06,30.0492],[73.0748,30.0374],[73.0851,30.0266],[73.0935,30.0083],[73.1017,30.004],[73.1132,30.0064],[73.1195,30.0168],[73.1172,30.0261],[73.0949,30.0378],[73.0867,30.0493],[73.0962,30.058],[73.1158,30.0625],[73.1269,30.0709],[73.1515,30.107],[73.1871,30.1067],[73.1946,30.1049],[73.1901,30.0894],[73.1926,30.075],[73.2035,30.0693],[73.2132,30.0726],[73.2154,30.1007],[73.2216,30.1242],[73.2325,30.1382],[73.2425,30.1441],[73.2558,30.1406],[73.2673,30.1342],[73.272,30.1288],[73.2842,30.1212],[73.2942,30.1294],[73.2979,30.1411],[73.3017,30.148],[73.3115,30.1574],[73.3274,30.1453],[73.3519,30.1148],[73.3641,30.1067],[73.3688,30.1178],[73.3701,30.1328],[73.3652,30.1501],[73.3638,30.1696],[73.3718,30.1848],[73.381,30.1897],[73.4054,30.1952],[73.4263,30.1951],[73.4437,30.1969],[73.4465,30.2439],[73.4519,30.2485],[73.4644,30.2453],[73.4718,30.2169],[73.4817,30.2176],[73.4853,30.2243],[73.4864,30.2466],[73.4903,30.2576],[73.5141,30.2758],[73.5345,30.2804],[73.5455,30.2809],[73.5668,30.2699],[73.5736,30.2821],[73.5811,30.3005],[73.5876,30.3051],[73.5997,30.3084],[73.6379,30.3078],[73.663,30.3011],[73.6713,30.3003],[73.6893,30.3063],[73.6958,30.3106],[73.7358,30.3153],[73.7521,30.3325],[73.7731,30.3412],[73.7808,30.3408],[73.808,30.333],[73.8186,30.3196],[73.8261,30.3236],[73.8343,30.334],[73.84,30.3383],[73.8529,30.345],[73.8647,30.3479],[73.8939,30.3506],[73.8973,30.349],[73.901,30.3429],[73.9085,30.3367],[73.9159,30.3273],[73.9254,30.3106],[73.9343,30.303],[73.9473,30.2747],[73.9578,30.2617],[73.9639,30.2308],[73.9663,30.195],[73.958,30.1857],[73.9235,30.1679],[73.8955,30.1494],[73.8835,30.1389],[73.8377,30.1087],[73.8063,30.0825],[73.7941,30.0697],[73.7872,30.0664],[73.754,30.0565],[73.7092,30.0471],[73.6534,30.0312],[73.6112,30.0224],[73.5618,30.0056],[73.5399,29.9954],[73.4128,29.9492],[73.3992,29.9434],[73.3914,29.9379],[73.3854,29.926],[73.3658,29.8528],[73.3587,29.8361],[73.3403,29.7689],[73.3255,29.7277],[73.3161,29.6945],[73.312,29.6862],[73.2976,29.6336],[73.286,29.6046],[73.2713,29.557],[73.2381,29.5061],[73.2324,29.493],[73.2216,29.4794],[73.2024,29.4419],[73.1913,29.4286],[73.171,29.3894],[73.1469,29.3499],[73.137,29.3293],[73.1152,29.2947],[73.1094,29.2827],[73.1015,29.2725],[73.0893,29.2491],[73.0785,29.2334],[73.0552,29.2071],[73.0355,29.188],[73.0203,29.1682],[73.0,29.1474],[72.9851,29.1163],[72.9788,29.1071],[72.9417,29.0272],[72.9355,29.0229],[72.899,29.0094],[72.8877,29.0037],[72.862,28.9962],[72.844,28.9877],[72.7414,28.9483],[72.7113,28.935],[72.6507,28.9034],[72.5879,28.866],[72.5516,28.8482],[72.5199,28.8286],[72.4848,28.8104],[72.4466,28.7932],[72.4027,28.7779],[72.3847,28.7639],[72.3464,28.7205],[72.3444,28.716],[72.3263,28.6989],[72.302,28.6648],[72.2534,28.527],[72.2494,28.5108],[72.2444,28.5058],[72.2432,28.4964],[72.2088,28.4],[72.2023,28.3853],[72.198,28.3814],[72.1844,28.358],[72.1561,28.3369],[72.1261,28.3035],[72.0663,28.2608],[72.0443,28.2435],[72.0191,28.2266],[71.9959,28.207],[71.966,28.1653],[71.9535,28.1527],[71.9333,28.1269],[71.9253,28.1054],[71.9202,28.0756],[71.9124,28.0481],[71.9119,28.0261],[71.9055,27.9975],[71.9015,27.969],[71.8974,27.9574],[71.8585,27.9414],[71.7656,27.9099],[71.698,27.8826],[71.6639,27.8727],[71.6583,27.8689],[71.6045,27.8682],[71.5866,27.8703],[71.5308,27.8653],[71.4479,27.8661],[71.4188,27.864],[71.4097,27.8658],[71.3811,27.8619],[71.273,27.8419],[71.2301,27.8288],[71.2087,27.8244],[71.1838,27.8144],[71.1737,27.812],[71.087,27.7768]]]]}},{"type":"Feature","properties":{"district_id":"pk-punjab-deraghazikhan","name":"DeraGhaziKhan","country":"PAK","province":"Punjab"},"geometry":{"type":"MultiPolygon","coordinates":[[[[70.4295,28.9191],[70.3975,28.911],[70.3657,28.8946],[70.3636,28.8744],[70.3662,28.8472],[70.3578,28.8225],[70.3428,28.8021],[70.3133,28.7933],[70.2933,28.782],[70.2761,28.7586],[70.2594,28.7461],[70.2388,28.7473],[70.2156,28.7546],[70.1987,28.7544],[70.2185,28.7333],[70.2103,28.7229],[70.1928,28.7139],[70.1785,28.7002],[70.1698,28.6753],[70.16,28.6632],[70.1375,28.6603],[70.0928,28.6619],[70.065,28.6445],[70.0532,28.6398],[69.995,28.6356],[69.9729,28.6213],[70.0603,28.6158],[70.052,28.5876],[70.0377,28.5829],[69.9883,28.5542],[69.9711,28.548],[69.9538,28.5522],[69.9302,28.5505],[69.9202,28.5472],[69.9155,28.5161],[69.9138,28.4837],[69.9028,28.4602],[69.8866,28.4553],[69.8515,28.4299],[69.8296,28.4328],[69.8198,28.4413],[69.8178,28.4564],[69.8229,28.474],[69.822,28.4863],[69.7868,28.4829],[69.7722,28.4666],[69.7854,28.452],[69.7686,28.4402],[69.7504,28.4417],[69.7436,28.4313],[69.731,28.3861],[69.7196,28.3944],[69.7138,28.41],[69.6917,28.4333],[69.6608,28.4378],[69.5714,28.4454],[69.5916,28.4785],[69.5084,28.4929],[69.4738,28.4956],[69.4489,28.4946],[69.4239,28.4886],[69.4022,28.48],[69.3949,28.4683],[69.3901,28.456],[69.3487,28.457],[69.2948,28.4966],[69.286,28.5208],[69.2666,28.5504],[69.2618,28.5699],[69.278,28.5806],[69.3038,28.5932],[69.3433,28.6021],[69.3726,28.6135],[69.4864,28.8178],[69.482,28.8496],[69.4649,28.8552],[69.4475,28.8557],[69.4337,28.8647],[69.4498,28.8919],[69.4527,28.9241],[69.4636,28.9418],[69.4887,28.9542],[69.5076,28.9699],[69.5208,28.9783],[69.5415,28.9828],[69.5491,29.0082],[69.5652,29.0337],[69.5948,29.065],[69.6093,29.0876],[69.64,29.1017],[69.6724,29.1054],[69.6694,29.1231],[69.6807,29.1454],[69.7027,29.1724],[69.7038,29.217],[69.7183,29.256],[69.7361,29.2914],[69.7329,29.3116],[69.7149,29.3084],[69.6974,29.3008],[69.6729,29.2859],[69.6435,29.2738],[69.6373,29.3136],[69.6135,29.3332],[69.6171,29.3471],[69.6308,29.3664],[69.6367,29.3869],[69.6275,29.4031],[69.6098,29.4212],[69.5827,29.4386],[69.5565,29.4385],[69.5352,29.4268],[69.528,29.4313],[69.5285,29.4494],[69.5383,29.482],[69.5463,29.5018],[69.5569,29.5179],[69.565,29.544],[69.5561,29.6172],[69.5584,29.6515],[69.566,29.6593],[69.5804,29.6563],[69.586,29.6722],[69.6043,29.7049],[69.6227,29.715],[69.6934,29.736],[69.7591,29.7886],[69.7823,29.8019],[69.806,29.8089],[69.8273,29.845],[69.8416,29.8922],[69.8908,29.996],[69.9346,30.0499],[69.9658,30.0775],[69.9521,30.0995],[69.9658,30.1202],[69.9994,30.1498],[70.0046,30.1811],[70.0194,30.2103],[70.0414,30.2325],[70.0441,30.2433],[69.9382,30.2447],[69.9407,30.2512],[70.0483,30.2713],[70.0164,30.2916],[69.9444,30.2897],[69.9207,30.2821],[69.9201,30.2982],[69.9398,30.3324],[70.0005,30.3628],[70.0026,30.4011],[70.0018,30.4203],[69.98,30.4323],[70.0334,30.55],[70.0685,30.5936],[70.0798,30.6345],[70.0706,30.6539],[70.0641,30.6918],[70.0701,30.7172],[70.0923,30.7331],[70.1186,30.7383],[70.1271,30.7739],[70.1511,30.773],[70.1788,30.7749],[70.1793,30.8002],[70.1878,30.8314],[70.2016,30.844],[70.2243,30.8415],[70.2581,30.8435],[70.2619,30.8667],[70.2608,30.8883],[70.2242,30.8937],[70.2299,30.9027],[70.2369,30.926],[70.243,31.0473],[70.2167,31.0668],[70.225,31.0725],[70.2287,31.0812],[70.2306,31.1045],[70.2211,31.1367],[70.2271,31.1541],[70.2464,31.1656],[70.2792,31.1767],[70.3157,31.1782],[70.3265,31.1855],[70.3597,31.188],[70.3718,31.1916],[70.3726,31.2054],[70.3708,31.219],[70.367,31.2259],[70.3697,31.2459],[70.3886,31.2421],[70.3996,31.2444],[70.4159,31.2765],[70.4306,31.2861],[70.4605,31.2911],[70.4891,31.2935],[70.4971,31.2967],[70.5154,31.316],[70.5356,31.3251],[70.5438,31.3258],[70.5704,31.3225],[70.6095,31.309],[70.6544,31.3093],[70.6823,31.3182],[70.7075,31.3142],[70.7413,31.3001],[70.7523,31.2982],[70.772,31.3009],[70.7771,31.3064],[70.7847,31.3282],[70.7942,31.3406],[70.8,31.3456],[70.8068,31.3626],[70.8076,31.3817],[70.8093,31.3895],[70.8444,31.376],[70.8824,31.3924],[70.9126,31.4116],[70.9354,31.3929],[70.9502,31.376],[70.9845,31.3799],[71.0353,31.3742],[71.0908,31.3585],[71.1078,31.3499],[71.1609,31.3495],[71.1779,31.3256],[71.1953,31.2961],[71.2118,31.2738],[71.2343,31.2504],[71.257,31.2424],[71.2711,31.2422],[71.2836,31.2297],[71.2966,31.1599],[71.3238,31.1532],[71.4324,31.1636],[71.4592,31.1826],[71.4784,31.2183],[71.5028,31.2409],[71.5761,31.2393],[71.6226,31.2126],[71.6784,31.1764],[71.7322,31.1728],[71.7463,31.1643],[71.77,31.111],[71.7922,31.0677],[71.7971,31.0328],[71.787,30.9986],[71.7727,30.9712],[71.7906,30.941],[71.8061,30.925],[71.7907,30.8886],[71.8128,30.8811],[71.8066,30.8528],[71.7884,30.8373],[71.7767,30.8192],[71.7741,30.8044],[71.7435,30.8],[71.7211,30.7864],[71.702,30.7561],[71.6822,30.7422],[71.6767,30.7057],[71.6431,30.6995],[71.6315,30.6941],[71.6396,30.6744],[71.6338,30.6595],[71.6218,30.645],[71.6168,30.6289],[71.6306,30.6175],[71.671,30.6194],[71.6955,30.6105],[71.721,30.5927],[71.7661,30.5968],[71.7808,30.5925],[71.7807,30.5715],[71.7662,30.5476],[71.709,30.5119],[71.645,30.491],[71.6153,30.4734],[71.5545,30.4481],[71.5187,30.4162],[71.4877,30.4014],[71.4646,30.3697],[71.4079,30.3337],[71.3932,30.3191],[71.3823,30.2812],[71.3845,30.261],[71.3829,30.2434],[71.3598,30.2217],[71.3323,30.2024],[71.3116,30.1769],[71.293,30.1482],[71.2778,30.1076],[71.2641,30.0415],[71.2585,30.0042],[71.2625,29.9765],[71.2622,29.9559],[71.2423,29.9471],[71.2131,29.926],[71.1937,29.9003],[71.1808,29.8713],[71.1773,29.8516],[71.1784,29.8314],[71.1921,29.814],[71.1861,29.7842],[71.1773,29.7692],[71.1579,29.7584],[71.1524,29.7432],[71.1675,29.7137],[71.1528,29.6738],[71.1612,29.6607],[71.1609,29.6358],[71.1133,29.6183],[71.0944,29.609],[71.0686,29.605],[71.0587,29.5827],[71.0608,29.5587],[71.0366,29.5315],[71.0335,29.516],[71.0245,29.5066],[71.0261,29.4639],[71.0356,29.4331],[71.031,29.4074],[71.0455,29.3701],[71.0554,29.3659],[71.0175,29.3311],[70.9933,29.3034],[70.9564,29.287],[70.9191,29.2834],[70.8881,29.2841],[70.877,29.279],[70.8888,29.2565],[70.9251,29.2297],[70.9302,29.2081],[70.9156,29.1979],[70.8972,29.1993],[70.8784,29.1963],[70.8666,29.1968],[70.8225,29.2026],[70.7926,29.1891],[70.7829,29.1816],[70.7704,29.1908],[70.7556,29.1874],[70.7429,29.1551],[70.7328,29.1218],[70.7095,29.1013],[70.679,29.0779],[70.6316,29.0575],[70.5795,29.0502],[70.5709,29.0287],[70.5672,29.006],[70.5443,28.9983],[70.5259,28.9844],[70.5085,28.9636],[70.4833,28.9577],[70.4544,28.9414],[70.4295,28.9191]]]]}},{"type":"Feature","properties":{"district_id":"pk-punjab-faisalabad","name":"Faisalabad","country":"PAK","province":"Punjab"},"geometry":{"type":"MultiPolygon","coordinates":[[[[72.7952,30.7049],[72.7692,30.7009],[72.7535,30.6856],[72.7484,30.6681],[72.7323,30.6607],[72.726,30.6557],[72.7382,30.6409],[72.7486,30.6187],[72.733,30.5934],[72.7086,30.5729],[72.6453,30.5632],[72.5991,30.55],[72.5784,30.5638],[72.5677,30.5883],[72.5421,30.5987],[72.5065,30.5983],[72.4978,30.5903],[72.4966,30.5732],[72.4923,30.5579],[72.4746,30.554],[72.4327,30.5635],[72.4064,30.5813],[72.392,30.5829],[72.3576,30.5718],[72.3164,30.5544],[72.2805,30.5352],[72.2654,30.5308],[72.2502,30.5303],[72.231,30.5358],[72.2149,30.5381],[72.1673,30.5398],[72.1537,30.5444],[72.1522,30.5743],[72.1652,30.6043],[72.1928,30.6473],[72.2208,30.7025],[72.2056,30.7116],[72.1716,30.7082],[72.1299,30.7153],[72.0987,30.7067],[72.0634,30.7124],[72.0154,30.68],[72.0111,30.664],[71.9914,30.652],[71.9718,30.6644],[71.9599,30.6581],[71.9372,30.6647],[71.8757,30.6687],[71.8405,30.6625],[71.8029,30.6478],[71.7799,30.6133],[71.7808,30.5925],[71.7661,30.5968],[71.721,30.5927],[71.6955,30.6105],[71.671,30.6194],[71.6306,30.6175],[71.6168,30.6289],[71.6218,30.645],[71.6338,30.6595],[71.6396,30.6744],[71.6315,30.6941],[71.6431,30.6995],[71.6767,30.7057],[71.6822,30.7422],[71.702,30.7561],[71.7211,30.7864],[71.7435,30.8],[71.7741,30.8044],[71.7767,30.8192],[71.7884,30.8373],[71.8066,30.8528],[71.8128,30.8811],[71.7907,30.8886],[71.8061,30.925],[71.7906,30.941],[71.7727,30.9712],[71.787,30.9986],[71.7971,31.0328],[71.7922,31.0677],[71.77,31.111],[71.751,31.1544],[71.7485,31.1693],[71.7506,31.1876],[71.7613,31.2093],[71.7999,31.2307],[71.8413,31.2461],[71.8826,31.2468],[71.9597,31.2305],[71.9762,31.2405],[71.9794,31.2606],[71.9779,31.286],[71.9698,31.3441],[71.9605,31.3909],[71.96,31.4155],[71.9566,31.4489],[71.9443,31.4647],[71.9383,31.4773],[71.9787,31.5215],[72.0073,31.5359],[72.019,31.5473],[72.0293,31.5838],[72.0411,31.6045],[72.0593,31.6218],[72.1158,31.7098],[72.1344,31.7358],[72.155,31.7354],[72.2519,31.7711],[72.2644,31.7653],[72.3028,31.7536],[72.3163,31.7445],[72.3298,31.7272],[72.3317,31.7118],[72.3115,31.6836],[72.3021,31.6786],[72.2815,31.6794],[72.2812,31.6592],[72.2856,31.6483],[72.2861,31.6404],[72.2801,31.6363],[72.2441,31.6269],[72.2282,31.6199],[72.2131,31.6069],[72.2189,31.5992],[72.2219,31.5875],[72.2179,31.5665],[72.2184,31.5595],[72.2301,31.5579],[72.2374,31.5615],[72.2672,31.5901],[72.2896,31.6022],[72.4099,31.6519],[72.4397,31.6584],[72.466,31.6842],[72.4949,31.7023],[72.4984,31.7194],[72.498,31.7313],[72.5243,31.7353],[72.5316,31.7403],[72.5324,31.7625],[72.6132,31.775],[72.6357,31.7799],[72.6433,31.7852],[72.675,31.7942],[72.6963,31.8073],[72.7383,31.8275],[72.7794,31.8383],[72.7958,31.8378],[72.8224,31.8292],[72.8333,31.843],[72.8353,31.8511],[72.8462,31.8644],[72.8636,31.8662],[72.8951,31.8383],[72.9136,31.8399],[72.94,31.8274],[72.9463,31.8361],[72.9457,31.8519],[72.9557,31.8645],[72.9561,31.8715],[72.9236,31.8894],[72.8961,31.8921],[72.8747,31.8966],[72.8666,31.9067],[72.8643,31.9175],[72.8713,31.922],[72.8831,31.9225],[72.8966,31.9116],[72.9136,31.9197],[72.9145,31.9264],[72.9464,31.9317],[72.9409,31.9378],[72.9294,31.9441],[72.9199,31.9516],[72.9238,31.9673],[72.9398,31.9564],[72.9573,31.9494],[72.9949,31.9516],[73.0045,31.9503],[73.0301,31.9443],[73.0805,31.9266],[73.0986,31.9217],[73.112,31.9152],[73.1247,31.903],[73.132,31.8908],[73.1326,31.8738],[73.1363,31.8659],[73.1402,31.8405],[73.1721,31.8001],[73.1882,31.7862],[73.1961,31.7726],[73.1965,31.7656],[73.2033,31.7518],[73.2207,31.7469],[73.2397,31.7488],[73.2452,31.7398],[73.2402,31.7271],[73.2404,31.7197],[73.2588,31.7118],[73.307,31.7112],[73.3277,31.6977],[73.3342,31.6642],[73.3448,31.6522],[73.3589,31.6455],[73.3893,31.6364],[73.397,31.6309],[73.4207,31.6241],[73.4283,31.6091],[73.4255,31.6015],[73.4177,31.5928],[73.416,31.5859],[73.422,31.5749],[73.4462,31.5601],[73.452,31.5542],[73.457,31.5472],[73.4608,31.5292],[73.4611,31.5116],[73.4571,31.4959],[73.4363,31.4832],[73.436,31.4758],[73.4462,31.4561],[73.4823,31.4138],[73.494,31.4078],[73.5271,31.421],[73.5651,31.4575],[73.5752,31.4495],[73.5765,31.4279],[73.5991,31.4338],[73.6218,31.4511],[73.6352,31.4511],[73.6402,31.4441],[73.641,31.426],[73.6398,31.4188],[73.6538,31.4016],[73.6541,31.3624],[73.6472,31.3449],[73.6514,31.3174],[73.6508,31.3093],[73.637,31.284],[73.6292,31.2793],[73.5956,31.2656],[73.5523,31.2547],[73.5399,31.2296],[73.5349,31.2144],[73.5127,31.191],[73.5046,31.1895],[73.4739,31.1928],[73.4453,31.1986],[73.4241,31.1929],[73.4181,31.1851],[73.3961,31.1455],[73.391,31.1393],[73.3748,31.1282],[73.3503,31.1012],[73.3454,31.0941],[73.3319,31.0665],[73.3302,31.0598],[73.3295,31.0412],[73.3314,31.0235],[73.3437,31.0116],[73.344,31.0057],[73.3352,30.9847],[73.3183,30.9873],[73.2974,30.9874],[73.2735,30.9811],[73.2404,30.9695],[73.2122,30.937],[73.2097,30.927],[73.2011,30.927],[73.1762,30.909],[73.138,30.8964],[73.1314,30.8798],[73.1431,30.8548],[73.1386,30.8381],[73.1061,30.8474],[73.0837,30.8394],[73.0831,30.8072],[73.0599,30.7969],[73.0334,30.7987],[72.9974,30.7877],[72.9777,30.7775],[72.962,30.7629],[72.9341,30.7601],[72.9069,30.7466],[72.899,30.737],[72.9018,30.7232],[72.8828,30.7075],[72.851,30.6934],[72.8325,30.7076],[72.8132,30.7086],[72.7952,30.7049]]]]}},{"type":"Feature","properties":{"district_id":"pk-punjab-gujranwala","name":"Gujranwala","country":"PAK","province":"Punjab"},"geometry":{"type":"MultiPolygon","coordinates":[[[[74.4025,32.8003],[74.4372,32.7907],[74.4625,32.7785],[74.472,32.7784],[74.5315,32.7407],[74.5671,32.7552],[74.5736,32.7556],[74.5792,32.7533],[74.5941,32.7568],[74.6142,32.7577],[74.6328,32.7777],[74.6415,32.7919],[74.6372,32.8108],[74.638,32.8181],[74.642,32.8229],[74.6615,32.828],[74.6808,32.8382],[74.697,32.8397],[74.7004,32.827],[74.6946,32.8095],[74.6877,32.7961],[74.6675,32.7666],[74.6681,32.7634],[74.6619,32.7548],[74.6501,32.7184],[74.6542,32.6925],[74.6621,32.6805],[74.6693,32.6751],[74.6756,32.6658],[74.6762,32.658],[74.6692,32.6459],[74.6584,32.6374],[74.6492,32.6259],[74.6422,32.611],[74.6433,32.596],[74.648,32.5719],[74.6524,32.5602],[74.6805,32.5382],[74.683,32.5296],[74.6792,32.5154],[74.6814,32.5038],[74.6867,32.4931],[74.6984,32.4849],[74.7211,32.4817],[74.7436,32.4815],[74.747,32.4792],[74.758,32.4799],[74.7614,32.4822],[74.7989,32.4841],[74.8186,32.4961],[74.8353,32.4962],[74.8564,32.4927],[74.8615,32.4895],[74.8767,32.4856],[74.8829,32.4818],[74.891,32.4701],[74.8997,32.4661],[74.9241,32.4683],[74.9336,32.4676],[74.9436,32.4607],[74.9489,32.4541],[74.9639,32.4525],[74.9731,32.4479],[74.9879,32.4496],[75.0,32.4591],[75.0015,32.4633],[75.0117,32.4762],[75.0302,32.4918],[75.0366,32.4921],[75.0614,32.482],[75.0716,32.483],[75.0826,32.48],[75.0982,32.4659],[75.1068,32.455],[75.1098,32.454],[75.1209,32.4415],[75.1279,32.4212],[75.1395,32.4146],[75.1476,32.4134],[75.1604,32.4165],[75.1795,32.4254],[75.1885,32.4245],[75.1923,32.4198],[75.1955,32.4053],[75.2002,32.4023],[75.2315,32.3992],[75.2372,32.3958],[75.2533,32.38],[75.2803,32.3673],[75.2891,32.3576],[75.3115,32.3448],[75.3304,32.3317],[75.3367,32.3226],[75.3343,32.3044],[75.3362,32.2957],[75.3399,32.2886],[75.3494,32.284],[75.3533,32.2782],[75.3563,32.2785],[75.367,32.2687],[75.365,32.2624],[75.3586,32.2586],[75.357,32.2519],[75.3583,32.2458],[75.3637,32.2383],[75.3593,32.227],[75.3462,32.218],[75.3232,32.2189],[75.3177,32.2181],[75.3142,32.2149],[75.3136,32.2124],[75.3196,32.2082],[75.3333,32.2047],[75.3228,32.2013],[75.3172,32.1928],[75.3178,32.1708],[75.3142,32.1592],[75.3094,32.1546],[75.2833,32.1422],[75.2773,32.1352],[75.2748,32.1188],[75.272,32.1128],[75.2392,32.0872],[75.2334,32.0844],[75.2278,32.0846],[75.2236,32.0911],[75.225,32.1069],[75.2227,32.1125],[75.212,32.1191],[75.205,32.1156],[75.199,32.1173],[75.1953,32.1166],[75.1932,32.1146],[75.1937,32.1007],[75.1877,32.0993],[75.1852,32.0953],[75.1851,32.0838],[75.1748,32.0813],[75.1716,32.079],[75.1682,32.0714],[75.1645,32.068],[75.1584,32.0685],[75.1576,32.0721],[75.1519,32.0805],[75.1444,32.0829],[75.1298,32.0807],[75.1163,32.0828],[75.1081,32.0749],[75.0975,32.0703],[75.0948,32.0613],[75.0922,32.0595],[75.0858,32.0629],[75.0774,32.0612],[75.0812,32.0562],[75.076,32.0607],[75.069,32.0585],[75.0508,32.0413],[75.0459,32.0392],[75.031,32.0406],[75.023,32.039],[75.0106,32.0304],[75.0049,32.0288],[74.9984,32.0287],[74.9772,32.0423],[74.9638,32.0431],[74.9667,32.0474],[74.9661,32.051],[74.9603,32.055],[74.9259,32.0657],[74.9143,32.0652],[74.9069,32.0625],[74.8989,32.0499],[74.8793,32.0519],[74.8724,32.0505],[74.8623,32.0451],[74.8648,32.037],[74.8677,32.0334],[74.8651,32.0239],[74.8595,32.0266],[74.8565,32.0259],[74.8523,32.0219],[74.8403,32.0203],[74.8407,32.0174],[74.8455,32.0133],[74.8457,32.0092],[74.8278,32.0051],[74.8184,31.9974],[74.8199,31.9765],[74.8151,31.9717],[74.8091,31.9551],[74.8067,31.9539],[74.803,31.9575],[74.8014,31.9618],[74.7686,31.9518],[74.7595,31.9462],[74.7517,31.9475],[74.7477,31.9523],[74.746,31.9518],[74.7452,31.9492],[74.7458,31.9416],[74.7359,31.9374],[74.7267,31.9422],[74.7178,31.9577],[74.7092,31.9579],[74.7033,31.9249],[74.6948,31.9194],[74.6896,31.9226],[74.6847,31.9231],[74.674,31.921],[74.6702,31.9181],[74.6471,31.9466],[74.6029,32.009],[74.5766,32.0295],[74.5671,32.0345],[74.5537,32.0371],[74.4603,31.9773],[74.4184,31.9715],[74.3879,31.9515],[74.3701,31.9207],[74.3414,31.917],[74.3296,31.8963],[74.3036,31.8909],[74.2717,31.8904],[74.2337,31.8924],[74.1979,31.8978],[74.1637,31.8812],[74.1477,31.8513],[74.1248,31.8354],[74.08,31.8136],[74.0594,31.8125],[74.0278,31.8332],[74.0007,31.8304],[73.9634,31.8233],[73.9558,31.8329],[73.9229,31.8355],[73.8774,31.842],[73.8535,31.8542],[73.8312,31.8706],[73.8194,31.8884],[73.83,31.901],[73.8363,31.9172],[73.8304,31.9358],[73.8028,31.9562],[73.7729,31.9585],[73.7403,31.9447],[73.7148,31.9163],[73.6576,31.8645],[73.6275,31.8564],[73.5761,31.8574],[73.545,31.8563],[73.5322,31.8344],[73.5229,31.8056],[73.4936,31.7916],[73.4639,31.7979],[73.4365,31.8116],[73.4118,31.808],[73.3934,31.7872],[73.368,31.7908],[73.3533,31.7771],[73.3347,31.7637],[73.3157,31.7652],[73.3025,31.7617],[73.2879,31.7496],[73.2536,31.748],[73.2348,31.7491],[73.2207,31.7469],[73.2033,31.7518],[73.1965,31.7656],[73.1961,31.7726],[73.1882,31.7862],[73.1721,31.8001],[73.1402,31.8405],[73.1352,31.8682],[73.1743,31.8929],[73.1802,31.9142],[73.1779,31.9393],[73.1847,31.9489],[73.2023,31.9644],[73.2064,31.9885],[73.2036,32.0224],[73.2231,32.0434],[73.2362,32.085],[73.2567,32.0956],[73.2706,32.1107],[73.2745,32.112],[73.2739,32.1162],[73.2639,32.1324],[73.234,32.1577],[73.2149,32.1779],[73.2181,32.192],[73.2145,32.2076],[73.2074,32.2152],[73.205,32.2377],[73.1987,32.2494],[73.1873,32.254],[73.1784,32.2541],[73.1701,32.2489],[73.1486,32.2286],[73.1414,32.2262],[73.1238,32.2318],[73.1098,32.2496],[73.1059,32.2564],[73.1023,32.2918],[73.0992,32.2978],[73.0789,32.2856],[73.057,32.2855],[73.0497,32.3016],[73.0517,32.3095],[73.0633,32.3223],[73.0677,32.3303],[73.0688,32.3547],[73.0665,32.3624],[73.0435,32.3869],[73.0317,32.4042],[73.0275,32.4129],[73.0268,32.4208],[73.0312,32.4272],[73.0562,32.4517],[73.0717,32.4535],[73.0877,32.45],[73.111,32.4513],[73.117,32.4553],[73.1195,32.4804],[73.1242,32.4933],[73.1473,32.502],[73.1639,32.5238],[73.1777,32.5507],[73.177,32.5614],[73.1619,32.5816],[73.2536,32.5806],[73.2841,32.605],[73.3159,32.6161],[73.3497,32.6232],[73.357,32.6273],[73.3922,32.6383],[73.4035,32.6398],[73.461,32.6535],[73.5014,32.6735],[73.516,32.6858],[73.5364,32.7106],[73.5476,32.7301],[73.5736,32.7963],[73.5937,32.8371],[73.6219,32.8654],[73.6735,32.9003],[73.679,32.9079],[73.7098,32.9348],[73.7368,32.9515],[73.7538,32.9796],[73.7621,32.9757],[73.7731,32.9846],[73.7882,33.0074],[73.8202,33.0173],[73.8499,33.0164],[73.8728,33.007],[73.8919,32.9955],[73.926,33.0015],[73.9532,32.9705],[73.9544,32.9635],[73.9535,32.9498],[73.9638,32.9434],[74.0065,32.9483],[74.0306,32.9279],[74.0794,32.917],[74.1109,32.9067],[74.144,32.9002],[74.1536,32.8933],[74.1567,32.8868],[74.167,32.8748],[74.1835,32.8657],[74.2304,32.8515],[74.2534,32.8463],[74.2661,32.8312],[74.2752,32.8128],[74.3115,32.786],[74.3536,32.7895],[74.379,32.8016],[74.388,32.8034],[74.3908,32.8018],[74.4025,32.8003]]]]}},{"type":"Feature","properties":{"district_id":"pk-punjab-lahore","name":"Lahore","country":"PAK","province":"Punjab"},"geometry":{"type":"MultiPolygon","coordinates":[[[[74.1349,30.6288],[74.1236,30.629],[74.1218,30.6324],[74.1184,30.6322],[74.1174,30.6243],[74.1117,30.6168],[74.1105,30.607],[74.1089,30.6057],[74.1047,30.6066],[74.0984,30.6155],[74.091,30.6128],[74.0902,30.6085],[74.0945,30.6058],[74.092,30.5981],[74.0926,30.5753],[74.0841,30.5662],[74.0679,30.5549],[74.0682,30.5508],[74.0721,30.5493],[74.0764,30.5503],[74.0844,30.545],[74.0848,30.5407],[74.0776,30.5294],[74.0665,30.5202],[74.0557,30.522],[74.0477,30.5286],[74.0402,30.5377],[74.034,30.5363],[74.0256,30.5254],[73.9837,30.5005],[73.9727,30.4881],[73.9688,30.4802],[73.9665,30.4635],[73.9627,30.4576],[73.9553,30.458],[73.9469,30.4623],[73.9353,30.463],[73.9323,30.4584],[73.9366,30.443],[73.9316,30.4332],[73.9303,30.425],[73.9279,30.4209],[73.9034,30.4168],[73.8935,30.4023],[73.8798,30.3911],[73.8732,30.3834],[73.8709,30.375],[73.8713,30.3686],[73.8756,30.3608],[73.8939,30.3506],[73.8765,30.3498],[73.8529,30.345],[73.84,30.3383],[73.8343,30.334],[73.8261,30.3236],[73.8186,30.3196],[73.808,30.333],[73.7808,30.3408],[73.7731,30.3412],[73.7521,30.3325],[73.7358,30.3153],[73.6958,30.3106],[73.6893,30.3063],[73.6713,30.3003],[73.663,30.3011],[73.6379,30.3078],[73.5997,30.3084],[73.6199,30.3443],[73.6277,30.3648],[73.6264,30.3927],[73.6143,30.4047],[73.5895,30.4373],[73.6107,30.4625],[73.6108,30.4873],[73.5813,30.5027],[73.563,30.5199],[73.532,30.5264],[73.5002,30.5299],[73.4848,30.5429],[73.4672,30.5638],[73.4447,30.5858],[73.4494,30.6019],[73.4516,30.6253],[73.4155,30.6259],[73.3965,30.5877],[73.3714,30.531],[73.3504,30.5223],[73.3317,30.5286],[73.3121,30.5245],[73.2918,30.5253],[73.2779,30.5447],[73.2829,30.5595],[73.3034,30.572],[73.3297,30.5813],[73.3437,30.605],[73.345,30.6231],[73.3495,30.639],[73.3407,30.667],[73.3383,30.6877],[73.3544,30.7331],[73.3507,30.7529],[73.3355,30.7784],[73.2949,30.787],[73.2211,30.7946],[73.2305,30.8186],[73.2622,30.8457],[73.2555,30.8709],[73.2176,30.8814],[73.2108,30.8927],[73.2097,30.927],[73.2122,30.937],[73.2404,30.9695],[73.2735,30.9811],[73.2974,30.9874],[73.3183,30.9873],[73.3352,30.9847],[73.344,31.0057],[73.3437,31.0116],[73.3314,31.0235],[73.3295,31.0412],[73.3302,31.0598],[73.3319,31.0665],[73.3454,31.0941],[73.3503,31.1012],[73.3748,31.1282],[73.391,31.1393],[73.3961,31.1455],[73.4181,31.1851],[73.4241,31.1929],[73.4453,31.1986],[73.4739,31.1928],[73.5046,31.1895],[73.5127,31.191],[73.5349,31.2144],[73.5399,31.2296],[73.5523,31.2547],[73.5956,31.2656],[73.6292,31.2793],[73.637,31.284],[73.6508,31.3093],[73.6514,31.3174],[73.6472,31.3449],[73.6541,31.3624],[73.6538,31.4016],[73.6398,31.4188],[73.641,31.426],[73.6402,31.4441],[73.6352,31.4511],[73.6218,31.4511],[73.5991,31.4338],[73.5765,31.4279],[73.5752,31.4495],[73.5651,31.4575],[73.5271,31.421],[73.494,31.4078],[73.4823,31.4138],[73.4462,31.4561],[73.436,31.4758],[73.4363,31.4832],[73.4571,31.4959],[73.4611,31.5116],[73.4608,31.5292],[73.457,31.5472],[73.452,31.5542],[73.4462,31.5601],[73.422,31.5749],[73.416,31.5859],[73.4177,31.5928],[73.4255,31.6015],[73.4283,31.6091],[73.4207,31.6241],[73.397,31.6309],[73.3893,31.6364],[73.3589,31.6455],[73.3448,31.6522],[73.3342,31.6642],[73.3277,31.6977],[73.307,31.7112],[73.2588,31.7118],[73.2404,31.7197],[73.2402,31.7271],[73.2452,31.7398],[73.2397,31.7488],[73.2536,31.748],[73.2879,31.7496],[73.3025,31.7617],[73.3157,31.7652],[73.3347,31.7637],[73.3533,31.7771],[73.368,31.7908],[73.3934,31.7872],[73.4118,31.808],[73.4365,31.8116],[73.4639,31.7979],[73.4936,31.7916],[73.5229,31.8056],[73.5322,31.8344],[73.545,31.8563],[73.5761,31.8574],[73.6275,31.8564],[73.6576,31.8645],[73.7148,31.9163],[73.7403,31.9447],[73.7729,31.9585],[73.8028,31.9562],[73.8304,31.9358],[73.8363,31.9172],[73.83,31.901],[73.8194,31.8884],[73.8312,31.8706],[73.8535,31.8542],[73.8774,31.842],[73.9229,31.8355],[73.9558,31.8329],[73.9634,31.8233],[74.0007,31.8304],[74.0278,31.8332],[74.0594,31.8125],[74.08,31.8136],[74.1248,31.8354],[74.1477,31.8513],[74.1637,31.8812],[74.1979,31.8978],[74.2337,31.8924],[74.2717,31.8904],[74.3036,31.8909],[74.3296,31.8963],[74.3414,31.917],[74.3701,31.9207],[74.3879,31.9515],[74.4184,31.9715],[74.4603,31.9773],[74.5537,32.0371],[74.5671,32.0345],[74.5766,32.0295],[74.6029,32.009],[74.6471,31.9466],[74.6702,31.9181],[74.6679,31.9166],[74.6599,31.9182],[74.659,31.9135],[74.6516,31.9092],[74.6508,31.8981],[74.6472,31.8959],[74.6379,31.8967],[74.6337,31.8897],[74.6266,31.8829],[74.6152,31.8809],[74.6044,31.884],[74.6025,31.8865],[74.5991,31.8851],[74.5959,31.8772],[74.596,31.8648],[74.5833,31.8569],[74.5805,31.8435],[74.5726,31.8417],[74.5647,31.8324],[74.5557,31.8277],[74.5558,31.8225],[74.5596,31.8187],[74.5602,31.8153],[74.5576,31.8078],[74.5494,31.7983],[74.5495,31.7965],[74.5548,31.7945],[74.5549,31.7916],[74.5472,31.7843],[74.544,31.7764],[74.5449,31.7654],[74.552,31.7575],[74.5518,31.7532],[74.5455,31.7505],[74.5365,31.7511],[74.5289,31.7497],[74.518,31.7452],[74.5173,31.7229],[74.5302,31.6981],[74.5785,31.6234],[74.5926,31.5923],[74.6009,31.5678],[74.6017,31.5631],[74.6001,31.5629],[74.6003,31.5598],[74.6023,31.5589],[74.6052,31.541],[74.6039,31.5341],[74.599,31.5275],[74.5935,31.5255],[74.5824,31.5248],[74.573,31.5196],[74.5714,31.5159],[74.5714,31.5114],[74.5734,31.5092],[74.5725,31.5058],[74.5659,31.5029],[74.5662,31.5008],[74.5796,31.4957],[74.5825,31.4984],[74.5901,31.4984],[74.5951,31.5002],[74.6028,31.4948],[74.6044,31.4897],[74.6091,31.4872],[74.6141,31.4858],[74.6265,31.4867],[74.6207,31.48],[74.6207,31.478],[74.6307,31.4724],[74.6323,31.4696],[74.6402,31.4645],[74.6421,31.46],[74.6408,31.4559],[74.6363,31.4522],[74.6253,31.4236],[74.5946,31.3971],[74.5519,31.2985],[74.5302,31.2987],[74.5247,31.2947],[74.5184,31.2839],[74.5169,31.278],[74.5128,31.2755],[74.5111,31.2723],[74.5116,31.2681],[74.5146,31.2662],[74.5222,31.2475],[74.5196,31.2417],[74.5137,31.2367],[74.5113,31.2313],[74.5108,31.2229],[74.5138,31.2175],[74.5145,31.2094],[74.5083,31.1974],[74.5078,31.1929],[74.5095,31.187],[74.5075,31.1852],[74.5024,31.185],[74.5013,31.1816],[74.5046,31.1674],[74.5046,31.1385],[74.5062,31.1358],[74.5232,31.1296],[74.5265,31.1224],[74.5363,31.1251],[74.5434,31.1217],[74.5445,31.117],[74.5435,31.1052],[74.5459,31.0985],[74.5464,31.0886],[74.5519,31.0856],[74.5577,31.087],[74.5658,31.0843],[74.5705,31.0884],[74.5781,31.0902],[74.5813,31.0918],[74.5827,31.0948],[74.5854,31.0952],[74.5928,31.0874],[74.5965,31.0909],[74.5964,31.0975],[74.6001,31.1034],[74.6006,31.1088],[74.5966,31.1243],[74.5918,31.1283],[74.5924,31.1334],[74.6013,31.1354],[74.6078,31.1327],[74.6147,31.136],[74.6215,31.137],[74.6262,31.1364],[74.6249,31.1226],[74.6312,31.1213],[74.6357,31.1242],[74.6398,31.1301],[74.6511,31.1348],[74.6574,31.1326],[74.659,31.1274],[74.6637,31.1268],[74.6689,31.1304],[74.6773,31.1306],[74.6821,31.1202],[74.6899,31.1171],[74.6908,31.104],[74.6944,31.0982],[74.6944,31.0954],[74.6863,31.0896],[74.6842,31.0864],[74.685,31.0765],[74.6832,31.0722],[74.6722,31.0616],[74.656,31.0545],[74.6335,31.0529],[74.6225,31.047],[74.6002,31.0435],[74.5925,31.052],[74.5717,31.0674],[74.5584,31.0675],[74.5534,31.0626],[74.5497,31.0432],[74.538,31.0317],[74.5357,31.0168],[74.5318,31.0127],[74.5336,31.0051],[74.5385,30.9974],[74.5381,30.9935],[74.5144,30.9849],[74.5044,30.9778],[74.4997,30.969],[74.4966,30.9672],[74.4851,30.9705],[74.4706,30.966],[74.4678,30.9626],[74.4464,30.9489],[74.4287,30.9344],[74.4207,30.9259],[74.4192,30.9117],[74.4161,30.906],[74.395,30.9035],[74.3827,30.8917],[74.3655,30.8854],[74.3619,30.8793],[74.3622,30.8724],[74.3711,30.8603],[74.372,30.8529],[74.363,30.8458],[74.3588,30.8459],[74.3474,30.8513],[74.346,30.8543],[74.3427,30.8545],[74.3325,30.8531],[74.3311,30.849],[74.3233,30.8503],[74.3161,30.8476],[74.3116,30.8405],[74.3076,30.8211],[74.2953,30.8116],[74.2933,30.8032],[74.2858,30.7996],[74.2868,30.7958],[74.2968,30.7924],[74.299,30.7888],[74.2974,30.7827],[74.2911,30.7784],[74.2791,30.7761],[74.2737,30.7728],[74.265,30.7728],[74.2622,30.768],[74.2663,30.7624],[74.2737,30.7433],[74.2825,30.7346],[74.2818,30.7302],[74.2797,30.7294],[74.2683,30.7314],[74.254,30.723],[74.241,30.7222],[74.2322,30.7196],[74.222,30.7081],[74.1968,30.6718],[74.1861,30.6594],[74.1832,30.6595],[74.1509,30.6326],[74.1439,30.6291],[74.1349,30.6288]]]]}},{"type":"Feature","properties":{"district_id":"pk-punjab-multan","name":"Multan","country":"PAK","province":"Punjab"},"geometry":{"type":"MultiPolygon","coordinates":[[[[72.1443,29.5567],[72.1281,29.5461],[72.1161,29.533],[72.1119,29.5185],[72.1004,29.5166],[72.0691,29.5219],[72.0522,29.5196],[72.0299,29.5119],[71.9776,29.5254],[71.9518,29.524],[71.9472,29.5183],[71.9447,29.5078],[71.9615,29.4841],[71.9625,29.476],[71.9464,29.4779],[71.9383,29.4734],[71.9309,29.4591],[71.9182,29.4728],[71.9178,29.48],[71.9252,29.4968],[71.9106,29.5028],[71.9031,29.5001],[71.8922,29.4896],[71.8859,29.48],[71.8741,29.4987],[71.8609,29.5085],[71.8462,29.4908],[71.8273,29.4788],[71.8242,29.4726],[71.8153,29.4621],[71.7885,29.4627],[71.7797,29.4652],[71.7505,29.4842],[71.742,29.4873],[71.7306,29.4611],[71.7263,29.4544],[71.7033,29.4399],[71.6813,29.4347],[71.6488,29.4312],[71.6158,29.4246],[71.6077,29.4203],[71.5972,29.4114],[71.5879,29.3972],[71.5429,29.3965],[71.5206,29.3924],[71.504,29.3725],[71.4973,29.3665],[71.4726,29.3632],[71.4434,29.3634],[71.4152,29.3604],[71.3894,29.3497],[71.3738,29.3467],[71.3658,29.3505],[71.3505,29.3621],[71.3489,29.3886],[71.341,29.3971],[71.2864,29.3782],[71.2579,29.3721],[71.2378,29.3919],[71.231,29.4041],[71.2199,29.4168],[71.1986,29.4204],[71.1754,29.4129],[71.1604,29.3859],[71.1442,29.3957],[71.1387,29.41],[71.1258,29.4088],[71.1196,29.404],[71.1143,29.3876],[71.114,29.3623],[71.1054,29.3578],[71.0968,29.3582],[71.0756,29.3713],[71.0554,29.3659],[71.0455,29.3701],[71.031,29.4074],[71.0356,29.4331],[71.0261,29.4639],[71.0245,29.5066],[71.0335,29.516],[71.0366,29.5315],[71.0608,29.5587],[71.0587,29.5827],[71.0686,29.605],[71.0944,29.609],[71.1133,29.6183],[71.1609,29.6358],[71.1612,29.6607],[71.1528,29.6738],[71.1675,29.7137],[71.1524,29.7432],[71.1579,29.7584],[71.1773,29.7692],[71.1861,29.7842],[71.1921,29.814],[71.1784,29.8314],[71.1773,29.8516],[71.1808,29.8713],[71.1937,29.9003],[71.2131,29.926],[71.2423,29.9471],[71.2622,29.9559],[71.2625,29.9765],[71.2585,30.0042],[71.2641,30.0415],[71.2778,30.1076],[71.293,30.1482],[71.3116,30.1769],[71.3323,30.2024],[71.3598,30.2217],[71.3829,30.2434],[71.3845,30.261],[71.3823,30.2812],[71.3932,30.3191],[71.4079,30.3337],[71.4646,30.3697],[71.4877,30.4014],[71.5187,30.4162],[71.5545,30.4481],[71.6153,30.4734],[71.645,30.491],[71.709,30.5119],[71.7662,30.5476],[71.7807,30.5715],[71.7799,30.6133],[71.8029,30.6478],[71.8405,30.6625],[71.8757,30.6687],[71.9372,30.6647],[71.9599,30.6581],[71.9718,30.6644],[71.9914,30.652],[72.0111,30.664],[72.0154,30.68],[72.0634,30.7124],[72.0987,30.7067],[72.1299,30.7153],[72.1716,30.7082],[72.2056,30.7116],[72.2208,30.7025],[72.1928,30.6473],[72.1652,30.6043],[72.1522,30.5743],[72.1537,30.5444],[72.1673,30.5398],[72.2149,30.5381],[72.231,30.5358],[72.2502,30.5303],[72.2654,30.5308],[72.2805,30.5352],[72.3164,30.5544],[72.3576,30.5718],[72.392,30.5829],[72.4064,30.5813],[72.4327,30.5635],[72.4746,30.554],[72.4923,30.5579],[72.4966,30.5732],[72.4978,30.5903],[72.5065,30.5983],[72.5421,30.5987],[72.5677,30.5883],[72.5784,30.5638],[72.5991,30.55],[72.6453,30.5632],[72.7086,30.5729],[72.733,30.5934],[72.7486,30.6187],[72.7382,30.6409],[72.726,30.6557],[72.7323,30.6607],[72.7484,30.6681],[72.7535,30.6856],[72.7692,30.7009],[72.8132,30.7086],[72.8325,30.7076],[72.851,30.6934],[72.8828,30.7075],[72.9018,30.7232],[72.899,30.737],[72.9069,30.7466],[72.9341,30.7601],[72.962,30.7629],[72.9777,30.7775],[72.9974,30.7877],[73.0334,30.7987],[73.0599,30.7969],[73.0831,30.8072],[73.0837,30.8394],[73.1061,30.8474],[73.1386,30.8381],[73.1431,30.8548],[73.1314,30.8798],[73.138,30.8964],[73.1762,30.909],[73.2011,30.927],[73.2097,30.927],[73.2108,30.8927],[73.2176,30.8814],[73.2555,30.8709],[73.2622,30.8457],[73.2305,30.8186],[73.2211,30.7946],[73.2949,30.787],[73.3355,30.7784],[73.3507,30.7529],[73.3544,30.7331],[73.3383,30.6877],[73.3407,30.667],[73.3495,30.639],[73.345,30.6231],[73.3437,30.605],[73.3297,30.5813],[73.3034,30.572],[73.2829,30.5595],[73.2779,30.5447],[73.2918,30.5253],[73.3121,30.5245],[73.3317,30.5286],[73.3504,30.5223],[73.3714,30.531],[73.3965,30.5877],[73.4155,30.6259],[73.4516,30.6253],[73.4494,30.6019],[73.4447,30.5858],[73.4672,30.5638],[73.4848,30.5429],[73.5002,30.5299],[73.532,30.5264],[73.563,30.5199],[73.5813,30.5027],[73.6108,30.4873],[73.6107,30.4625],[73.5895,30.4373],[73.6143,30.4047],[73.6264,30.3927],[73.6277,30.3648],[73.6199,30.3443],[73.5997,30.3084],[73.5876,30.3051],[73.5811,30.3005],[73.5736,30.2821],[73.5668,30.2699],[73.5455,30.2809],[73.5345,30.2804],[73.5141,30.2758],[73.5071,30.2713],[73.4903,30.2576],[73.4864,30.2466],[73.4853,30.2243],[73.4817,30.2176],[73.4718,30.2169],[73.4644,30.2453],[73.4519,30.2485],[73.4465,30.2439],[73.4437,30.1969],[73.4263,30.1951],[73.4054,30.1952],[73.381,30.1897],[73.3718,30.1848],[73.3638,30.1696],[73.3652,30.1501],[73.3701,30.1328],[73.3688,30.1178],[73.3641,30.1067],[73.3519,30.1148],[73.3274,30.1453],[73.3115,30.1574],[73.3017,30.148],[73.2979,30.1411],[73.2942,30.1294],[73.2842,30.1212],[73.272,30.1288],[73.2673,30.1342],[73.2558,30.1406],[73.2425,30.1441],[73.2325,30.1382],[73.2216,30.1242],[73.2154,30.1007],[73.2132,30.0726],[73.2035,30.0693],[73.1926,30.075],[73.1901,30.0894],[73.1946,30.1049],[73.1871,30.1067],[73.1515,30.107],[73.1269,30.0709],[73.1158,30.0625],[73.0962,30.058],[73.0867,30.0493],[73.0949,30.0378],[73.1172,30.0261],[73.1195,30.0168],[73.1132,30.0064],[73.1017,30.004],[73.0935,30.0083],[73.0851,30.0266],[73.0748,30.0374],[73.06,30.0492],[73.0451,30.0583],[73.032,30.0587],[73.028,30.0416],[73.0301,30.0353],[73.0445,30.0112],[73.0399,30.0055],[72.9862,29.9734],[72.9632,29.9763],[72.9449,29.9942],[72.9247,30.007],[72.9081,30.0045],[72.8769,29.9757],[72.8816,29.9604],[72.8904,29.9414],[72.8886,29.9289],[72.8697,29.9362],[72.8628,29.9416],[72.8505,29.9588],[72.8369,29.9671],[72.8135,29.9607],[72.8012,29.9359],[72.7999,29.9222],[72.8015,29.9003],[72.7981,29.8849],[72.7788,29.8854],[72.7706,29.8871],[72.7524,29.8953],[72.7326,29.8924],[72.7289,29.8722],[72.7327,29.8548],[72.7318,29.8483],[72.7216,29.848],[72.6804,29.8528],[72.6412,29.8251],[72.6227,29.8212],[72.6144,29.8239],[72.6061,29.8226],[72.5928,29.8101],[72.5675,29.8149],[72.5624,29.8198],[72.5555,29.8237],[72.5446,29.8101],[72.5275,29.809],[72.5163,29.8129],[72.5093,29.8086],[72.5027,29.8173],[72.5,29.8373],[72.4758,29.8295],[72.4546,29.8301],[72.4475,29.8344],[72.4269,29.8366],[72.4184,29.826],[72.4087,29.8382],[72.407,29.8297],[72.3952,29.8106],[72.3598,29.8058],[72.3499,29.8027],[72.3395,29.7894],[72.2838,29.7894],[72.271,29.7759],[72.2539,29.752],[72.2524,29.7451],[72.2593,29.7352],[72.2667,29.7291],[72.2862,29.7067],[72.2857,29.69],[72.2551,29.6798],[72.2483,29.6748],[72.2337,29.659],[72.2299,29.6359],[72.2155,29.6208],[72.2136,29.5958],[72.2048,29.5818],[72.1978,29.5761],[72.1776,29.5643],[72.1529,29.5605],[72.1443,29.5567]]]]}},{"type":"Feature","properties":{"district_id":"pk-punjab-rawalpindi","name":"Rawalpindi","country":"PAK","province":"Punjab"},"geometry":{"type":"MultiPolygon","coordinates":[[[[73.6007,33.2342],[73.6058,33.2181],[73.605,33.1963],[73.5918,33.1703],[73.5857,33.1507],[73.5813,33.1201],[73.5909,33.1012],[73.5967,33.0943],[73.6068,33.0886],[73.6488,33.0833],[73.6796,33.0831],[73.695,33.0719],[73.7092,33.0522],[73.7324,33.0437],[73.7438,33.035],[73.7497,33.0154],[73.7538,32.9796],[73.7368,32.9515],[73.7098,32.9348],[73.679,32.9079],[73.6735,32.9003],[73.6219,32.8654],[73.5937,32.8371],[73.5736,32.7963],[73.5509,32.7361],[73.5364,32.7106],[73.516,32.6858],[73.5092,32.6797],[73.5014,32.6735],[73.461,32.6535],[73.4035,32.6398],[73.3922,32.6383],[73.357,32.6273],[73.3497,32.6232],[73.3159,32.6161],[73.2841,32.605],[73.2536,32.5806],[73.1432,32.5819],[73.1151,32.5791],[73.086,32.564],[73.0366,32.5527],[72.9948,32.5533],[72.9647,32.5477],[72.9426,32.5314],[72.9221,32.5254],[72.9167,32.5207],[72.8845,32.5107],[72.8774,32.5064],[72.8439,32.4807],[72.8395,32.4734],[72.8049,32.444],[72.7968,32.4397],[72.771,32.4296],[72.7281,32.4264],[72.624,32.4145],[72.6055,32.4343],[72.5998,32.4917],[72.5988,32.517],[72.6014,32.556],[72.5961,32.5772],[72.5908,32.5833],[72.577,32.5937],[72.5413,32.6035],[72.5285,32.6114],[72.5217,32.625],[72.5225,32.6442],[72.5065,32.6482],[72.4988,32.6539],[72.4961,32.6741],[72.4895,32.6786],[72.4597,32.6723],[72.4513,32.6694],[72.4325,32.6588],[72.4096,32.6323],[72.3915,32.6182],[72.3678,32.6058],[72.3546,32.6023],[72.3493,32.6084],[72.3392,32.6505],[72.3242,32.677],[72.3171,32.6827],[72.292,32.6928],[72.2763,32.6954],[72.2308,32.6966],[72.2071,32.6895],[72.1736,32.6896],[72.1366,32.7029],[72.1282,32.6968],[72.1213,32.6797],[72.1158,32.6733],[72.1059,32.65],[72.0953,32.6367],[72.0809,32.6246],[71.9747,32.5859],[71.9639,32.58],[71.9433,32.5623],[71.9236,32.5477],[71.9046,32.551],[71.899,32.5558],[71.8895,32.5849],[71.8869,32.6077],[71.8813,32.6303],[71.8698,32.6973],[71.8671,32.7412],[71.8716,32.7553],[71.9165,32.7861],[71.934,32.7958],[71.9406,32.8118],[71.9377,32.8178],[71.914,32.843],[71.8832,32.8646],[71.8836,32.8746],[71.8813,32.8816],[71.8627,32.8946],[71.8579,32.9015],[71.8606,32.9209],[71.8465,32.9448],[71.8453,32.9604],[71.8422,32.9713],[71.8301,32.9854],[71.8066,32.9948],[71.7729,32.997],[71.7294,33.0053],[71.7211,33.0087],[71.6965,33.0293],[71.6883,33.0565],[71.6964,33.0527],[71.7101,33.0506],[71.7124,33.057],[71.712,33.0927],[71.7185,33.112],[71.7291,33.1193],[71.7502,33.1413],[71.7617,33.1688],[71.7636,33.1904],[71.7564,33.2066],[71.7323,33.2296],[71.7106,33.2557],[71.71,33.2713],[71.7308,33.3131],[71.7374,33.3574],[71.7886,33.3796],[71.8127,33.3924],[71.8446,33.4021],[71.8724,33.4067],[71.8744,33.4165],[71.8746,33.4317],[71.8777,33.44],[71.8919,33.4537],[71.9189,33.4713],[71.9607,33.5018],[71.9669,33.5103],[71.9693,33.5284],[71.9653,33.5411],[71.9725,33.5723],[71.9845,33.5849],[71.9919,33.6348],[72.0193,33.6949],[72.0438,33.7305],[72.094,33.7717],[72.1211,33.7712],[72.1671,33.7597],[72.2448,33.8331],[72.2357,33.8756],[72.256,33.8999],[72.2841,33.915],[72.3714,33.9405],[72.3826,33.9552],[72.4168,33.9939],[72.4507,33.9857],[72.5056,33.992],[72.5268,33.9926],[72.5417,33.9769],[72.545,33.9569],[72.5509,33.9424],[72.5873,33.9366],[72.6361,33.9357],[72.6561,33.9278],[72.6446,33.9134],[72.6191,33.8923],[72.6228,33.8778],[72.6693,33.8616],[72.6952,33.8734],[72.7116,33.8945],[72.7402,33.9248],[72.7946,33.9297],[72.7953,33.915],[72.7866,33.8968],[72.7994,33.8899],[72.8273,33.8836],[72.8477,33.8695],[72.839,33.8523],[72.822,33.8326],[72.8271,33.8227],[72.8705,33.8016],[72.8558,33.7927],[72.8349,33.7863],[72.832,33.7721],[72.8423,33.7622],[72.8637,33.7635],[72.8801,33.7544],[72.8561,33.7268],[72.8405,33.7199],[72.79,33.7107],[72.7801,33.7081],[72.7779,33.7053],[72.7827,33.6802],[72.8278,33.6099],[72.8585,33.5762],[72.9145,33.6006],[72.9315,33.6138],[72.9426,33.6259],[72.9486,33.6298],[73.0002,33.6429],[73.0575,33.6641],[73.0758,33.6292],[73.1059,33.5958],[73.104,33.574],[73.0732,33.5559],[73.0541,33.5469],[73.0654,33.531],[73.1072,33.5097],[73.1632,33.4942],[73.1907,33.5288],[73.2178,33.556],[73.2451,33.5941],[73.249,33.6265],[73.2499,33.6516],[73.2537,33.6561],[73.2687,33.6582],[73.2802,33.6573],[73.3044,33.683],[73.3195,33.6948],[73.3311,33.7004],[73.3338,33.7034],[73.2656,33.7091],[73.2561,33.725],[73.2468,33.7465],[73.2449,33.763],[73.2313,33.7706],[73.2009,33.7785],[73.1721,33.7887],[73.1452,33.8033],[73.2363,33.8321],[73.2568,33.8512],[73.2758,33.8534],[73.334,33.8817],[73.337,33.8983],[73.3495,33.9191],[73.3752,33.9347],[73.3801,33.9485],[73.3693,33.9621],[73.3796,33.9756],[73.412,33.9776],[73.4376,33.9839],[73.4485,34.0034],[73.4681,34.0188],[73.502,34.0244],[73.4916,33.9833],[73.5332,33.9279],[73.541,33.9069],[73.5388,33.8608],[73.5243,33.8123],[73.5341,33.788],[73.5555,33.7647],[73.5626,33.7511],[73.5639,33.7286],[73.536,33.6652],[73.5367,33.6573],[73.5728,33.6068],[73.581,33.5796],[73.5923,33.5604],[73.5966,33.5441],[73.59,33.5314],[73.5797,33.5206],[73.5753,33.5084],[73.5816,33.5],[73.5894,33.4829],[73.583,33.464],[73.5588,33.4395],[73.5446,33.4168],[73.539,33.3946],[73.5392,33.3879],[73.5503,33.3573],[73.57,33.3305],[73.5792,33.3148],[73.5822,33.2992],[73.5844,33.2618],[73.6007,33.2342]]]]}},{"type":"Feature","properties":{"district_id":"pk-punjab-sargodha","name":"Sargodha","country":"PAK","province":"Punjab"},"geometry":{"type":"MultiPolygon","coordinates":[[[[70.8304,31.4094],[70.8525,31.4211],[70.8609,31.4408],[70.8618,31.4475],[70.8601,31.4645],[70.8472,31.4882],[70.8498,31.4956],[70.8774,31.5077],[70.8755,31.5141],[70.8538,31.5344],[70.8492,31.5409],[70.8484,31.56],[70.8648,31.5785],[70.8556,31.613],[70.8551,31.6209],[70.861,31.6551],[70.873,31.6746],[70.8863,31.6817],[70.9494,31.7525],[70.955,31.7601],[70.9581,31.7695],[70.9713,31.7918],[70.9802,31.803],[71.0014,31.8379],[71.0176,31.8592],[71.0366,31.8672],[71.0441,31.8925],[71.0444,31.9012],[71.0387,31.9224],[71.0419,31.9417],[71.0566,31.9536],[71.0613,31.9607],[71.064,31.9816],[71.0647,32.0122],[71.0672,32.0193],[71.0851,32.0252],[71.1005,32.0454],[71.118,32.0948],[71.1205,32.1124],[71.1148,32.1214],[71.1158,32.1327],[71.118,32.1391],[71.1283,32.1481],[71.1566,32.1528],[71.1638,32.1565],[71.1745,32.1808],[71.1799,32.2219],[71.1876,32.2479],[71.1915,32.2536],[71.2204,32.2829],[71.2437,32.3029],[71.2746,32.3435],[71.2926,32.357],[71.3008,32.3558],[71.3351,32.3568],[71.3457,32.3701],[71.3391,32.3872],[71.3406,32.4012],[71.3487,32.4117],[71.3485,32.4193],[71.3354,32.4292],[71.3395,32.4437],[71.3442,32.4508],[71.355,32.4791],[71.362,32.4928],[71.3619,32.508],[71.346,32.5067],[71.3386,32.5136],[71.3369,32.5286],[71.3223,32.5281],[71.292,32.5124],[71.2847,32.5009],[71.2695,32.492],[71.2504,32.4962],[71.2428,32.5059],[71.2429,32.513],[71.253,32.5311],[71.2577,32.5364],[71.2689,32.5589],[71.2704,32.5658],[71.2622,32.5897],[71.2487,32.5921],[71.224,32.588],[71.1989,32.58],[71.1899,32.5787],[71.1713,32.5854],[71.1657,32.6234],[71.1416,32.6717],[71.1441,32.6977],[71.1408,32.7221],[71.1295,32.7444],[71.1213,32.7677],[71.1206,32.7743],[71.1238,32.7904],[71.1367,32.7964],[71.1478,32.806],[71.1511,32.826],[71.1525,32.8556],[71.1574,32.8968],[71.1673,32.9245],[71.1801,32.9408],[71.1911,32.9619],[71.2099,32.9743],[71.2477,32.9903],[71.2808,33.0076],[71.3151,33.0114],[71.3207,32.9949],[71.3357,32.9861],[71.3736,32.9899],[71.39,32.9873],[71.4072,32.9962],[71.4231,32.9996],[71.4468,33.0078],[71.4545,33.0124],[71.4601,33.0202],[71.4799,33.0238],[71.5059,33.0405],[71.5087,33.0474],[71.4617,33.0661],[71.4281,33.1695],[71.4092,33.193],[71.4063,33.2079],[71.4084,33.216],[71.4224,33.2173],[71.5294,33.2167],[71.5347,33.2059],[71.5433,33.207],[71.5519,33.2199],[71.5604,33.2228],[71.5708,33.2191],[71.5969,33.1935],[71.6044,33.1797],[71.6197,33.1084],[71.6324,33.086],[71.6389,33.081],[71.6612,33.0689],[71.6883,33.0565],[71.6965,33.0293],[71.7211,33.0087],[71.7294,33.0053],[71.7729,32.997],[71.8066,32.9948],[71.8301,32.9854],[71.8422,32.9713],[71.8453,32.9604],[71.8465,32.9448],[71.8606,32.9209],[71.8579,32.9015],[71.8627,32.8946],[71.8813,32.8816],[71.8836,32.8746],[71.8832,32.8646],[71.914,32.843],[71.9377,32.8178],[71.9406,32.8118],[71.934,32.7958],[71.9165,32.7861],[71.8716,32.7553],[71.8671,32.7412],[71.8698,32.6973],[71.8813,32.6303],[71.8869,32.6077],[71.8895,32.5849],[71.899,32.5558],[71.9046,32.551],[71.9236,32.5477],[71.9433,32.5623],[71.9639,32.58],[71.9747,32.5859],[72.0809,32.6246],[72.0953,32.6367],[72.1059,32.65],[72.1158,32.6733],[72.1213,32.6797],[72.1282,32.6968],[72.1366,32.7029],[72.1736,32.6896],[72.2071,32.6895],[72.2308,32.6966],[72.2763,32.6954],[72.292,32.6928],[72.3171,32.6827],[72.3242,32.677],[72.3392,32.6505],[72.3493,32.6084],[72.3546,32.6023],[72.3678,32.6058],[72.3915,32.6182],[72.4096,32.6323],[72.4325,32.6588],[72.4513,32.6694],[72.4597,32.6723],[72.4895,32.6786],[72.4961,32.6741],[72.4988,32.6539],[72.5065,32.6482],[72.5225,32.6442],[72.5217,32.625],[72.5285,32.6114],[72.5413,32.6035],[72.577,32.5937],[72.5908,32.5833],[72.5961,32.5772],[72.6014,32.556],[72.5988,32.517],[72.5998,32.4917],[72.6055,32.4343],[72.624,32.4145],[72.7281,32.4264],[72.771,32.4296],[72.7968,32.4397],[72.8049,32.444],[72.8395,32.4734],[72.8439,32.4807],[72.8774,32.5064],[72.8845,32.5107],[72.9167,32.5207],[72.9221,32.5254],[72.9426,32.5314],[72.9647,32.5477],[72.9948,32.5533],[73.0366,32.5527],[73.086,32.564],[73.1151,32.5791],[73.1432,32.5819],[73.1619,32.5816],[73.177,32.5614],[73.1777,32.5507],[73.1639,32.5238],[73.1522,32.5072],[73.1473,32.502],[73.1242,32.4933],[73.1195,32.4804],[73.117,32.4553],[73.111,32.4513],[73.0877,32.45],[73.0717,32.4535],[73.0562,32.4517],[73.0312,32.4272],[73.0268,32.4208],[73.0275,32.4129],[73.0317,32.4042],[73.0435,32.3869],[73.0665,32.3624],[73.0688,32.3547],[73.0677,32.3303],[73.0633,32.3223],[73.0517,32.3095],[73.0497,32.3016],[73.057,32.2855],[73.0789,32.2856],[73.0992,32.2978],[73.1023,32.2918],[73.1059,32.2564],[73.1098,32.2496],[73.1238,32.2318],[73.1414,32.2262],[73.1486,32.2286],[73.1701,32.2489],[73.1784,32.2541],[73.1873,32.254],[73.1987,32.2494],[73.205,32.2377],[73.2074,32.2152],[73.2145,32.2076],[73.2181,32.192],[73.2149,32.1779],[73.234,32.1577],[73.2639,32.1324],[73.2739,32.1162],[73.2745,32.112],[73.2706,32.1107],[73.2567,32.0956],[73.2362,32.085],[73.2231,32.0434],[73.2036,32.0224],[73.2064,31.9885],[73.2023,31.9644],[73.1847,31.9489],[73.1779,31.9393],[73.1802,31.9142],[73.1743,31.8929],[73.1352,31.8682],[73.1326,31.8738],[73.132,31.8908],[73.1289,31.8971],[73.112,31.9152],[73.0986,31.9217],[73.0805,31.9266],[73.0301,31.9443],[73.0045,31.9503],[72.9949,31.9516],[72.9573,31.9494],[72.9398,31.9564],[72.9238,31.9673],[72.9199,31.9516],[72.9294,31.9441],[72.9409,31.9378],[72.9464,31.9317],[72.9145,31.9264],[72.9136,31.9197],[72.8966,31.9116],[72.8831,31.9225],[72.8713,31.922],[72.8643,31.9175],[72.8666,31.9067],[72.8747,31.8966],[72.8961,31.8921],[72.9236,31.8894],[72.9561,31.8715],[72.9557,31.8645],[72.9457,31.8519],[72.9463,31.8361],[72.94,31.8274],[72.9136,31.8399],[72.8951,31.8383],[72.8636,31.8662],[72.8462,31.8644],[72.8353,31.8511],[72.8333,31.843],[72.8224,31.8292],[72.7958,31.8378],[72.7794,31.8383],[72.7383,31.8275],[72.6963,31.8073],[72.675,31.7942],[72.6433,31.7852],[72.6357,31.7799],[72.6132,31.775],[72.5324,31.7625],[72.5316,31.7403],[72.5243,31.7353],[72.498,31.7313],[72.4984,31.7194],[72.4949,31.7023],[72.466,31.6842],[72.4397,31.6584],[72.4099,31.6519],[72.2896,31.6022],[72.2672,31.5901],[72.2374,31.5615],[72.2301,31.5579],[72.2184,31.5595],[72.2179,31.5665],[72.2219,31.5875],[72.2189,31.5992],[72.2131,31.6069],[72.2282,31.6199],[72.2441,31.6269],[72.2801,31.6363],[72.2861,31.6404],[72.2856,31.6483],[72.2812,31.6592],[72.2815,31.6794],[72.3021,31.6786],[72.3115,31.6836],[72.3317,31.7118],[72.3298,31.7272],[72.3163,31.7445],[72.3028,31.7536],[72.2644,31.7653],[72.2519,31.7711],[72.155,31.7354],[72.1344,31.7358],[72.1158,31.7098],[72.0593,31.6218],[72.0411,31.6045],[72.0293,31.5838],[72.019,31.5473],[72.0073,31.5359],[71.9787,31.5215],[71.9383,31.4773],[71.9443,31.4647],[71.9566,31.4489],[71.96,31.4155],[71.9605,31.3909],[71.9698,31.3441],[71.9779,31.286],[71.9794,31.2606],[71.9762,31.2405],[71.9597,31.2305],[71.8826,31.2468],[71.8413,31.2461],[71.7999,31.2307],[71.7613,31.2093],[71.7506,31.1876],[71.7485,31.1693],[71.751,31.1544],[71.7463,31.1643],[71.7322,31.1728],[71.6784,31.1764],[71.6226,31.2126],[71.5761,31.2393],[71.5028,31.2409],[71.4784,31.2183],[71.4592,31.1826],[71.4324,31.1636],[71.3238,31.1532],[71.2966,31.1599],[71.2836,31.2297],[71.2711,31.2422],[71.257,31.2424],[71.2343,31.2504],[71.2118,31.2738],[71.1953,31.2961],[71.1779,31.3256],[71.1609,31.3495],[71.1078,31.3499],[71.0908,31.3585],[71.0353,31.3742],[70.9845,31.3799],[70.9502,31.376],[70.9354,31.3929],[70.9126,31.4116],[70.8824,31.3924],[70.8444,31.376],[70.8093,31.3895],[70.8243,31.4053],[70.8304,31.4094]]]]}},{"type":"Feature","properties":{"district_id":"pk-sindh-hyderabad","name":"Hyderabad","country":"PAK","province":"Sindh"},"geometry":{"type":"MultiPolygon","coordinates":[[[[67.4582,24.2765],[67.4646,24.2729],[67.4676,24.2668],[67.471,24.2643],[67.4779,24.264],[67.4812,24.2679],[67.4826,24.2674],[67.4843,24.2607],[67.489,24.2546],[67.4876,24.2493],[67.4899,24.2421],[67.4893,24.2382],[67.4846,24.2371],[67.4799,24.2404],[67.479,24.2429],[67.4804,24.2474],[67.4782,24.2493],[67.4757,24.249],[67.4726,24.2429],[67.4696,24.2418],[67.4646,24.2429],[67.4649,24.2471],[67.4554,24.2529],[67.4482,24.251],[67.4465,24.2488],[67.4407,24.2504],[67.4362,24.2499],[67.4287,24.2451],[67.441,24.261],[67.4404,24.2685],[67.4354,24.2754],[67.4479,24.2776],[67.4582,24.2765]]],[[[67.4165,24.2974],[67.4229,24.2893],[67.4296,24.2896],[67.4318,24.2851],[67.4318,24.2815],[67.4299,24.279],[67.4307,24.2735],[67.4365,24.2687],[67.4365,24.2649],[67.4346,24.2576],[67.4301,24.2518],[67.4276,24.2565],[67.4279,24.2643],[67.4168,24.2649],[67.4104,24.2615],[67.4112,24.2693],[67.409,24.2707],[67.4032,24.2701],[67.3982,24.2804],[67.3985,24.2821],[67.4029,24.2843],[67.4096,24.284],[67.4132,24.2888],[67.4129,24.296],[67.4143,24.2988],[67.4165,24.2974]]],[[[67.3976,24.2935],[67.4032,24.2874],[67.4096,24.2849],[67.4029,24.2851],[67.4001,24.2829],[67.3915,24.2843],[67.3907,24.2899],[67.3951,24.2943],[67.3976,24.2935]]],[[[67.4713,24.2974],[67.4746,24.2951],[67.4751,24.2932],[67.4704,24.2935],[67.4676,24.2971],[67.4682,24.2985],[67.4713,24.2974]]],[[[67.3529,24.339],[67.369,24.3365],[67.3843,24.3288],[67.3968,24.3185],[67.4074,24.3137],[67.4126,24.3135],[67.4199,24.3082],[67.4354,24.304],[67.4382,24.2943],[67.4329,24.2915],[67.4224,24.2926],[67.4201,24.2982],[67.4149,24.3004],[67.4121,24.2993],[67.411,24.2962],[67.4112,24.289],[67.4071,24.2868],[67.4007,24.2913],[67.399,24.2962],[67.396,24.2968],[67.3882,24.2888],[67.3885,24.281],[67.376,24.2738],[67.3688,24.2804],[67.3701,24.2846],[67.3696,24.2899],[67.3674,24.281],[67.3607,24.2799],[67.3557,24.2763],[67.351,24.2713],[67.3451,24.2604],[67.3368,24.2521],[67.3335,24.2521],[67.3332,24.2501],[67.3301,24.2512],[67.3299,24.2485],[67.3226,24.251],[67.3174,24.251],[67.3168,24.254],[67.3112,24.2576],[67.3087,24.2613],[67.3087,24.2654],[67.3063,24.2668],[67.3046,24.2704],[67.3043,24.2757],[67.2996,24.2818],[67.3026,24.2915],[67.3021,24.294],[67.309,24.2988],[67.3107,24.3018],[67.3085,24.3057],[67.3096,24.3093],[67.3076,24.3065],[67.3093,24.3015],[67.3076,24.299],[67.3037,24.2979],[67.3004,24.3007],[67.3004,24.2985],[67.2965,24.2962],[67.2976,24.2988],[67.2965,24.3026],[67.3018,24.3037],[67.3024,24.3099],[67.3076,24.3124],[67.3126,24.3126],[67.3193,24.3171],[67.3196,24.3193],[67.3226,24.3188],[67.3218,24.3224],[67.3196,24.3215],[67.3185,24.3235],[67.3115,24.3237],[67.3112,24.3274],[67.316,24.326],[67.3143,24.3276],[67.3154,24.3307],[67.3321,24.3346],[67.3363,24.3385],[67.341,24.3399],[67.3443,24.339],[67.3432,24.3285],[67.3468,24.326],[67.3524,24.3268],[67.3535,24.3276],[67.346,24.3271],[67.344,24.3318],[67.3457,24.3393],[67.351,24.3401],[67.3529,24.339]]],[[[67.3582,24.4026],[67.3646,24.4032],[67.3688,24.4015],[67.3749,24.4024],[67.3776,24.4013],[67.3829,24.4024],[67.3865,24.4015],[67.3871,24.3993],[67.3863,24.3963],[67.3774,24.3949],[67.3646,24.389],[67.3585,24.3901],[67.3538,24.3838],[67.3515,24.3838],[67.3493,24.3874],[67.3418,24.3876],[67.3435,24.3932],[67.3415,24.3976],[67.3521,24.3965],[67.3562,24.4032],[67.3582,24.4026]]],[[[67.3754,24.4099],[67.3782,24.4124],[67.3801,24.4124],[67.3771,24.4093],[67.3754,24.4099]]],[[[67.384,24.4151],[67.3818,24.4135],[67.381,24.4138],[67.3843,24.4165],[67.384,24.4151]]],[[[67.4518,24.3346],[67.4668,24.3213],[67.4679,24.3188],[67.4662,24.3118],[67.4671,24.3079],[67.4699,24.3049],[67.4696,24.2996],[67.4624,24.3024],[67.456,24.2993],[67.4499,24.2999],[67.444,24.3057],[67.4371,24.3051],[67.4293,24.3087],[67.4238,24.3093],[67.4151,24.3154],[67.4232,24.3204],[67.4315,24.3146],[67.4393,24.3154],[67.446,24.3207],[67.4482,24.3343],[67.4493,24.3357],[67.4518,24.3346]]],[[[67.3943,24.3927],[67.4004,24.3913],[67.414,24.384],[67.4187,24.3896],[67.426,24.3899],[67.4285,24.3887],[67.4251,24.3843],[67.4268,24.3765],[67.4299,24.376],[67.4332,24.3801],[67.439,24.3757],[67.4349,24.3701],[67.4365,24.3629],[67.434,24.3576],[67.434,24.3518],[67.4168,24.3399],[67.4174,24.3351],[67.4226,24.3299],[67.4215,24.3271],[67.4051,24.3249],[67.3868,24.3388],[67.3799,24.341],[67.3693,24.3474],[67.3704,24.3513],[67.3768,24.351],[67.3838,24.3549],[67.386,24.3596],[67.3829,24.3551],[67.3768,24.3518],[67.3715,24.3526],[67.369,24.3615],[67.3613,24.3696],[67.3654,24.3782],[67.3682,24.3801],[67.3685,24.3838],[67.3721,24.3815],[67.3812,24.3807],[67.3849,24.3785],[67.3899,24.379],[67.3901,24.3749],[67.3946,24.376],[67.3988,24.371],[67.4063,24.3699],[67.4076,24.3676],[67.4068,24.3704],[67.399,24.3718],[67.3946,24.3768],[67.3907,24.3754],[67.3899,24.3799],[67.3849,24.3793],[67.3801,24.3818],[67.3721,24.3824],[67.3704,24.384],[67.3754,24.3907],[67.3896,24.3937],[67.3943,24.3927]]],[[[67.4293,24.4338],[67.4321,24.4301],[67.4321,24.426],[67.4399,24.4218],[67.4546,24.4201],[67.4649,24.4235],[67.4668,24.4215],[67.466,24.4121],[67.4671,24.4079],[67.4651,24.4082],[67.4626,24.4046],[67.4626,24.4029],[67.4676,24.399],[67.4646,24.3926],[67.4699,24.3804],[67.4699,24.3776],[67.4662,24.3738],[67.4632,24.3735],[67.4596,24.3762],[67.4546,24.3771],[67.4504,24.3738],[67.446,24.3729],[67.4429,24.366],[67.4385,24.3643],[67.4365,24.3701],[67.4396,24.374],[67.4393,24.3782],[67.4451,24.3824],[67.4518,24.3846],[67.449,24.3876],[67.4496,24.3921],[67.4476,24.3918],[67.4493,24.3849],[67.4449,24.3835],[67.4382,24.3779],[67.4318,24.3813],[67.4276,24.3774],[67.4265,24.384],[67.4296,24.3876],[67.4278,24.391],[67.4224,24.3918],[67.4129,24.3882],[67.4171,24.3932],[67.4171,24.3957],[67.4115,24.3996],[67.4187,24.4054],[67.4296,24.4093],[67.436,24.4165],[67.4382,24.416],[67.4371,24.4185],[67.429,24.4104],[67.4179,24.4063],[67.4104,24.3999],[67.4107,24.3979],[67.416,24.3954],[67.4115,24.3885],[67.4001,24.3946],[67.3874,24.3965],[67.3879,24.4007],[67.386,24.4026],[67.3674,24.4029],[67.3707,24.4054],[67.3885,24.4104],[67.3929,24.4179],[67.4007,24.424],[67.3968,24.4251],[67.3982,24.4279],[67.4015,24.4251],[67.4049,24.4249],[67.406,24.4226],[67.406,24.4249],[67.4007,24.429],[67.4249,24.4349],[67.4293,24.4338]]],[[[67.3796,24.464],[67.389,24.4551],[67.4018,24.4529],[67.4088,24.4479],[67.4132,24.4476],[67.4135,24.4449],[67.406,24.4393],[67.4037,24.4349],[67.3943,24.4326],[67.391,24.4376],[67.3938,24.4399],[67.3913,24.4401],[67.3887,24.4432],[67.3868,24.4507],[67.3804,24.451],[67.3737,24.4582],[67.3699,24.4557],[67.3707,24.4629],[67.3774,24.4657],[67.3796,24.464]]],[[[67.3399,24.4368],[67.3604,24.4351],[67.364,24.4296],[67.3729,24.4251],[67.3776,24.4265],[67.3796,24.4299],[67.3846,24.4296],[67.3871,24.4285],[67.3874,24.4188],[67.369,24.4101],[67.354,24.4076],[67.3426,24.4138],[67.3368,24.4188],[67.3299,24.4201],[67.3271,24.4224],[67.3215,24.4218],[67.314,24.4168],[67.3132,24.4204],[67.3115,24.4201],[67.3104,24.4226],[67.3085,24.4218],[67.3068,24.4238],[67.3112,24.4282],[67.3285,24.4315],[67.3321,24.4307],[67.3326,24.4354],[67.3351,24.4374],[67.3399,24.4368]]],[[[67.3913,24.424],[67.3896,24.4229],[67.3888,24.4232],[67.3921,24.4257],[67.3913,24.424]]],[[[67.3688,24.4579],[67.3682,24.4551],[67.3696,24.4538],[67.3718,24.4537],[67.3735,24.4565],[67.3801,24.4499],[67.3871,24.449],[67.3876,24.444],[67.3901,24.4385],[67.3854,24.4374],[67.3807,24.4388],[67.3685,24.4326],[67.3668,24.434],[67.3668,24.4368],[67.3637,24.4357],[67.3499,24.4399],[67.3371,24.4399],[67.3315,24.4374],[67.3282,24.4329],[67.311,24.431],[67.3032,24.4326],[67.3024,24.4354],[67.2979,24.4374],[67.299,24.441],[67.3015,24.4421],[67.3004,24.444],[67.3079,24.4476],[67.3085,24.451],[67.3163,24.4468],[67.3215,24.446],[67.3257,24.4482],[67.329,24.4529],[67.3382,24.449],[67.3482,24.4515],[67.3504,24.4549],[67.3568,24.4568],[67.3646,24.456],[67.369,24.461],[67.3688,24.4579]]],[[[67.3679,24.4615],[67.364,24.4571],[67.3579,24.4579],[67.3607,24.4621],[67.3674,24.4632],[67.3679,24.4615]]],[[[67.3235,24.2268],[67.3251,24.2263],[67.3246,24.2201],[67.3265,24.2199],[67.3271,24.2071],[67.3204,24.2057],[67.3187,24.2065],[67.3185,24.2129],[67.3199,24.2188],[67.3174,24.2213],[67.3185,24.2246],[67.3165,24.2271],[67.3232,24.2293],[67.3235,24.2268]]],[[[67.3185,24.2324],[67.3204,24.2315],[67.3204,24.2296],[67.3185,24.2293],[67.3168,24.2335],[67.3185,24.2324]]],[[[67.2974,24.326],[67.2946,24.3232],[67.2924,24.3265],[67.2929,24.3279],[67.2982,24.3293],[67.2974,24.326]]],[[[67.3601,24.3832],[67.3562,24.3676],[67.359,24.3593],[67.3632,24.3538],[67.3624,24.3518],[67.3607,24.3513],[67.3546,24.3543],[67.3449,24.3546],[67.3371,24.3576],[67.336,24.3568],[67.3268,24.3615],[67.3224,24.3604],[67.309,24.3615],[67.3176,24.3676],[67.3104,24.3699],[67.3085,24.3774],[67.3087,24.3799],[67.3157,24.3835],[67.3243,24.3857],[67.3321,24.381],[67.3371,24.3804],[67.3396,24.3815],[67.3418,24.386],[67.3485,24.386],[67.3507,24.3826],[67.3551,24.3824],[67.3579,24.386],[67.3604,24.3865],[67.3601,24.3832]]],[[[67.3282,24.4188],[67.3551,24.404],[67.3524,24.3979],[67.3421,24.3988],[67.3401,24.3971],[67.3424,24.3924],[67.3407,24.3863],[67.3374,24.3818],[67.3254,24.3874],[67.3151,24.386],[67.3068,24.3824],[67.3074,24.3849],[67.3099,24.3857],[67.311,24.3904],[67.3099,24.3921],[67.311,24.3993],[67.3096,24.4024],[67.3146,24.406],[67.3085,24.4107],[67.3079,24.4154],[67.3157,24.4132],[67.3235,24.4199],[67.3282,24.4188]]],[[[67.3104,24.4065],[67.3112,24.4043],[67.3099,24.4037],[67.306,24.4046],[67.304,24.4032],[67.3029,24.4043],[67.3046,24.4079],[67.3096,24.4085],[67.3104,24.4065]]],[[[67.3163,24.4596],[67.3204,24.4576],[67.3271,24.4568],[67.3204,24.451],[67.3093,24.4565],[67.3101,24.4596],[67.3135,24.461],[67.3163,24.4596]]],[[[67.2671,24.4996],[67.2718,24.4957],[67.2768,24.494],[67.2835,24.4949],[67.2835,24.4901],[67.2865,24.4868],[67.2904,24.4899],[67.291,24.4879],[67.2951,24.486],[67.2974,24.4826],[67.3051,24.4824],[67.3026,24.4782],[67.3068,24.4737],[67.3065,24.4704],[67.3001,24.4665],[67.2999,24.4632],[67.2871,24.4457],[67.2829,24.4374],[67.281,24.4412],[67.2843,24.4435],[67.2874,24.449],[67.2871,24.4513],[67.2943,24.4621],[67.2904,24.464],[67.2826,24.464],[67.2743,24.4618],[67.2721,24.4668],[67.2682,24.4679],[67.2682,24.4737],[67.2654,24.4746],[67.2615,24.4735],[67.2615,24.4788],[67.2579,24.4824],[67.2535,24.4837],[67.2632,24.4854],[67.2712,24.489],[67.2718,24.4926],[67.2663,24.494],[67.2649,24.4965],[67.2651,24.5007],[67.2671,24.4996]]],[[[67.2696,24.4671],[67.2701,24.4657],[67.2671,24.4651],[67.2665,24.4668],[67.261,24.4649],[67.2654,24.469],[67.2696,24.4671]]],[[[67.2674,24.471],[67.2651,24.4701],[67.2657,24.4737],[67.2676,24.4732],[67.2674,24.471]]],[[[67.2543,24.4826],[67.2596,24.4796],[67.2607,24.4732],[67.2557,24.4751],[67.2593,24.4782],[67.2549,24.4799],[67.2521,24.4832],[67.2543,24.4826]]],[[[67.2446,24.5093],[67.2426,24.5076],[67.2404,24.5082],[67.2438,24.5107],[67.2451,24.5104],[67.2446,24.5093]]],[[[67.3254,24.5265],[67.3351,24.5254],[67.3418,24.5229],[67.3407,24.5113],[67.3307,24.5124],[67.3285,24.5115],[67.3276,24.5096],[67.3357,24.5063],[67.3438,24.4976],[67.351,24.4929],[67.3499,24.4912],[67.3479,24.4915],[67.3474,24.4874],[67.3421,24.4807],[67.3407,24.4743],[67.339,24.4754],[67.3382,24.4826],[67.3363,24.486],[67.3307,24.4879],[67.3224,24.484],[67.3224,24.4751],[67.3268,24.4679],[67.3262,24.4638],[67.3235,24.4632],[67.3196,24.4649],[67.3168,24.469],[67.3124,24.4699],[67.3104,24.4737],[67.3051,24.4774],[67.3046,24.4799],[67.3057,24.481],[67.3112,24.4796],[67.3154,24.4804],[67.3199,24.4943],[67.319,24.4976],[67.3085,24.5057],[67.3082,24.514],[67.3171,24.5254],[67.3204,24.5237],[67.3199,24.5274],[67.324,24.5279],[67.3254,24.5265]]],[[[67.2899,24.5215],[67.2915,24.5171],[67.2946,24.5151],[67.3012,24.5163],[67.3021,24.5068],[67.3046,24.5046],[67.3096,24.5035],[67.3179,24.4962],[67.3157,24.4849],[67.3135,24.481],[67.3046,24.484],[67.2982,24.4835],[67.2957,24.4868],[67.2921,24.4876],[67.2901,24.491],[67.2868,24.4879],[67.2843,24.4904],[67.2843,24.4951],[67.281,24.4957],[67.2807,24.499],[67.2799,24.4954],[67.2771,24.4951],[67.2701,24.4982],[67.2674,24.5012],[67.2635,24.5085],[67.266,24.5099],[67.2663,24.5126],[67.2704,24.5096],[67.2815,24.5093],[67.2835,24.5107],[67.2821,24.5135],[67.2838,24.519],[67.2879,24.5257],[67.2893,24.5254],[67.2899,24.5215]]],[[[67.3107,24.5507],[67.326,24.5418],[67.3429,24.5415],[67.3507,24.5354],[67.3626,24.5315],[67.3668,24.5268],[67.3671,24.5218],[67.3662,24.5201],[67.3637,24.5207],[67.3629,24.5126],[67.3576,24.5063],[67.3543,24.5046],[67.3515,24.4949],[67.344,24.4988],[67.3363,24.5076],[67.3288,24.5093],[67.3288,24.5107],[67.3451,24.5099],[67.3463,24.5115],[67.3457,24.5226],[67.3546,24.5232],[67.3587,24.5218],[67.3607,24.5232],[67.3565,24.5226],[67.3546,24.5243],[67.3582,24.5282],[67.3549,24.5274],[67.3535,24.5235],[67.3446,24.5229],[67.3449,24.5129],[67.3432,24.5115],[67.3415,24.5187],[67.3435,24.5224],[67.3424,24.5246],[67.3279,24.5271],[67.3249,24.529],[67.3163,24.5276],[67.3149,24.5287],[67.314,24.5246],[67.3051,24.5129],[67.3051,24.5068],[67.3037,24.5065],[67.3032,24.5082],[67.3035,24.5157],[67.2993,24.5187],[67.3007,24.5251],[67.2988,24.5226],[67.2988,24.5174],[67.2951,24.5165],[67.2929,24.5176],[67.291,24.5224],[67.2907,24.531],[67.2924,24.5329],[67.3001,24.531],[67.3068,24.5321],[67.3096,24.5388],[67.3057,24.5468],[67.3021,24.5504],[67.304,24.5518],[67.3107,24.5507]]],[[[67.2932,24.5596],[67.2999,24.5543],[67.2996,24.5476],[67.3063,24.536],[67.3029,24.5343],[67.2949,24.5376],[67.291,24.5368],[67.276,24.5207],[67.2749,24.5251],[67.2724,24.5249],[67.2685,24.5296],[67.2663,24.5299],[67.2671,24.5354],[67.2721,24.5368],[67.2746,24.5393],[67.2763,24.5487],[67.2857,24.5468],[67.2879,24.5524],[67.2882,24.5596],[67.2899,24.5607],[67.2932,24.5596]]],[[[67.2701,24.5168],[67.2715,24.5107],[67.2676,24.5138],[67.2643,24.5124],[67.2671,24.5182],[67.2701,24.5168]]],[[[67.2518,24.5393],[67.2557,24.5321],[67.2626,24.5296],[67.2551,24.5246],[67.2529,24.5207],[67.2487,24.5232],[67.2446,24.5365],[67.2482,24.5404],[67.2518,24.5393]]],[[[67.2829,24.5774],[67.2915,24.5743],[67.2957,24.5751],[67.3046,24.5629],[67.3046,24.561],[67.2996,24.5565],[67.2968,24.5568],[67.2918,24.5618],[67.2882,24.561],[67.2862,24.5485],[67.2838,24.5476],[67.2785,24.5504],[67.276,24.5499],[67.2738,24.5399],[67.2712,24.5374],[67.2671,24.5385],[67.264,24.531],[67.2579,24.5318],[67.2501,24.5415],[67.2443,24.5393],[67.2435,24.5346],[67.2462,24.5282],[67.2421,24.5276],[67.2387,24.5299],[67.2374,24.5413],[67.2213,24.5457],[67.2199,24.5482],[67.2193,24.5551],[67.2285,24.5618],[67.2254,24.5654],[67.2257,24.5724],[67.2374,24.5696],[67.2385,24.5713],[67.2443,24.5707],[67.2499,24.5738],[67.2701,24.5743],[67.2779,24.5785],[67.2829,24.5774]]],[[[67.2676,24.6476],[67.2707,24.6476],[67.2746,24.6449],[67.2735,24.6338],[67.2751,24.631],[67.2835,24.631],[67.286,24.6296],[67.2846,24.6249],[67.2779,24.626],[67.2838,24.6229],[67.2799,24.6174],[67.2782,24.6093],[67.2712,24.5976],[67.2679,24.5968],[67.2665,24.5987],[67.2668,24.5965],[67.2607,24.596],[67.2593,24.5976],[67.2593,24.5957],[67.2554,24.5954],[67.2551,24.6001],[67.2532,24.601],[67.2468,24.5993],[67.2457,24.5976],[67.2429,24.5982],[67.2407,24.6004],[67.2424,24.6029],[67.2385,24.606],[67.2407,24.6074],[67.2418,24.6043],[67.2435,24.609],[67.2363,24.6096],[67.2343,24.611],[67.2346,24.6129],[67.2471,24.614],[67.2385,24.6151],[67.2438,24.6185],[67.2462,24.6246],[67.2521,24.6274],[67.2451,24.6257],[67.2371,24.6329],[67.2374,24.6346],[67.249,24.6393],[67.2557,24.6354],[67.2596,24.6354],[67.2607,24.644],[67.2643,24.6488],[67.2676,24.6476]]],[[[67.2976,24.5924],[67.299,24.5854],[67.2951,24.5832],[67.2929,24.5885],[67.2949,24.5932],[67.2968,24.5938],[67.2976,24.5924]]],[[[67.319,24.5901],[67.3171,24.5882],[67.3157,24.5885],[67.3179,24.5915],[67.3196,24.5913],[67.319,24.5901]]],[[[67.3138,24.6301],[67.3221,24.619],[67.3351,24.6096],[67.336,24.6079],[67.3346,24.6063],[67.3363,24.6037],[67.3401,24.6029],[67.3351,24.5888],[67.3318,24.5882],[67.3293,24.5921],[67.3251,24.5946],[67.321,24.5943],[67.3168,24.5918],[67.3146,24.5879],[67.3163,24.5765],[67.314,24.5738],[67.3093,24.5835],[67.3043,24.5865],[67.304,24.591],[67.3063,24.599],[67.3143,24.5976],[67.3165,24.6032],[67.3143,24.5985],[67.3068,24.6001],[67.3046,24.5982],[67.3026,24.5863],[67.2999,24.5863],[67.2988,24.5982],[67.3015,24.6026],[67.3093,24.6093],[67.3129,24.6074],[67.314,24.6046],[67.3154,24.6101],[67.309,24.6149],[67.3082,24.6113],[67.3004,24.6046],[67.2976,24.6015],[67.2965,24.5971],[67.2946,24.5965],[67.2921,24.5982],[67.2915,24.6063],[67.2896,24.6076],[67.294,24.6215],[67.3004,24.6251],[67.3024,24.6296],[67.3049,24.6312],[67.3138,24.6301]]],[[[67.2799,24.6651],[67.2899,24.6624],[67.3012,24.6643],[67.3051,24.6465],[67.3085,24.6396],[67.2932,24.631],[67.2763,24.6326],[67.2757,24.6415],[67.2804,24.6499],[67.2754,24.6632],[67.2774,24.6663],[67.2799,24.6651]]],[[[67.2249,24.6326],[67.2279,24.6304],[67.2282,24.6271],[67.2263,24.6188],[67.2235,24.6168],[67.214,24.6262],[67.2196,24.6326],[67.2221,24.6338],[67.2249,24.6326]]],[[[67.2351,24.6404],[67.2376,24.6371],[67.2363,24.6315],[67.2432,24.6271],[67.2446,24.624],[67.2418,24.619],[67.2296,24.6138],[67.2276,24.6165],[67.2304,24.6265],[67.2301,24.631],[67.2226,24.6371],[67.2312,24.6413],[67.2351,24.6404]]],[[[67.204,24.6779],[67.2113,24.6704],[67.2182,24.6668],[67.2268,24.6668],[67.2299,24.671],[67.2318,24.6707],[67.2371,24.6629],[67.2424,24.6587],[67.2468,24.6587],[67.2504,24.6612],[67.2507,24.6679],[67.2529,24.6701],[67.2596,24.6701],[67.264,24.6682],[67.2665,24.6657],[67.2665,24.6632],[67.2629,24.6565],[67.2629,24.6474],[67.2588,24.6426],[67.2585,24.6371],[67.256,24.6365],[67.2521,24.6385],[67.2526,24.6413],[67.2385,24.6374],[67.2346,24.6426],[67.2321,24.6426],[67.2265,24.6396],[67.2221,24.6396],[67.2213,24.641],[67.2199,24.6393],[67.221,24.6377],[67.2174,24.6365],[67.214,24.639],[67.2143,24.6421],[67.2124,24.6418],[67.2151,24.6435],[67.2151,24.6454],[67.2135,24.646],[67.2046,24.6449],[67.1974,24.6463],[67.189,24.6446],[67.1871,24.6465],[67.1849,24.646],[67.1857,24.6507],[67.1832,24.6515],[67.1815,24.6562],[67.1826,24.6579],[67.1846,24.6571],[67.1851,24.659],[67.1885,24.6593],[67.1885,24.6607],[67.1818,24.6604],[67.1771,24.6638],[67.1826,24.6674],[67.1832,24.6696],[67.1882,24.6713],[67.1885,24.6729],[67.1924,24.6718],[67.1946,24.6768],[67.1993,24.6757],[67.2004,24.679],[67.204,24.6779]]],[[[67.2768,24.6726],[67.2774,24.6685],[67.2754,24.6665],[67.2671,24.6663],[67.266,24.669],[67.2604,24.6732],[67.2637,24.6743],[67.2688,24.6718],[67.2754,24.6743],[67.2768,24.6726]]],[[[67.3371,24.6715],[67.3438,24.6657],[67.3463,24.659],[67.3457,24.656],[67.339,24.6532],[67.334,24.6418],[67.3313,24.6399],[67.3199,24.6379],[67.314,24.6399],[67.3124,24.6451],[67.3082,24.6488],[67.3085,24.6537],[67.3049,24.659],[67.3051,24.6629],[67.3085,24.6649],[67.3118,24.656],[67.3171,24.6535],[67.3207,24.6537],[67.3215,24.6638],[67.3265,24.6654],[67.3326,24.6651],[67.3365,24.669],[67.3351,24.6729],[67.3371,24.6715]]],[[[67.274,24.6593],[67.2785,24.6499],[67.2763,24.646],[67.2712,24.649],[67.2657,24.6499],[67.2651,24.6518],[67.2649,24.6557],[67.2682,24.6649],[67.274,24.6649],[67.274,24.6593]]],[[[67.2968,24.6885],[67.3046,24.6857],[67.3082,24.6774],[67.3126,24.6763],[67.3176,24.6785],[67.3193,24.6771],[67.3224,24.6696],[67.3185,24.6646],[67.3187,24.6593],[67.3171,24.656],[67.3149,24.6579],[67.3151,24.664],[67.3132,24.6663],[67.3101,24.6679],[67.304,24.6671],[67.3035,24.6721],[67.2915,24.6765],[67.2846,24.6837],[67.2871,24.6893],[67.2924,24.6899],[67.2968,24.6885]]],[[[67.2857,24.696],[67.2926,24.6949],[67.2926,24.6921],[67.286,24.6904],[67.2832,24.6868],[67.2832,24.6832],[67.2888,24.6763],[67.3026,24.6707],[67.3026,24.6688],[67.3001,24.6685],[67.2979,24.6659],[67.291,24.6643],[67.2779,24.6682],[67.2771,24.6738],[67.2782,24.6751],[67.2826,24.6754],[67.2813,24.6774],[67.2787,24.6763],[67.276,24.6785],[67.2685,24.6729],[67.2621,24.6754],[67.2571,24.6718],[67.2524,24.6715],[67.2496,24.6693],[67.2424,24.6763],[67.2476,24.6801],[67.2529,24.6771],[67.2554,24.6776],[67.2557,24.6846],[67.2576,24.6865],[67.2637,24.6871],[67.2688,24.6829],[67.2771,24.6843],[67.2785,24.6879],[67.2763,24.6913],[67.2801,24.6965],[67.2857,24.696]]],[[[67.3379,24.6057],[67.3385,24.6046],[67.3365,24.6046],[67.336,24.6071],[67.3379,24.6057]]],[[[67.356,24.6418],[67.3604,24.6401],[67.3729,24.6301],[67.3729,24.6188],[67.3688,24.6135],[67.3632,24.6107],[67.3674,24.6182],[67.3668,24.6221],[67.3551,24.6285],[67.341,24.6271],[67.3282,24.621],[67.3288,24.6249],[67.3304,24.6259],[67.3285,24.6276],[67.3293,24.6301],[67.3354,24.6307],[67.3376,24.6329],[67.3388,24.6365],[67.3363,24.636],[67.3365,24.6388],[67.3538,24.6429],[67.356,24.6418]]],[[[67.3715,24.661],[67.3815,24.6521],[67.3838,24.6521],[67.3821,24.6468],[67.3688,24.651],[67.3699,24.6626],[67.3715,24.661]]],[[[67.3665,24.6668],[67.3679,24.6646],[67.3674,24.659],[67.3654,24.6571],[67.3668,24.6493],[67.3618,24.6465],[67.3549,24.6457],[67.3504,24.6476],[67.3487,24.6454],[67.3426,24.6437],[67.3429,24.646],[67.3485,24.6521],[67.3504,24.6562],[67.3501,24.661],[67.3526,24.6649],[67.3593,24.6676],[67.3665,24.6668]]],[[[67.4201,24.6976],[67.4243,24.6965],[67.4332,24.6865],[67.4335,24.6843],[67.4301,24.6813],[67.4176,24.6774],[67.4132,24.6724],[67.4201,24.6607],[67.4243,24.6607],[67.4265,24.6585],[67.4351,24.6432],[67.434,24.6413],[67.429,24.6413],[67.4274,24.6426],[67.4285,24.646],[67.426,24.6457],[67.4201,24.6515],[67.4099,24.6554],[67.3988,24.6493],[67.3896,24.6482],[67.3865,24.6463],[67.3851,24.6482],[67.3874,24.6499],[67.3854,24.6499],[67.3849,24.6532],[67.3882,24.6593],[67.3876,24.6621],[67.3926,24.6649],[67.3874,24.6632],[67.3863,24.6571],[67.3818,24.6549],[67.3737,24.6612],[67.3735,24.6651],[67.371,24.6651],[67.3674,24.6693],[67.3601,24.6701],[67.3482,24.6671],[67.3421,24.6724],[67.3443,24.681],[67.3565,24.686],[67.3754,24.6857],[67.3776,24.6824],[67.3804,24.686],[67.3863,24.6863],[67.389,24.6879],[67.3935,24.6851],[67.3924,24.6876],[67.4001,24.6901],[67.4049,24.6954],[67.4115,24.6982],[67.4201,24.6976]]],[[[67.3876,24.7071],[67.3851,24.7043],[67.3854,24.7007],[67.389,24.6979],[67.3949,24.6974],[67.3938,24.6949],[67.3812,24.6904],[67.3676,24.6904],[67.3718,24.6957],[67.3832,24.6985],[67.3829,24.701],[67.3793,24.7046],[67.3801,24.7082],[67.3879,24.7093],[67.3876,24.7071]]],[[[67.341,24.7371],[67.3476,24.7357],[67.3582,24.7237],[67.366,24.7176],[67.3768,24.7162],[67.3785,24.7096],[67.3774,24.7043],[67.3812,24.6996],[67.3704,24.6968],[67.366,24.6915],[67.3515,24.6901],[67.3396,24.6857],[67.3388,24.6871],[67.3404,24.6879],[67.339,24.6885],[67.3376,24.694],[67.3404,24.6963],[67.3404,24.6988],[67.3424,24.6993],[67.3401,24.7001],[67.3396,24.6963],[67.3368,24.6943],[67.3382,24.6882],[67.3315,24.6832],[67.3301,24.6721],[67.3274,24.6696],[67.3235,24.6696],[67.319,24.6787],[67.3171,24.6796],[67.3104,24.6774],[67.3037,24.6887],[67.2993,24.6907],[67.2929,24.691],[67.2935,24.6951],[67.2996,24.6979],[67.3035,24.6971],[67.3082,24.7024],[67.3087,24.7096],[67.3043,24.716],[67.3107,24.7207],[67.3096,24.7288],[67.3135,24.7349],[67.3193,24.7276],[67.3246,24.7254],[67.3313,24.7257],[67.3313,24.7185],[67.326,24.7079],[67.3307,24.7021],[67.3365,24.7038],[67.336,24.7054],[67.3299,24.7038],[67.3279,24.709],[67.3293,24.7129],[67.3335,24.7146],[67.3321,24.7171],[67.3332,24.7254],[67.3315,24.7271],[67.3374,24.7374],[67.3399,24.7387],[67.341,24.7371]]],[[[67.3704,24.7254],[67.374,24.7221],[67.3693,24.721],[67.3635,24.7243],[67.3685,24.7276],[67.3704,24.7254]]],[[[67.4001,24.7515],[67.4054,24.7488],[67.4043,24.7399],[67.4013,24.739],[67.3946,24.7404],[67.3871,24.7374],[67.3832,24.7374],[67.3796,24.734],[67.3804,24.7265],[67.3788,24.7265],[67.3774,24.7307],[67.379,24.7365],[67.3765,24.7407],[67.3793,24.7412],[67.3801,24.746],[67.3857,24.7446],[67.3913,24.7482],[67.3929,24.7512],[67.4001,24.7515]]],[[[67.4073,24.7731],[67.4151,24.764],[67.4185,24.7626],[67.4274,24.7629],[67.4293,24.7615],[67.4274,24.7554],[67.4249,24.7538],[67.4218,24.7474],[67.4187,24.7471],[67.4101,24.7518],[67.4101,24.754],[67.4138,24.7557],[67.4124,24.7576],[67.4088,24.7535],[67.4115,24.7488],[67.4088,24.7451],[67.406,24.7501],[67.4001,24.7535],[67.3879,24.7529],[67.3882,24.7551],[67.3904,24.754],[67.3938,24.7565],[67.3943,24.7663],[67.4004,24.7685],[67.4051,24.774],[67.4073,24.7731]]],[[[67.3743,24.7754],[67.3782,24.774],[67.3838,24.7685],[67.3929,24.7671],[67.3929,24.7596],[67.3896,24.759],[67.386,24.7554],[67.3871,24.7518],[67.3901,24.7493],[67.3851,24.7457],[67.3799,24.7476],[67.3788,24.7435],[67.3751,24.7418],[67.3776,24.7368],[67.3763,24.7324],[67.3771,24.7246],[67.3721,24.7251],[67.3707,24.729],[67.3621,24.7282],[67.3557,24.7313],[67.3546,24.7363],[67.3438,24.7438],[67.3507,24.751],[67.3496,24.7554],[67.3535,24.7501],[67.359,24.7501],[67.3596,24.7532],[67.3557,24.756],[67.3654,24.7629],[67.3649,24.7674],[67.369,24.7693],[67.3718,24.776],[67.3743,24.7754]]],[[[67.3568,24.7665],[67.364,24.7668],[67.3649,24.7646],[67.3551,24.7568],[67.3551,24.7549],[67.3585,24.7532],[67.3579,24.7507],[67.3557,24.7504],[67.3507,24.756],[67.3479,24.7643],[67.3518,24.7674],[67.3568,24.7665]]],[[[67.3115,24.7382],[67.3124,24.7349],[67.3085,24.729],[67.3096,24.721],[67.3032,24.7165],[67.3032,24.7146],[67.3079,24.7096],[67.3076,24.7029],[67.304,24.6982],[67.2996,24.6988],[67.2954,24.6968],[67.2807,24.6982],[67.2751,24.6918],[67.2774,24.6876],[67.2765,24.6854],[67.269,24.684],[67.2635,24.6887],[67.2571,24.6879],[67.2543,24.6851],[67.2543,24.6787],[67.2471,24.6815],[67.2412,24.6779],[67.2421,24.6735],[67.2485,24.6679],[67.2487,24.6629],[67.2454,24.6604],[67.2424,24.6612],[67.2329,24.6726],[67.2288,24.6738],[67.2232,24.6701],[67.2193,24.6707],[67.2126,24.676],[67.2093,24.6837],[67.206,24.6846],[67.2043,24.6868],[67.2018,24.686],[67.2012,24.6879],[67.1968,24.6876],[67.1904,24.691],[67.1957,24.6965],[67.1974,24.7018],[67.1974,24.711],[67.2001,24.7171],[67.204,24.7182],[67.2143,24.7174],[67.221,24.7221],[67.2251,24.7229],[67.2299,24.709],[67.2346,24.7035],[67.2468,24.7007],[67.2576,24.7065],[67.279,24.7315],[67.2854,24.7343],[67.2974,24.7349],[67.3099,24.7393],[67.3115,24.7382]]],[[[67.2396,24.7574],[67.2429,24.7557],[67.2438,24.7488],[67.2521,24.739],[67.249,24.7343],[67.2321,24.734],[67.2237,24.7285],[67.2182,24.7282],[67.2151,24.7263],[67.2135,24.7274],[67.2129,24.7249],[67.2099,24.7235],[67.204,24.7263],[67.2001,24.7257],[67.1943,24.7213],[67.1913,24.7013],[67.1835,24.7057],[67.1726,24.7185],[67.1732,24.7215],[67.1774,24.7249],[67.1851,24.7263],[67.1993,24.736],[67.2065,24.7385],[67.2063,24.7404],[67.2076,24.7396],[67.2138,24.7432],[67.2207,24.751],[67.2326,24.7551],[67.2354,24.7582],[67.2396,24.7574]]],[[[67.1204,24.7488],[67.121,24.7479],[67.1237,24.7499],[67.126,24.7471],[67.1282,24.7521],[67.1321,24.7521],[67.1376,24.7451],[67.1485,24.7374],[67.151,24.7374],[67.1518,24.7354],[67.1513,24.7343],[67.1424,24.7354],[67.1199,24.7446],[67.1179,24.7488],[67.1215,24.7529],[67.1204,24.7488]]],[[[67.1563,24.7593],[67.1563,24.7582],[67.1532,24.7582],[67.1529,24.7599],[67.1563,24.7593]]],[[[67.3365,24.6821],[67.3335,24.6799],[67.3343,24.6851],[67.3376,24.6865],[67.3365,24.6821]]],[[[67.3032,24.7704],[67.3135,24.7629],[67.3204,24.7601],[67.3285,24.7579],[67.3393,24.7585],[67.344,24.7563],[67.344,24.7538],[67.3393,24.7485],[67.3337,24.7365],[67.3276,24.729],[67.3246,24.7293],[67.3215,24.7324],[67.3165,24.7418],[67.3126,24.7454],[67.3063,24.7449],[67.2957,24.7387],[67.284,24.7376],[67.2738,24.7335],[67.2657,24.7224],[67.2496,24.7051],[67.2415,24.7049],[67.2365,24.7085],[67.2343,24.7112],[67.234,24.721],[67.2315,24.7254],[67.2343,24.7296],[67.2382,24.7318],[67.2418,24.7318],[67.2432,24.7279],[67.244,24.7315],[67.251,24.7315],[67.2574,24.7376],[67.2674,24.739],[67.2721,24.7438],[67.276,24.7543],[67.2807,24.7607],[67.2854,24.7626],[67.2865,24.7651],[67.2921,24.7687],[67.3015,24.7713],[67.3032,24.7704]]],[[[67.1696,24.7724],[67.1696,24.7679],[67.1649,24.766],[67.1668,24.7696],[67.1654,24.7718],[67.164,24.7657],[67.1646,24.7621],[67.1743,24.761],[67.1813,24.7579],[67.186,24.7588],[67.1862,24.7565],[67.1832,24.7532],[67.1768,24.7534],[67.1724,24.756],[67.1618,24.7574],[67.1596,24.759],[67.159,24.7674],[67.161,24.7713],[67.1649,24.7732],[67.1696,24.7724]]],[[[67.171,24.7657],[67.1712,24.7621],[67.1676,24.7618],[67.1687,24.7668],[67.1701,24.7674],[67.171,24.7657]]],[[[67.271,24.7862],[67.2813,24.7838],[67.2924,24.7768],[67.2846,24.7738],[67.2807,24.7668],[67.269,24.7557],[67.266,24.7476],[67.2618,24.7474],[67.2615,24.751],[67.264,24.7543],[67.2599,24.7499],[67.2554,24.7504],[67.2562,24.7563],[67.2579,24.7579],[67.2615,24.7579],[67.2607,24.7615],[67.2576,24.7629],[67.2579,24.7663],[67.2538,24.7671],[67.2538,24.7687],[67.2499,24.7685],[67.2485,24.7701],[67.2496,24.7724],[67.2462,24.7732],[67.2446,24.7763],[67.2387,24.7771],[67.2387,24.7801],[67.2415,24.779],[67.2482,24.781],[67.2604,24.7871],[67.271,24.7862]]],[[[67.2162,24.7926],[67.2282,24.7826],[67.2237,24.7813],[67.221,24.7779],[67.2165,24.779],[67.2157,24.7829],[67.2118,24.7821],[67.2118,24.7785],[67.2087,24.7765],[67.2049,24.7799],[67.2071,24.7724],[67.2049,24.7707],[67.2021,24.7713],[67.2021,24.769],[67.2004,24.7699],[67.2001,24.7682],[67.1963,24.7674],[67.1921,24.7635],[67.1893,24.7635],[67.1849,24.7596],[67.1796,24.7615],[67.1793,24.7654],[67.1757,24.7624],[67.1724,24.7643],[67.1738,24.7676],[67.179,24.7679],[67.1813,24.7699],[67.186,24.7685],[67.194,24.7693],[67.1943,24.7726],[67.1907,24.7718],[67.1899,24.7735],[67.1915,24.7782],[67.1929,24.779],[67.1954,24.7774],[67.1979,24.7796],[67.2007,24.7768],[67.2004,24.7807],[67.1985,24.7807],[67.1996,24.786],[67.2043,24.7851],[67.2104,24.7874],[67.2146,24.7932],[67.2162,24.7926]]],[[[67.1826,24.8043],[67.1826,24.804],[67.1825,24.804],[67.1825,24.8041],[67.1826,24.8043]]],[[[67.1829,24.8046],[67.1827,24.8046],[67.1829,24.805],[67.1829,24.8046]]],[[[68.0918,23.7062],[68.0874,23.7051],[68.0876,23.7029],[68.0843,23.7057],[68.0929,23.7076],[68.0918,23.7062]]],[[[68.074,23.7049],[68.0726,23.7046],[68.0724,23.706],[68.0749,23.7054],[68.0768,23.7076],[68.0751,23.7049],[68.074,23.7049]]],[[[68.1021,23.7107],[68.0968,23.7079],[68.0976,23.7054],[68.0935,23.7062],[68.0943,23.7076],[68.0929,23.709],[68.1004,23.7118],[68.1038,23.7104],[68.1021,23.7107]]],[[[68.1093,23.7113],[68.1076,23.7101],[68.1049,23.7124],[68.1087,23.7124],[68.1093,23.7113]]],[[[67.9396,23.7763],[67.9401,23.7735],[67.9393,23.7732],[67.9371,23.7776],[67.9396,23.7763]]],[[[67.7665,23.8243],[67.7674,23.8221],[67.7674,23.8213],[67.7643,23.8249],[67.7665,23.8243]]],[[[67.7615,23.8265],[67.7621,23.8249],[67.7599,23.8282],[67.7607,23.8279],[67.7615,23.8265]]],[[[67.6485,23.836],[67.6476,23.8335],[67.6432,23.8338],[67.6435,23.8368],[67.6474,23.841],[67.6485,23.836]]],[[[67.694,23.8871],[67.6985,23.8788],[67.7026,23.8751],[67.7021,23.8693],[67.7087,23.8532],[67.7093,23.8474],[67.7188,23.831],[67.721,23.8299],[67.721,23.8257],[67.7237,23.8238],[67.7221,23.821],[67.7276,23.8171],[67.7279,23.814],[67.7268,23.8129],[67.7204,23.814],[67.7207,23.8121],[67.7138,23.8096],[67.696,23.8076],[67.6946,23.8099],[67.6949,23.8154],[67.6926,23.8129],[67.6865,23.8143],[67.6846,23.8179],[67.6846,23.824],[67.6899,23.8315],[67.6921,23.8329],[67.6951,23.8324],[67.6907,23.8376],[67.6899,23.8424],[67.6904,23.8338],[67.6849,23.829],[67.6829,23.819],[67.6799,23.8129],[67.6782,23.8118],[67.6782,23.8137],[67.6757,23.8137],[67.6738,23.8124],[67.6751,23.8085],[67.6793,23.8088],[67.6785,23.8068],[67.6751,23.8065],[67.6685,23.8129],[67.6612,23.8135],[67.6601,23.8176],[67.6576,23.8154],[67.6532,23.8171],[67.6504,23.8226],[67.6529,23.8285],[67.6504,23.8276],[67.649,23.8299],[67.6513,23.8343],[67.6518,23.8418],[67.6568,23.8426],[67.6601,23.8376],[67.6635,23.8379],[67.6668,23.8415],[67.6696,23.8404],[67.6729,23.8451],[67.6726,23.8521],[67.6715,23.8521],[67.6718,23.8457],[67.6704,23.8426],[67.6663,23.8426],[67.6626,23.8388],[67.6607,23.8388],[67.6576,23.8438],[67.6532,23.8465],[67.6518,23.8501],[67.6407,23.8501],[67.6407,23.8549],[67.6446,23.8565],[67.6429,23.8601],[67.6443,23.8643],[67.6479,23.8646],[67.6496,23.8624],[67.6557,23.8637],[67.6535,23.8751],[67.6596,23.8776],[67.6601,23.8796],[67.6704,23.8799],[67.674,23.8824],[67.6782,23.8824],[67.6832,23.8854],[67.6846,23.8879],[67.6929,23.8882],[67.694,23.8871]]],[[[67.7354,23.8732],[67.7435,23.8651],[67.7396,23.8579],[67.7393,23.8543],[67.7485,23.8476],[67.746,23.8438],[67.7374,23.8401],[67.7318,23.8429],[67.7296,23.846],[67.7226,23.8476],[67.7182,23.8515],[67.7113,23.8679],[67.7082,23.8701],[67.7093,23.8721],[67.7113,23.8721],[67.7237,23.8696],[67.7296,23.8743],[67.7354,23.8732]]],[[[67.636,23.8771],[67.6365,23.8751],[67.6343,23.8724],[67.634,23.8801],[67.636,23.8771]]],[[[67.8321,23.8907],[67.8326,23.8863],[67.8307,23.8832],[67.8274,23.8863],[67.8268,23.8915],[67.8307,23.8929],[67.8321,23.8907]]],[[[67.9938,23.7638],[68.0004,23.7593],[68.0004,23.7576],[67.9918,23.7571],[67.9912,23.7599],[67.9938,23.7624],[67.9896,23.7621],[67.9899,23.7646],[67.9907,23.7629],[67.9938,23.7638]]],[[[67.9415,23.7704],[67.9404,23.7699],[67.9396,23.7718],[67.941,23.7724],[67.9415,23.7704]]],[[[68.1856,23.8379],[68.1879,23.8351],[68.1899,23.8101],[68.1946,23.7932],[68.1929,23.7776],[68.1879,23.769],[68.1804,23.7624],[68.1676,23.7443],[68.169,23.7401],[68.1663,23.7399],[68.1646,23.7376],[68.1643,23.7304],[68.1529,23.729],[68.1421,23.734],[68.1474,23.7299],[68.1529,23.7282],[68.1596,23.7282],[68.1615,23.7221],[68.1554,23.7118],[68.1582,23.7076],[68.149,23.7046],[68.1335,23.7068],[68.1312,23.7088],[68.1324,23.7126],[68.1299,23.7132],[68.1293,23.7174],[68.1268,23.7138],[68.1224,23.7154],[68.1201,23.7218],[68.114,23.7204],[68.1107,23.7218],[68.1104,23.7265],[68.1062,23.7293],[68.1085,23.7326],[68.1062,23.7326],[68.1051,23.7301],[68.1076,23.7268],[68.1082,23.7226],[68.1054,23.7204],[68.1024,23.7207],[68.1049,23.7196],[68.1096,23.7204],[68.1082,23.7171],[68.0976,23.7171],[68.0949,23.7154],[68.0985,23.7146],[68.089,23.7132],[68.0885,23.711],[68.0851,23.7104],[68.079,23.7126],[68.0785,23.7201],[68.0751,23.7168],[68.0729,23.7204],[68.0701,23.7215],[68.0693,23.7207],[68.071,23.721],[68.0726,23.7179],[68.0718,23.7118],[68.0732,23.7085],[68.071,23.7065],[68.0649,23.7082],[68.066,23.7107],[68.0621,23.7121],[68.0596,23.7185],[68.0612,23.7207],[68.0593,23.7207],[68.0596,23.7226],[68.0574,23.7226],[68.0554,23.7263],[68.0554,23.7279],[68.059,23.7299],[68.0557,23.7315],[68.0557,23.7332],[68.061,23.7371],[68.0615,23.7357],[68.0646,23.7368],[68.066,23.7421],[68.0649,23.746],[68.0685,23.7496],[68.0771,23.7485],[68.0779,23.7507],[68.0804,23.7499],[68.0854,23.7512],[68.0876,23.754],[68.0874,23.7593],[68.0921,23.7724],[68.0957,23.774],[68.0946,23.7751],[68.091,23.7735],[68.0868,23.7615],[68.084,23.7601],[68.084,23.7562],[68.0785,23.7599],[68.0793,23.7626],[68.0776,23.7626],[68.0776,23.7643],[68.0807,23.7649],[68.0782,23.766],[68.0785,23.7732],[68.0801,23.7751],[68.0813,23.7732],[68.0837,23.774],[68.0829,23.776],[68.081,23.776],[68.0821,23.7774],[68.0801,23.779],[68.0813,23.7832],[68.0801,23.7882],[68.0821,23.7921],[68.0813,23.7935],[68.084,23.7957],[68.0835,23.7993],[68.0851,23.801],[68.0854,23.8054],[68.096,23.806],[68.1263,23.7949],[68.126,23.7965],[68.1207,23.799],[68.0954,23.8079],[68.0938,23.8093],[68.094,23.8118],[68.0987,23.8182],[68.1124,23.826],[68.1201,23.8257],[68.1338,23.8282],[68.1379,23.8263],[68.1424,23.8285],[68.1554,23.8282],[68.1726,23.8318],[68.1776,23.8371],[68.1829,23.839],[68.1856,23.8379]]],[[[67.9971,24.016],[68.0201,24.0074],[68.0254,24.0004],[68.0171,23.974],[68.016,23.9688],[68.0171,23.9662],[68.0126,23.9524],[68.0101,23.9351],[68.0068,23.9351],[68.0026,23.9404],[68.0021,23.9396],[68.0062,23.9346],[68.0113,23.9326],[68.0118,23.9279],[68.0165,23.9212],[68.0376,23.904],[68.0376,23.8963],[68.0346,23.8876],[68.0365,23.8863],[68.0343,23.8829],[68.0324,23.8679],[68.0382,23.8501],[68.0462,23.8324],[68.0449,23.8299],[68.0468,23.8279],[68.0432,23.8221],[68.0426,23.8124],[68.044,23.8049],[68.0418,23.7954],[68.036,23.7874],[68.0315,23.7871],[68.0346,23.7815],[68.0338,23.7776],[68.0263,23.7729],[68.0143,23.7713],[68.014,23.7701],[68.0071,23.776],[68.0054,23.7757],[68.0065,23.7738],[68.0051,23.7732],[68.0038,23.7757],[68.0054,23.7774],[68.0049,23.779],[68.0018,23.7779],[68.001,23.7804],[68.0035,23.7807],[67.9996,23.7854],[67.9962,23.7865],[68.0004,23.791],[67.9996,23.7949],[67.9982,23.7921],[67.994,23.7935],[67.9921,23.7885],[67.989,23.7871],[67.986,23.7826],[67.9863,23.7807],[67.989,23.7801],[67.9901,23.7765],[67.9851,23.7757],[67.9815,23.7774],[67.9812,23.7721],[67.9763,23.7749],[67.9699,23.7715],[67.9688,23.7743],[67.966,23.774],[67.9629,23.7774],[67.961,23.7818],[67.9563,23.7821],[67.9565,23.7843],[67.9524,23.7824],[67.9512,23.7843],[67.9529,23.7899],[67.9504,23.7924],[67.9468,23.7918],[67.9463,23.7871],[67.9449,23.7868],[67.9446,23.7896],[67.9429,23.7899],[67.9443,23.7854],[67.944,23.784],[67.9421,23.7849],[67.9432,23.7818],[67.9471,23.7801],[67.9418,23.7799],[67.9385,23.7874],[67.9415,23.7979],[67.9449,23.7962],[67.9479,23.8001],[67.9549,23.8037],[67.9554,23.8076],[67.9579,23.8099],[67.9613,23.8096],[67.9643,23.8132],[67.9615,23.8221],[67.9563,23.8282],[67.9532,23.8365],[67.9449,23.8424],[67.9354,23.8418],[67.9304,23.8357],[67.9304,23.8335],[67.9262,23.8338],[67.9179,23.839],[67.9018,23.8551],[67.9001,23.859],[67.8751,23.8785],[67.8688,23.8874],[67.8637,23.9024],[67.8671,23.9121],[67.8699,23.9151],[67.8721,23.9154],[67.8712,23.9165],[67.8674,23.9146],[67.8712,23.9199],[67.8746,23.9215],[67.8793,23.9365],[67.8982,23.9474],[67.9082,23.9574],[67.9132,23.9668],[67.9138,23.9713],[67.9179,23.9732],[67.9165,23.9771],[67.9182,23.9799],[67.9337,23.9837],[67.9482,23.9832],[67.9554,23.9879],[67.9601,23.9932],[67.9635,24.0004],[67.9626,24.0071],[67.9638,24.0085],[67.9757,24.011],[67.9912,24.0168],[67.9971,24.016]]],[[[67.6404,23.9307],[67.6407,23.924],[67.6374,23.9138],[67.6304,23.9015],[67.6274,23.8871],[67.6285,23.8721],[67.6271,23.8721],[67.6265,23.8685],[67.6301,23.8599],[67.6268,23.8626],[67.6229,23.8626],[67.6246,23.8582],[67.6307,23.8535],[67.6304,23.8501],[67.6274,23.8487],[67.6263,23.8507],[67.6215,23.8513],[67.6193,23.8538],[67.6171,23.8515],[67.6162,23.8549],[67.6121,23.8593],[67.611,23.8651],[67.6137,23.8676],[67.619,23.8654],[67.6215,23.8724],[67.6185,23.8762],[67.619,23.8835],[67.6107,23.8865],[67.6087,23.8971],[67.6129,23.9093],[67.6129,23.9188],[67.616,23.9171],[67.6188,23.9179],[67.6201,23.9215],[67.6251,23.9251],[67.6246,23.9301],[67.6257,23.9313],[67.6393,23.9326],[67.6404,23.9307]]],[[[67.559,23.9007],[67.5604,23.8996],[67.5601,23.8976],[67.5571,23.8996],[67.5565,23.9018],[67.559,23.9007]]],[[[67.6749,23.9354],[67.681,23.931],[67.6951,23.9301],[67.7071,23.9199],[67.7101,23.9163],[67.7079,23.9029],[67.7096,23.8921],[67.7138,23.886],[67.7226,23.8826],[67.724,23.8799],[67.7193,23.8779],[67.7101,23.8782],[67.7032,23.8757],[67.6993,23.8788],[67.6957,23.8868],[67.6932,23.8893],[67.6837,23.8885],[67.681,23.8846],[67.6668,23.8807],[67.6615,23.8813],[67.6537,23.8771],[67.6521,23.8743],[67.6537,23.8649],[67.6496,23.8649],[67.6482,23.8696],[67.6438,23.8704],[67.6438,23.8754],[67.646,23.8807],[67.6387,23.8951],[67.641,23.904],[67.6426,23.9082],[67.6515,23.9176],[67.6535,23.929],[67.6554,23.9313],[67.6718,23.9365],[67.6749,23.9354]]],[[[67.556,23.9024],[67.5537,23.9024],[67.5532,23.9037],[67.5565,23.9035],[67.556,23.9024]]],[[[68.1079,23.966],[68.1076,23.9599],[68.1115,23.9579],[68.1221,23.9471],[68.1224,23.9435],[68.1165,23.9218],[68.1224,23.9154],[68.1226,23.9085],[68.1251,23.904],[68.1237,23.8999],[68.1188,23.8957],[68.119,23.8876],[68.1124,23.8771],[68.1115,23.8582],[68.1149,23.8535],[68.1232,23.8499],[68.1118,23.8479],[68.1118,23.8468],[68.1026,23.8465],[68.096,23.8429],[68.0846,23.8426],[68.0732,23.849],[68.0699,23.8543],[68.0657,23.8565],[68.0629,23.8604],[68.0626,23.8668],[68.0551,23.8782],[68.0565,23.8865],[68.0535,23.8882],[68.0529,23.8935],[68.0593,23.9029],[68.0835,23.9132],[68.0974,23.9226],[68.1018,23.9301],[68.1024,23.9343],[68.1026,23.9463],[68.1004,23.959],[68.1065,23.9676],[68.1079,23.966]]],[[[68.0912,23.9868],[68.094,23.9807],[68.0938,23.9396],[68.0912,23.9343],[68.0676,23.9193],[68.0679,23.9235],[68.0643,23.9329],[68.0585,23.9387],[68.0587,23.9457],[68.0724,23.9621],[68.0788,23.9765],[68.0837,23.9807],[68.0879,23.9876],[68.0912,23.9868]]],[[[68.0529,24.0201],[68.0576,24.0149],[68.0751,24.0096],[68.0857,23.9971],[68.0863,23.994],[68.0837,23.9876],[68.0715,23.9724],[68.069,23.9638],[68.0576,23.9521],[68.0546,23.9454],[68.0546,23.9396],[68.0629,23.9249],[68.0629,23.921],[68.0493,23.9115],[68.0457,23.9107],[68.0413,23.9163],[68.0193,23.9315],[68.0182,23.9421],[68.0229,23.9568],[68.0249,23.974],[68.031,23.9876],[68.0368,24.0079],[68.0399,24.0115],[68.0449,24.0113],[68.0471,24.0132],[68.0474,24.0168],[68.0449,24.0193],[68.046,24.0207],[68.0529,24.0201]]],[[[68.5518,23.9704],[68.5504,23.9701],[68.5485,23.9729],[68.5524,23.9735],[68.5529,23.9707],[68.5518,23.9704]]],[[[67.5551,23.9071],[67.5563,23.9043],[67.5543,23.9037],[67.5521,23.9074],[67.5551,23.9071]]],[[[67.554,23.9518],[67.5593,23.944],[67.564,23.9404],[67.5904,23.9351],[67.5871,23.9279],[67.579,23.919],[67.579,23.8988],[67.5762,23.8937],[67.5779,23.889],[67.5757,23.8876],[67.5762,23.8901],[67.5735,23.8924],[67.5715,23.8918],[67.5738,23.8888],[67.574,23.8846],[67.5676,23.8863],[67.5668,23.8896],[67.5612,23.8949],[67.5632,23.8951],[67.5665,23.8926],[67.5621,23.9013],[67.5687,23.906],[67.5668,23.9076],[67.564,23.9063],[67.5618,23.9088],[67.5626,23.9135],[67.5568,23.9121],[67.5565,23.9135],[67.5596,23.9154],[67.5579,23.9176],[67.5493,23.9168],[67.5454,23.9221],[67.5437,23.9199],[67.5457,23.9204],[67.5471,23.9151],[67.5429,23.9182],[67.5368,23.9129],[67.5343,23.9085],[67.531,23.9071],[67.5301,23.9082],[67.5326,23.9157],[67.5313,23.9224],[67.5335,23.9207],[67.5357,23.9285],[67.5449,23.9363],[67.5471,23.9513],[67.5496,23.9529],[67.554,23.9518]]],[[[67.616,23.919],[67.6154,23.9199],[67.6137,23.921],[67.6176,23.921],[67.616,23.919]]],[[[67.8507,24.0865],[67.8565,24.0815],[67.8632,24.0801],[67.8712,24.076],[67.8685,24.0699],[67.8674,24.059],[67.8715,24.0543],[67.8704,24.0446],[67.8726,24.0332],[67.8796,24.0218],[67.8671,24.0157],[67.8626,24.0113],[67.861,24.0049],[67.864,23.9982],[67.8635,23.9949],[67.8651,23.9926],[67.8737,23.9896],[67.8971,23.9837],[67.9007,23.981],[67.9018,23.9751],[67.874,23.9571],[67.8682,23.9518],[67.8613,23.9413],[67.8565,23.9363],[67.8526,23.9346],[67.8451,23.9238],[67.8385,23.9179],[67.8313,23.8979],[67.826,23.9021],[67.8279,23.9076],[67.8276,23.9118],[67.8307,23.916],[67.8293,23.9171],[67.8254,23.9163],[67.824,23.9188],[67.8251,23.9154],[67.8296,23.9154],[67.8257,23.9132],[67.8271,23.9076],[67.8251,23.9018],[67.8307,23.8949],[67.826,23.8915],[67.8262,23.8857],[67.8299,23.8807],[67.8332,23.879],[67.8315,23.874],[67.8332,23.8713],[67.8304,23.871],[67.8293,23.8637],[67.8262,23.8576],[67.826,23.8524],[67.8279,23.851],[67.8262,23.8493],[67.8282,23.8465],[67.8321,23.8471],[67.8346,23.841],[67.8337,23.8374],[67.8288,23.8335],[67.8249,23.8226],[67.8229,23.8226],[67.8243,23.8213],[67.8218,23.8213],[67.8199,23.8179],[67.8182,23.819],[67.8129,23.8179],[67.8115,23.8157],[67.7971,23.8146],[67.7957,23.8174],[67.7968,23.8201],[67.7946,23.821],[67.794,23.8246],[67.7921,23.8226],[67.7818,23.8226],[67.7782,23.8207],[67.7818,23.8149],[67.7779,23.8129],[67.7754,23.8149],[67.7771,23.819],[67.7746,23.821],[67.7768,23.8251],[67.7682,23.8318],[67.7696,23.834],[67.7624,23.8351],[67.7626,23.8382],[67.7549,23.8382],[67.7543,23.8463],[67.751,23.8493],[67.754,23.8513],[67.7621,23.8482],[67.769,23.8524],[67.7618,23.8493],[67.7543,23.8524],[67.7493,23.8499],[67.741,23.8554],[67.7449,23.8629],[67.7443,23.8668],[67.7418,23.8699],[67.7468,23.8715],[67.7487,23.8704],[67.7501,23.8724],[67.744,23.8751],[67.7449,23.8796],[67.7435,23.8815],[67.7424,23.8768],[67.7438,23.8718],[67.7404,23.8704],[67.7371,23.8743],[67.7329,23.8762],[67.734,23.881],[67.7296,23.8896],[67.7226,23.8929],[67.7129,23.9007],[67.7149,23.9101],[67.7129,23.9185],[67.7107,23.9185],[67.7096,23.9212],[67.7021,23.926],[67.6968,23.9315],[67.6971,23.9332],[67.6996,23.9354],[67.704,23.9468],[67.7154,23.9626],[67.7182,23.9643],[67.729,23.9549],[67.7337,23.954],[67.7176,23.966],[67.7179,23.9715],[67.7262,23.9732],[67.7326,23.9801],[67.7471,23.9754],[67.7521,23.9754],[67.7613,23.9804],[67.7596,23.986],[67.7526,23.9882],[67.7579,23.9965],[67.7588,24.0038],[67.7654,24.0129],[67.766,24.0163],[67.7618,24.0199],[67.7418,24.0221],[67.7365,24.0385],[67.7385,24.0513],[67.7485,24.0654],[67.7529,24.0801],[67.7554,24.081],[67.7626,24.076],[67.7685,24.0768],[67.7743,24.0751],[67.7854,24.0613],[67.7929,24.059],[67.809,24.0688],[67.8293,24.071],[67.8379,24.0738],[67.8424,24.0779],[67.844,24.0865],[67.8457,24.0876],[67.8507,24.0865]]],[[[67.7182,24.0124],[67.7204,23.996],[67.7251,23.991],[67.7321,23.9874],[67.7307,23.986],[67.7199,23.9851],[67.7107,23.9799],[67.7096,23.9749],[67.7132,23.9688],[67.7129,23.9651],[67.7001,23.9499],[67.6935,23.9385],[67.6907,23.9363],[67.6843,23.9432],[67.6749,23.9446],[67.6496,23.9382],[67.6571,23.9424],[67.6607,23.9424],[67.671,23.9493],[67.6774,23.959],[67.6762,23.971],[67.6646,23.9757],[67.659,23.9799],[67.656,23.9912],[67.6612,23.9985],[67.666,23.9976],[67.6721,23.994],[67.6757,23.9946],[67.6779,23.9921],[67.6807,23.9949],[67.6815,24.0015],[67.6968,24.0063],[67.6996,24.0093],[67.7065,24.0071],[67.7079,24.0082],[67.7076,24.0121],[67.7096,24.0138],[67.7168,24.0149],[67.7182,24.0124]]],[[[67.6787,24.0857],[67.6843,24.0782],[67.6904,24.0557],[67.6971,24.0471],[67.7074,24.039],[67.7162,24.0376],[67.7204,24.0393],[67.7293,24.0526],[67.7315,24.0599],[67.7351,24.0615],[67.7387,24.0599],[67.7337,24.0396],[67.7376,24.0257],[67.7335,24.0226],[67.7285,24.0257],[67.7246,24.0254],[67.7188,24.0218],[67.7179,24.016],[67.7082,24.0143],[67.7065,24.0124],[67.7068,24.0085],[67.6993,24.0104],[67.6954,24.0065],[67.6813,24.0026],[67.6785,23.9943],[67.671,23.9954],[67.6638,23.9993],[67.6607,23.9993],[67.6582,23.9971],[67.6543,23.9907],[67.656,23.9804],[67.6529,23.9804],[67.6493,23.9837],[67.6488,23.9832],[67.6526,23.9796],[67.656,23.9793],[67.6751,23.9685],[67.6757,23.9657],[67.6735,23.9604],[67.6699,23.9549],[67.666,23.9576],[67.6671,23.9524],[67.6651,23.9496],[67.6449,23.9407],[67.6404,23.9346],[67.6232,23.9315],[67.6235,23.9257],[67.621,23.9238],[67.6196,23.9235],[67.619,23.9257],[67.6132,23.9296],[67.6179,23.9232],[67.6126,23.9235],[67.6085,23.9204],[67.6101,23.9093],[67.6054,23.8965],[67.6079,23.8824],[67.6054,23.8846],[67.6021,23.8846],[67.5968,23.8815],[67.589,23.8846],[67.5865,23.8901],[67.5832,23.8924],[67.5818,23.8974],[67.5846,23.9004],[67.5824,23.9046],[67.5824,23.9182],[67.5863,23.926],[67.5901,23.9282],[67.5915,23.9351],[67.5893,23.939],[67.5832,23.9401],[67.5829,23.9418],[67.5896,23.9549],[67.6026,23.9674],[67.601,23.9893],[67.6074,24.0038],[67.6082,24.0215],[67.6062,24.0163],[67.6051,23.9996],[67.5987,23.9854],[67.6013,23.971],[67.6004,23.966],[67.5974,23.9624],[67.5851,23.9557],[67.581,23.9499],[67.5782,23.9401],[67.5738,23.9399],[67.5638,23.9435],[67.564,23.9479],[67.561,23.9479],[67.5615,23.9504],[67.5579,23.9562],[67.556,23.9557],[67.5515,23.9582],[67.546,23.9571],[67.5421,23.9524],[67.5429,23.9424],[67.5418,23.9399],[67.539,23.9401],[67.5315,23.9368],[67.529,23.9382],[67.5299,23.9418],[67.5246,23.9415],[67.526,23.9404],[67.5249,23.9387],[67.5274,23.9399],[67.5296,23.934],[67.5335,23.9332],[67.5338,23.9315],[67.5315,23.9299],[67.5296,23.931],[67.5196,23.9254],[67.5151,23.919],[67.5118,23.9193],[67.509,23.9218],[67.5065,23.9188],[67.5057,23.9226],[67.5013,23.9201],[67.4993,23.9238],[67.4962,23.9246],[67.4949,23.9235],[67.4974,23.9201],[67.4954,23.9201],[67.4946,23.9221],[67.491,23.9224],[67.4907,23.9254],[67.4868,23.9243],[67.4879,23.9265],[67.4899,23.9268],[67.4929,23.9354],[67.4924,23.9399],[67.4957,23.9382],[67.4962,23.9404],[67.4987,23.9404],[67.4996,23.9485],[67.4968,23.9513],[67.4987,23.9568],[67.4979,23.9619],[67.499,23.9649],[67.4962,23.9674],[67.5007,23.9682],[67.5074,23.9726],[67.521,23.9704],[67.5254,23.979],[67.5329,23.9807],[67.5374,23.9899],[67.5437,23.9918],[67.5451,23.9935],[67.5374,23.991],[67.5329,23.9818],[67.5249,23.9796],[67.5224,23.9751],[67.5163,23.984],[67.509,23.9899],[67.5154,23.984],[67.5204,23.9762],[67.5168,23.9735],[67.5129,23.9737],[67.506,23.9762],[67.5024,23.976],[67.5001,23.9779],[67.5004,23.991],[67.4951,24.0035],[67.4954,23.9976],[67.4987,23.9915],[67.4974,23.9829],[67.4985,23.9743],[67.4901,23.9743],[67.4885,23.9724],[67.4846,23.9721],[67.4824,23.9732],[67.4846,23.9699],[67.4721,23.9724],[67.4613,23.9715],[67.456,23.9746],[67.4507,23.981],[67.4518,23.9863],[67.4479,23.989],[67.449,23.9951],[67.4643,23.9996],[67.4751,24.0071],[67.4757,24.0238],[67.4954,24.0335],[67.4962,24.0365],[67.5024,24.0435],[67.509,24.0493],[67.5129,24.0501],[67.5124,24.0518],[67.5182,24.0579],[67.526,24.0615],[67.5274,24.0657],[67.5379,24.0718],[67.546,24.0738],[67.5649,24.0735],[67.5879,24.0701],[67.5901,24.0679],[67.5987,24.0688],[67.5996,24.0701],[67.6121,24.0693],[67.6335,24.0643],[67.6387,24.059],[67.646,24.0588],[67.6518,24.0643],[67.6535,24.0771],[67.6582,24.0774],[67.6696,24.086],[67.6771,24.0871],[67.6787,24.0857]]],[[[67.7307,24.021],[67.7404,24.0213],[67.764,24.0171],[67.7643,24.014],[67.7585,24.0065],[67.7562,23.9968],[67.7515,23.9893],[67.7518,23.9865],[67.7582,23.9846],[67.7599,23.9801],[67.7496,23.9768],[67.7324,23.9813],[67.7265,23.9749],[67.7176,23.9737],[67.7174,23.9807],[67.7301,23.9832],[67.7343,23.9868],[67.7329,23.9912],[67.7265,23.994],[67.7229,23.9979],[67.7218,24.0129],[67.7201,24.0151],[67.7207,24.0199],[67.7229,24.0218],[67.7307,24.021]]],[[[67.8849,24.0721],[67.8974,24.069],[67.9068,24.0646],[67.9282,24.0501],[67.9313,24.046],[67.9365,24.024],[67.9485,24.0046],[67.9518,23.9974],[67.9515,23.9946],[67.9426,23.9935],[67.9368,23.9901],[67.9246,23.9907],[67.9124,23.9854],[67.9065,23.9918],[67.8957,23.996],[67.8701,23.9976],[67.8668,23.9996],[67.8654,24.009],[67.8685,24.011],[67.8785,24.0124],[67.8835,24.0185],[67.8826,24.0246],[67.8757,24.0368],[67.8765,24.0399],[67.8746,24.041],[67.8768,24.0496],[67.8732,24.0554],[67.8763,24.0588],[67.874,24.0582],[67.8726,24.0604],[67.8788,24.0682],[67.8799,24.0732],[67.8849,24.0721]]],[[[67.5512,23.9079],[67.5521,23.9057],[67.5518,23.9043],[67.5499,23.9076],[67.5507,23.9096],[67.5521,23.9093],[67.5512,23.9079]]],[[[67.4382,23.9699],[67.4385,23.9688],[67.4371,23.969],[67.4368,23.9715],[67.4382,23.9699]]],[[[67.4099,24.0046],[67.4121,24.0004],[67.4118,23.9993],[67.4082,24.006],[67.4099,24.0046]]],[[[67.4779,24.0354],[67.4804,24.0349],[67.4782,24.0321],[67.4721,24.0287],[67.4701,24.0293],[67.4754,24.0368],[67.4779,24.0354]]],[[[67.4624,24.0663],[67.4635,24.0629],[67.4651,24.064],[67.4643,24.0565],[67.4682,24.0479],[67.4665,24.0449],[67.4718,24.0462],[67.4726,24.0435],[67.4724,24.0362],[67.4676,24.0263],[67.4682,24.0165],[67.456,24.0101],[67.4543,24.0118],[67.4538,24.0093],[67.4512,24.0096],[67.4454,24.0065],[67.4349,24.006],[67.4329,24.0093],[67.4329,24.0063],[67.4282,24.0054],[67.4285,24.0043],[67.4265,24.0046],[67.4221,24.0015],[67.4182,24.0015],[67.4185,24.0074],[67.4204,24.0082],[67.4179,24.0121],[67.4182,24.0149],[67.4168,24.0121],[67.414,24.0121],[67.4138,24.0099],[67.411,24.0096],[67.4107,24.0065],[67.409,24.0068],[67.4079,24.0104],[67.4124,24.0121],[67.4112,24.0187],[67.4171,24.0224],[67.4182,24.0263],[67.4154,24.0238],[67.4101,24.0251],[67.411,24.0218],[67.4096,24.0215],[67.4099,24.0199],[67.4076,24.0204],[67.4085,24.0249],[67.4054,24.0301],[67.4004,24.0343],[67.4001,24.0326],[67.3976,24.0343],[67.3979,24.0504],[67.4007,24.0499],[67.3996,24.0468],[67.4001,24.046],[67.4068,24.0524],[67.4043,24.0465],[67.401,24.0454],[67.401,24.044],[67.4046,24.0435],[67.4037,24.0413],[67.4063,24.0404],[67.4054,24.0385],[67.4063,24.0368],[67.4104,24.044],[67.414,24.0432],[67.4235,24.0526],[67.4229,24.056],[67.4351,24.0571],[67.444,24.0626],[67.449,24.0621],[67.449,24.0643],[67.4546,24.0671],[67.4624,24.0663]]],[[[67.4693,24.056],[67.4732,24.0532],[67.4729,24.0501],[67.4674,24.0543],[67.4668,24.0576],[67.4682,24.0579],[67.4693,24.056]]],[[[67.3871,24.1274],[67.3954,24.1232],[67.4074,24.124],[67.4104,24.1226],[67.4154,24.1262],[67.4245,24.1276],[67.4265,24.1251],[67.426,24.119],[67.429,24.1157],[67.4279,24.1079],[67.4296,24.0979],[67.4287,24.094],[67.4163,24.0935],[67.4079,24.0901],[67.4057,24.0882],[67.4046,24.0838],[67.4018,24.0821],[67.4021,24.0776],[67.4004,24.076],[67.3962,24.0774],[67.3899,24.0768],[67.386,24.0807],[67.3826,24.0807],[67.3812,24.0871],[67.3863,24.0901],[67.3865,24.0932],[67.3832,24.0901],[67.3801,24.0918],[67.3763,24.0907],[67.3771,24.099],[67.379,24.1018],[67.3788,24.1085],[67.3771,24.1113],[67.3757,24.1101],[67.3737,24.1151],[67.3746,24.1168],[67.3704,24.1188],[67.3679,24.1246],[67.3704,24.1282],[67.3851,24.1285],[67.3871,24.1274]]],[[[67.4404,24.1346],[67.4424,24.1285],[67.446,24.124],[67.4454,24.121],[67.4426,24.1193],[67.4285,24.1182],[67.4274,24.1276],[67.4351,24.1349],[67.4393,24.1365],[67.4404,24.1346]]],[[[67.4365,24.1363],[67.4365,24.136],[67.4335,24.1354],[67.4374,24.1376],[67.4365,24.1363]]],[[[67.4424,24.1457],[67.4413,24.1435],[67.4401,24.1429],[67.4407,24.1457],[67.4429,24.1474],[67.4424,24.1457]]],[[[67.4232,24.1576],[67.4282,24.1496],[67.431,24.1479],[67.434,24.1485],[67.4374,24.154],[67.4443,24.1529],[67.4376,24.146],[67.4374,24.1404],[67.4321,24.1393],[67.4201,24.1493],[67.4171,24.1537],[67.4168,24.1571],[67.4215,24.1588],[67.4232,24.1576]]],[[[67.3982,24.186],[67.4115,24.1838],[67.4143,24.1796],[67.4212,24.1629],[67.421,24.161],[67.4174,24.1604],[67.4149,24.1576],[67.4151,24.1526],[67.4212,24.1437],[67.4301,24.1379],[67.426,24.131],[67.4129,24.1313],[67.401,24.1279],[67.3971,24.1282],[67.3904,24.131],[67.3901,24.1324],[67.3929,24.1349],[67.3985,24.1346],[67.3996,24.1376],[67.4032,24.1401],[67.401,24.144],[67.404,24.1457],[67.4037,24.1482],[67.4021,24.1463],[67.3979,24.1457],[67.4007,24.1415],[67.3985,24.1371],[67.3962,24.1354],[67.3918,24.1357],[67.3876,24.1318],[67.3815,24.136],[67.3743,24.1376],[67.3743,24.1407],[67.3715,24.1415],[67.3735,24.1437],[67.3732,24.1463],[67.3674,24.1463],[67.3662,24.1482],[67.3629,24.1482],[67.3624,24.1526],[67.3596,24.1526],[67.3554,24.1554],[67.3529,24.1612],[67.3554,24.1651],[67.3571,24.1651],[67.364,24.1574],[67.3671,24.1588],[67.3668,24.1643],[67.3654,24.1626],[67.3662,24.1588],[67.3646,24.1582],[67.3613,24.1629],[67.3554,24.1668],[67.356,24.1715],[67.3587,24.1743],[67.3637,24.1768],[67.3662,24.1699],[67.3685,24.1696],[67.366,24.1738],[67.3668,24.1771],[67.3685,24.1776],[67.3718,24.174],[67.3826,24.1721],[67.386,24.1768],[67.3915,24.1793],[67.3899,24.1838],[67.3849,24.186],[67.3882,24.1871],[67.3982,24.186]]],[[[67.3501,24.1615],[67.3513,24.1596],[67.349,24.1576],[67.3521,24.1579],[67.3518,24.1535],[67.3504,24.1524],[67.3479,24.1532],[67.3454,24.1574],[67.3465,24.1621],[67.3501,24.1615]]],[[[67.3446,24.1843],[67.3493,24.1818],[67.364,24.1804],[67.3626,24.1771],[67.3557,24.1726],[67.3549,24.1668],[67.3476,24.1649],[67.344,24.166],[67.3443,24.1643],[67.3421,24.1624],[67.3415,24.1646],[67.3393,24.1649],[67.3349,24.1746],[67.3407,24.1782],[67.3418,24.1857],[67.3446,24.1843]]],[[[67.3546,24.2337],[67.3593,24.2254],[67.3715,24.2207],[67.3737,24.2185],[67.3732,24.2129],[67.3685,24.2099],[67.3654,24.2049],[67.3646,24.1965],[67.3665,24.1932],[67.3743,24.1899],[67.3788,24.1846],[67.384,24.1846],[67.3899,24.1818],[67.389,24.179],[67.3851,24.1776],[67.3824,24.1729],[67.3729,24.1749],[67.3643,24.1821],[67.3479,24.1838],[67.3463,24.1907],[67.3407,24.194],[67.3368,24.2021],[67.3374,24.2079],[67.336,24.2074],[67.3363,24.2099],[67.3343,24.2118],[67.336,24.2143],[67.3432,24.214],[67.3474,24.2068],[67.3507,24.2051],[67.3457,24.2118],[67.3493,24.2143],[67.3463,24.2204],[67.3463,24.2246],[67.3438,24.219],[67.3399,24.2221],[67.3415,24.2276],[67.344,24.229],[67.3482,24.2279],[67.3471,24.2301],[67.3479,24.2343],[67.3546,24.2337]]],[[[67.3962,24.2815],[67.4001,24.2721],[67.4029,24.269],[67.4101,24.269],[67.4104,24.2607],[67.4168,24.264],[67.4274,24.2632],[67.4265,24.2563],[67.4282,24.2499],[67.4238,24.2404],[67.4254,24.2246],[67.4229,24.2169],[67.4224,24.2324],[67.4207,24.2374],[67.4187,24.2374],[67.4176,24.2393],[67.4037,24.2374],[67.3993,24.2401],[67.3757,24.2401],[67.3618,24.2468],[67.3482,24.2571],[67.3549,24.2707],[67.3651,24.2787],[67.3718,24.2724],[67.3782,24.2707],[67.3843,24.2735],[67.3924,24.2826],[67.3951,24.2829],[67.3962,24.2815]]],[[[68.0457,24.0179],[68.0462,24.0135],[68.0449,24.0121],[68.0401,24.0121],[68.0418,24.0185],[68.0457,24.0179]]],[[[68.5135,23.9501],[68.5038,23.9582],[68.5085,23.9651],[68.5101,23.9729],[68.509,23.9793],[68.5054,23.9868],[68.5088,23.9963],[68.5043,23.9874],[68.4971,23.9968],[68.4982,24.0004],[68.504,24.0043],[68.4962,24.0121],[68.4776,24.0113],[68.4624,24.0068],[68.4465,23.9976],[68.441,23.9912],[68.4376,23.9921],[68.4315,23.9982],[68.4287,24.0049],[68.4293,23.9988],[68.4196,23.9965],[68.406,23.9799],[68.3924,23.9685],[68.391,23.9685],[68.3871,23.9746],[68.3832,23.9918],[68.3749,23.9954],[68.3635,23.9935],[68.3618,23.9912],[68.3454,23.9826],[68.334,23.9699],[68.3285,23.9565],[68.3285,23.9301],[68.3176,23.9321],[68.3076,23.9371],[68.3021,23.9368],[68.2971,23.9424],[68.2913,23.9443],[68.2893,23.9485],[68.2918,23.9554],[68.2893,23.9585],[68.2904,23.9546],[68.2868,23.9449],[68.2715,23.9371],[68.2635,23.931],[68.2546,23.9204],[68.2457,23.9049],[68.2326,23.8976],[68.2196,23.8968],[68.2057,23.8871],[68.2024,23.8882],[68.1979,23.8838],[68.1946,23.8801],[68.1979,23.8718],[68.1976,23.8668],[68.1954,23.8599],[68.1918,23.8551],[68.1837,23.8535],[68.176,23.8549],[68.1668,23.8538],[68.1615,23.8549],[68.1504,23.8538],[68.1493,23.8549],[68.144,23.869],[68.1457,23.8751],[68.1532,23.8857],[68.1571,23.899],[68.1568,23.9018],[68.1551,23.9032],[68.156,23.8996],[68.1513,23.8838],[68.1462,23.8785],[68.1429,23.8718],[68.1426,23.8682],[68.1474,23.8524],[68.1335,23.8499],[68.1285,23.8504],[68.1265,23.8532],[68.1143,23.8563],[68.114,23.8579],[68.1143,23.8757],[68.1207,23.8868],[68.1204,23.8937],[68.1249,23.8974],[68.1265,23.9029],[68.126,23.9071],[68.1235,23.9088],[68.1232,23.9154],[68.1174,23.9218],[68.1232,23.9435],[68.1229,23.9471],[68.1179,23.9532],[68.1104,23.9596],[68.1085,23.9599],[68.1087,23.9654],[68.1118,23.9665],[68.1129,23.9699],[68.1185,23.971],[68.1129,23.9707],[68.1101,23.9665],[68.1079,23.9668],[68.1065,23.9693],[68.0971,23.9699],[68.0974,23.9821],[68.0954,23.9901],[68.0904,23.9943],[68.0876,24.0021],[68.079,24.0096],[68.0779,24.0126],[68.0726,24.0129],[68.0657,24.0165],[68.0607,24.0165],[68.0535,24.0235],[68.0546,24.0379],[68.0524,24.0421],[68.0529,24.0449],[68.0493,24.0438],[68.0524,24.0379],[68.0518,24.0279],[68.0482,24.0307],[68.0468,24.026],[68.0443,24.026],[68.0446,24.0238],[68.0421,24.0238],[68.0374,24.0121],[68.0349,24.0104],[68.0329,24.006],[68.0271,24.009],[68.0254,24.0124],[68.016,24.0154],[68.0151,24.0176],[68.0101,24.0168],[67.9987,24.0207],[67.9946,24.029],[67.9943,24.0374],[67.991,24.0374],[67.9843,24.0285],[67.9807,24.0265],[67.9743,24.026],[67.9718,24.0226],[67.9654,24.0201],[67.9479,24.0232],[67.9465,24.0238],[67.9393,24.0488],[67.9315,24.0585],[67.9196,24.0643],[67.9151,24.0688],[67.9029,24.0754],[67.8818,24.0829],[67.866,24.0854],[67.8493,24.0943],[67.8476,24.0932],[67.8435,24.094],[67.8412,24.0918],[67.8421,24.0907],[67.8393,24.0846],[67.8404,24.0824],[67.8379,24.0785],[67.8335,24.0763],[67.8157,24.0749],[67.8051,24.0718],[67.794,24.0626],[67.7871,24.0643],[67.774,24.0785],[67.7615,24.0799],[67.7529,24.0849],[67.7479,24.0801],[67.7479,24.0713],[67.7457,24.0693],[67.7368,24.069],[67.7321,24.0665],[67.726,24.0588],[67.7257,24.0546],[67.7207,24.0443],[67.7151,24.0424],[67.711,24.0432],[67.7021,24.0499],[67.6937,24.0624],[67.6851,24.0832],[67.6799,24.0882],[67.6757,24.0893],[67.6682,24.0885],[67.6593,24.0801],[67.6462,24.0801],[67.6443,24.0704],[67.6413,24.0654],[67.6357,24.0676],[67.6274,24.0749],[67.6221,24.0765],[67.6168,24.0768],[67.6104,24.0749],[67.5685,24.0807],[67.5468,24.0801],[67.5324,24.0757],[67.519,24.0674],[67.4974,24.0496],[67.4865,24.0374],[67.4768,24.0393],[67.4732,24.0488],[67.4746,24.0574],[67.4724,24.0579],[67.4668,24.0763],[67.4607,24.0846],[67.4568,24.0832],[67.4551,24.0832],[67.4551,24.0846],[67.4543,24.0835],[67.446,24.0843],[67.4407,24.0812],[67.4388,24.0785],[67.439,24.0746],[67.4357,24.0657],[67.4329,24.066],[67.4321,24.0707],[67.4285,24.0682],[67.4246,24.0701],[67.421,24.0665],[67.4168,24.0663],[67.4157,24.064],[67.4121,24.0635],[67.4093,24.0649],[67.4099,24.0665],[67.4051,24.0707],[67.4068,24.0818],[67.4124,24.0868],[67.4165,24.089],[67.4229,24.0874],[67.4318,24.089],[67.4343,24.0937],[67.4324,24.1024],[67.4335,24.1132],[67.4385,24.1162],[67.4454,24.1179],[67.4479,24.1207],[67.4468,24.1274],[67.4424,24.134],[67.4493,24.1488],[67.4454,24.151],[67.4443,24.1543],[67.4379,24.1563],[67.4343,24.1546],[67.4326,24.1496],[67.431,24.1501],[67.4229,24.1604],[67.4174,24.1765],[67.4204,24.174],[67.4226,24.1679],[67.4254,24.1682],[67.4293,24.1726],[67.4326,24.1704],[67.4437,24.1682],[67.4507,24.1721],[67.4476,24.1726],[67.4468,24.171],[67.4424,24.1701],[67.4407,24.1715],[67.4346,24.1704],[67.4296,24.174],[67.4235,24.1688],[67.4215,24.1754],[67.4187,24.1782],[67.4154,24.1787],[67.411,24.186],[67.401,24.1865],[67.3899,24.1887],[67.3887,24.1901],[67.3879,24.1885],[67.381,24.1854],[67.3793,24.186],[67.376,24.1907],[67.3676,24.1946],[67.3665,24.1968],[67.3674,24.2046],[67.3715,24.209],[67.3815,24.2065],[67.3835,24.2121],[67.3882,24.2104],[67.3901,24.211],[67.3838,24.2135],[67.381,24.2076],[67.3737,24.2096],[67.3749,24.2135],[67.3765,24.2143],[67.374,24.2232],[67.3621,24.226],[67.3579,24.231],[67.3574,24.2349],[67.3626,24.2365],[67.3704,24.2321],[67.3732,24.2324],[67.3832,24.2282],[67.3899,24.2288],[67.391,24.2268],[67.394,24.2279],[67.4076,24.2271],[67.4129,24.2296],[67.4182,24.2146],[67.4151,24.2051],[67.4157,24.2007],[67.4221,24.1988],[67.4271,24.1999],[67.4285,24.1932],[67.4337,24.1915],[67.4357,24.1943],[67.4413,24.1968],[67.4415,24.2007],[67.4449,24.2021],[67.4493,24.1988],[67.4551,24.1904],[67.4607,24.1901],[67.4624,24.1938],[67.4593,24.191],[67.4554,24.1915],[67.4479,24.2035],[67.4415,24.2029],[67.439,24.2113],[67.444,24.2151],[67.4399,24.214],[67.4379,24.2118],[67.4404,24.2018],[67.4382,24.1976],[67.4346,24.1951],[67.4304,24.1954],[67.4313,24.199],[67.4293,24.2021],[67.4179,24.2018],[67.4207,24.2115],[67.4265,24.2121],[67.4296,24.219],[67.4279,24.2376],[67.4327,24.2385],[67.4296,24.2407],[67.4379,24.2479],[67.4463,24.2465],[67.4557,24.251],[67.4613,24.2463],[67.4618,24.239],[67.4665,24.2357],[67.4682,24.2307],[67.469,24.2324],[67.4676,24.236],[67.4629,24.2396],[67.4618,24.2432],[67.4646,24.2412],[67.4713,24.2407],[67.4763,24.2482],[67.4793,24.2471],[67.4782,24.2407],[67.4843,24.2363],[67.4926,24.2368],[67.4935,24.2385],[67.491,24.2396],[67.4924,24.2412],[67.5049,24.2346],[67.5038,24.2371],[67.491,24.2426],[67.4887,24.2501],[67.5013,24.259],[67.4999,24.2607],[67.501,24.2629],[67.5057,24.2635],[67.5107,24.2707],[67.5135,24.2718],[67.5093,24.2721],[67.5071,24.266],[67.5007,24.2638],[67.4954,24.256],[67.491,24.2551],[67.4865,24.2621],[67.4835,24.271],[67.4815,24.2713],[67.4737,24.2657],[67.4615,24.279],[67.4554,24.2807],[67.4413,24.279],[67.4351,24.2801],[67.4335,24.2815],[67.4315,24.2901],[67.4396,24.2938],[67.4371,24.301],[67.4421,24.3035],[67.4451,24.3024],[67.4488,24.2979],[67.4521,24.2971],[67.4582,24.2971],[67.4635,24.3001],[67.466,24.2988],[67.469,24.2932],[67.4799,24.2901],[67.4885,24.2857],[67.5007,24.2901],[67.5018,24.2932],[67.506,24.2938],[67.5043,24.2949],[67.5038,24.3029],[67.5079,24.306],[67.5054,24.3065],[67.5029,24.3049],[67.5026,24.2954],[67.4926,24.2885],[67.4857,24.2879],[67.4779,24.2921],[67.4713,24.2988],[67.4715,24.3043],[67.4685,24.3087],[67.4679,24.3154],[67.4699,24.3201],[67.4812,24.3182],[67.4871,24.3193],[67.5004,24.3326],[67.5121,24.3388],[67.5151,24.3376],[67.5171,24.3329],[67.5201,24.331],[67.5232,24.3304],[67.5268,24.3326],[67.5293,24.3312],[67.5265,24.3168],[67.5199,24.3126],[67.5246,24.3063],[67.5271,24.2996],[67.5182,24.284],[67.519,24.2829],[67.5285,24.3001],[67.5243,24.309],[67.5215,24.311],[67.5221,24.3135],[67.5268,24.3157],[67.5282,24.3193],[67.5346,24.3137],[67.5379,24.3154],[67.5349,24.3151],[67.529,24.3207],[67.5304,24.3324],[67.526,24.3351],[67.5229,24.3399],[67.5182,24.3385],[67.5185,24.3457],[67.5137,24.3482],[67.5099,24.3612],[67.5146,24.3649],[67.519,24.3651],[67.5321,24.3713],[67.5229,24.369],[67.5185,24.3662],[67.5129,24.3657],[67.5093,24.3626],[67.5085,24.3596],[67.5107,24.3546],[67.511,24.349],[67.5004,24.3432],[67.4957,24.3354],[67.4829,24.3243],[67.4726,24.3251],[67.4632,24.3318],[67.4587,24.3329],[67.4571,24.3379],[67.4632,24.3407],[67.4651,24.3449],[67.4574,24.3388],[67.4526,24.3404],[67.4485,24.3404],[67.4463,24.3388],[67.4451,24.346],[67.4499,24.3538],[67.4443,24.346],[67.4454,24.3376],[67.4399,24.3215],[67.4351,24.319],[67.4324,24.3246],[67.4243,24.326],[67.4243,24.3307],[67.4179,24.3385],[67.426,24.3435],[67.4307,24.3487],[67.4343,24.3499],[67.4376,24.3629],[67.4418,24.3632],[67.4465,24.3715],[67.451,24.3724],[67.4551,24.3757],[67.4593,24.374],[67.4565,24.3643],[67.4579,24.3635],[67.4601,24.3726],[67.4668,24.3721],[67.4726,24.3782],[67.4679,24.3913],[67.466,24.3926],[67.4696,24.3971],[67.4718,24.3963],[67.4701,24.4001],[67.4668,24.4029],[67.4671,24.4049],[67.4726,24.4076],[67.4701,24.4146],[67.4749,24.4138],[67.4718,24.4168],[67.4721,24.4226],[67.4688,24.4268],[67.4643,24.4282],[67.4501,24.4257],[67.4446,24.4299],[67.436,24.4313],[67.4324,24.4376],[67.4287,24.439],[67.4246,24.4396],[67.4129,24.4354],[67.4082,24.4357],[67.4093,24.4393],[67.4154,24.4457],[67.4151,24.4476],[67.4068,24.4504],[67.4029,24.4543],[67.3951,24.4557],[67.3835,24.4629],[67.3793,24.4685],[67.3749,24.4713],[67.3688,24.466],[67.3624,24.4665],[67.3507,24.4629],[67.346,24.4604],[67.3454,24.4574],[67.3412,24.4546],[67.3388,24.4543],[67.3354,24.4574],[67.3313,24.4585],[67.3299,24.4601],[67.3321,24.4621],[67.3326,24.4674],[67.3276,24.4768],[67.3279,24.4799],[67.331,24.4826],[67.3343,24.4732],[67.3396,24.4685],[67.3521,24.474],[67.3515,24.4799],[67.3551,24.4818],[67.3596,24.489],[67.3568,24.5001],[67.3654,24.5085],[67.3685,24.5143],[67.371,24.5254],[67.3746,24.5304],[67.3785,24.5318],[67.3782,24.5371],[67.3807,24.5379],[67.3776,24.539],[67.3763,24.5376],[67.3774,24.5338],[67.3701,24.5279],[67.3618,24.5365],[67.3593,24.5385],[67.3568,24.5379],[67.354,24.5424],[67.3438,24.5485],[67.3404,24.5482],[67.3363,24.5451],[67.3279,24.5451],[67.3118,24.5535],[67.3015,24.5546],[67.301,24.5557],[67.3063,24.5601],[67.3065,24.5629],[67.2971,24.5757],[67.3026,24.5826],[67.3104,24.5729],[67.3129,24.571],[67.3157,24.5715],[67.3201,24.5765],[67.3226,24.5888],[67.3254,24.5885],[67.3271,24.586],[67.3313,24.5868],[67.3329,24.5857],[67.3404,24.5882],[67.3493,24.5807],[67.3554,24.5815],[67.3549,24.5829],[67.3496,24.5818],[67.3443,24.5874],[67.3399,24.5896],[67.3418,24.599],[67.3407,24.6101],[67.3435,24.6126],[67.3504,24.6121],[67.3504,24.6165],[67.3526,24.6168],[67.3576,24.6046],[67.3518,24.6001],[67.3574,24.6035],[67.3593,24.6021],[67.3601,24.6035],[67.3643,24.6021],[67.3726,24.6029],[67.3737,24.6013],[67.3829,24.604],[67.3835,24.6065],[67.3779,24.6082],[67.3737,24.6115],[67.3771,24.6179],[67.3771,24.629],[67.3785,24.6318],[67.3899,24.6307],[67.4004,24.6338],[67.4013,24.6318],[67.4051,24.6315],[67.4129,24.6399],[67.424,24.6351],[67.4349,24.6363],[67.4393,24.6351],[67.4446,24.639],[67.4457,24.6421],[67.4426,24.6468],[67.4382,24.6485],[67.4307,24.6629],[67.421,24.6668],[67.4171,24.6732],[67.4185,24.6754],[67.4335,24.6774],[67.4374,24.681],[67.4362,24.6868],[67.429,24.6968],[67.4238,24.7021],[67.4176,24.704],[67.4115,24.7043],[67.4001,24.6985],[67.396,24.701],[67.389,24.7001],[67.3874,24.7021],[67.3932,24.7129],[67.4074,24.711],[67.4115,24.7129],[67.4179,24.711],[67.4196,24.7124],[67.4179,24.7138],[67.4143,24.7132],[67.4132,24.7154],[67.4096,24.7132],[67.4026,24.7129],[67.3974,24.7146],[67.3876,24.7146],[67.3807,24.7107],[67.3788,24.7157],[67.3835,24.7249],[67.3851,24.7254],[67.3885,24.7229],[67.3926,24.724],[67.3876,24.724],[67.3835,24.7274],[67.3821,24.7307],[67.3829,24.734],[67.3913,24.7368],[67.4074,24.7363],[67.4124,24.7468],[67.4235,24.7426],[67.4235,24.7474],[67.4279,24.7532],[67.4318,24.7657],[67.4282,24.7713],[67.4243,24.7665],[67.419,24.7676],[67.4146,24.7704],[67.4107,24.7771],[67.4074,24.7796],[67.3999,24.7785],[67.3943,24.7743],[67.3924,24.7754],[67.386,24.7732],[67.3804,24.7815],[67.3735,24.7826],[67.369,24.781],[67.3607,24.774],[67.356,24.774],[67.3524,24.7763],[67.3476,24.7751],[67.3468,24.7768],[67.3431,24.7774],[67.3376,24.7701],[67.3282,24.7643],[67.3199,24.7732],[67.3215,24.7766],[67.3215,24.7829],[67.3201,24.7829],[67.321,24.7796],[67.3199,24.7785],[67.3165,24.7779],[67.3132,24.7799],[67.3076,24.7763],[67.3049,24.7768],[67.3043,24.7782],[67.3082,24.7776],[67.3121,24.7801],[67.3118,24.7851],[67.2971,24.7835],[67.2949,24.7899],[67.2949,24.7965],[67.2921,24.799],[67.2913,24.7985],[67.294,24.7965],[67.2946,24.7832],[67.2868,24.7832],[67.2857,24.7854],[67.2774,24.7899],[67.2646,24.7904],[67.2604,24.7921],[67.2474,24.7849],[67.2435,24.7843],[67.2421,24.7862],[67.2429,24.7893],[67.2387,24.7907],[67.236,24.7885],[67.2285,24.789],[67.2207,24.7951],[67.2171,24.8001],[67.2149,24.8007],[67.2151,24.804],[67.2135,24.8035],[67.2126,24.8051],[67.2165,24.8107],[67.2143,24.8129],[67.2118,24.8115],[67.2029,24.8132],[67.2001,24.811],[67.2001,24.8082],[67.2057,24.8074],[67.204,24.8004],[67.2012,24.8001],[67.2004,24.7982],[67.2007,24.8046],[67.1968,24.8051],[67.194,24.8032],[67.1888,24.8065],[67.1834,24.806],[67.1895,24.8194],[67.1955,24.8241],[67.2033,24.8242],[67.2195,24.8203],[67.2576,24.8193],[67.2761,24.8198],[67.2982,24.8236],[67.349,24.7939],[67.3562,24.791],[67.3865,24.7857],[67.4223,24.79],[67.4294,24.8102],[67.4327,24.8416],[67.4895,24.8534],[67.4928,24.8432],[67.4976,24.8355],[67.5167,24.8136],[67.5299,24.8043],[67.5541,24.7934],[67.5638,24.7931],[67.5769,24.8168],[67.5761,24.8268],[67.5716,24.8355],[67.5473,24.8713],[67.521,24.9254],[67.5072,24.9481],[67.5017,24.9658],[67.4993,24.9819],[67.4932,24.9917],[67.4882,25.0288],[67.4756,25.0646],[67.4594,25.0992],[67.4472,25.1099],[67.3381,25.1521],[67.3009,25.1681],[67.2911,25.1728],[67.2691,25.1882],[67.2682,25.1956],[67.2803,25.2375],[67.3082,25.28],[67.3303,25.2993],[67.3503,25.3121],[67.3637,25.3252],[67.3723,25.3369],[67.3865,25.3609],[67.4004,25.4047],[67.4057,25.4457],[67.4083,25.5039],[67.4051,25.5877],[67.4052,25.6265],[67.401,25.6386],[67.3968,25.6453],[67.389,25.6521],[67.3706,25.6469],[67.336,25.6339],[67.3459,25.6768],[67.3584,25.7086],[67.3867,25.7631],[67.4137,25.8023],[67.463,25.8407],[67.462,25.8719],[67.4589,25.9028],[67.4385,25.9468],[67.4535,25.9962],[67.4544,26.0899],[67.4465,26.1127],[67.4229,26.1504],[67.3987,26.1639],[67.3742,26.1963],[67.3611,26.2333],[67.3248,26.2904],[67.3007,26.3478],[67.2767,26.394],[67.2531,26.4327],[67.2,26.5115],[67.177,26.5779],[67.1546,26.7078],[67.1599,26.7526],[67.1792,26.7714],[67.1648,26.93],[67.1675,26.9638],[67.1683,27.0005],[67.1746,27.0422],[67.1868,27.0932],[67.1853,27.1439],[67.1685,27.2437],[67.1442,27.3003],[67.1616,27.3479],[67.1882,27.3797],[67.1972,27.408],[67.2048,27.4728],[67.2288,27.4619],[67.257,27.4431],[67.2672,27.4322],[67.2757,27.4194],[67.2875,27.4138],[67.3069,27.4194],[67.3113,27.4177],[67.3331,27.3993],[67.3611,27.3986],[67.3816,27.3917],[67.3955,27.404],[67.4059,27.4161],[67.4145,27.4151],[67.4383,27.3887],[67.4598,27.3754],[67.5056,27.353],[67.5331,27.3412],[67.54,27.3397],[67.6113,27.333],[67.6496,27.3269],[67.6752,27.3183],[67.7325,27.315],[67.7896,27.3073],[67.8216,27.3067],[67.8598,27.3135],[67.8958,27.3171],[67.9176,27.3119],[67.9613,27.3116],[67.9743,27.3088],[67.9774,27.3066],[67.9811,27.2937],[67.9796,27.2895],[67.9528,27.2572],[67.9514,27.2494],[67.9531,27.2249],[67.9668,27.205],[67.9785,27.193],[67.9904,27.1839],[68.0188,27.1701],[68.0288,27.1633],[68.0314,27.1603],[68.0347,27.1435],[68.0325,27.1382],[68.0062,27.1052],[67.9897,27.0916],[67.9543,27.0767],[67.9382,27.0684],[67.9298,27.0588],[67.9292,27.0548],[67.9413,27.0465],[67.9628,27.042],[67.9877,27.0327],[67.9973,27.0238],[67.9988,27.0155],[67.9967,26.9984],[67.99,26.9904],[67.9639,26.9764],[67.948,26.9722],[67.9424,26.9638],[67.9533,26.9435],[67.9523,26.9354],[67.9385,26.9273],[67.9129,26.9239],[67.9109,26.9206],[67.9079,26.9021],[67.9132,26.8616],[67.9123,26.8572],[67.899,26.8424],[67.898,26.8389],[67.8643,26.8151],[67.8695,26.7715],[67.8587,26.7538],[67.8579,26.7268],[67.8595,26.7224],[67.8687,26.7136],[67.872,26.7018],[67.8752,26.6746],[67.8745,26.6432],[67.8707,26.6342],[67.8625,26.6243],[67.855,26.6201],[67.8451,26.6192],[67.8399,26.6168],[67.8364,26.6138],[67.8318,26.6024],[67.8326,26.5936],[67.8376,26.5849],[67.8656,26.5637],[67.8682,26.5526],[67.8822,26.5503],[67.9015,26.5497],[67.918,26.5437],[67.9208,26.5398],[67.9302,26.5111],[67.9305,26.4887],[67.9276,26.464],[67.9197,26.4555],[67.9155,26.4384],[67.9182,26.4225],[67.9175,26.4093],[67.9052,26.383],[67.902,26.3804],[67.9001,26.3763],[67.8973,26.3543],[67.8998,26.3358],[67.9142,26.2989],[67.9329,26.2625],[67.9437,26.2509],[67.9594,26.2396],[67.989,26.2257],[68.0121,26.1991],[68.0223,26.1847],[68.0449,26.1587],[68.0542,26.1503],[68.0771,26.1384],[68.1003,26.1293],[68.108,26.1244],[68.1305,26.0995],[68.1534,26.0696],[68.1641,26.0476],[68.1892,26.0206],[68.2005,26.0145],[68.2262,26.011],[68.2444,26.0053],[68.2899,25.9816],[68.329,26.0594],[68.3402,26.0779],[68.3577,26.0975],[68.365,26.1013],[68.3834,26.1069],[68.3875,26.107],[68.4029,26.1012],[68.42,26.0863],[68.4374,26.0632],[68.4521,26.0332],[68.468,26.0099],[68.475,26.0047],[68.4895,26.0038],[68.5102,26.008],[68.5121,25.9944],[68.4978,25.9653],[68.4904,25.9467],[68.4896,25.9408],[68.4695,25.9312],[68.4597,25.9236],[68.4557,25.9146],[68.4624,25.9098],[68.494,25.9055],[68.5018,25.8977],[68.5024,25.8945],[68.518,25.8816],[68.5306,25.8763],[68.5377,25.868],[68.5362,25.8641],[68.5245,25.8535],[68.5231,25.8505],[68.5461,25.8051],[68.5448,25.7982],[68.5425,25.7956],[68.5717,25.7866],[68.578,25.7814],[68.5733,25.7642],[68.5551,25.7526],[68.5536,25.7494],[68.6025,25.7044],[68.6131,25.6984],[68.6424,25.6863],[68.6693,25.6692],[68.6732,25.6718],[68.6843,25.6875],[68.6969,25.6999],[68.7145,25.6981],[68.7297,25.6999],[68.738,25.7045],[68.7648,25.7284],[68.7918,25.7379],[68.7979,25.7379],[68.8089,25.7367],[68.8424,25.7266],[68.8707,25.7137],[68.8854,25.7052],[68.8941,25.7032],[68.9052,25.6951],[68.9226,25.6609],[68.9239,25.6413],[68.9184,25.6255],[68.908,25.5845],[68.903,25.541],[68.904,25.5006],[68.9052,25.4951],[68.9151,25.4747],[68.926,25.4564],[68.9547,25.4275],[68.9692,25.4065],[68.9806,25.3783],[68.9855,25.325],[68.9879,25.259],[68.9857,25.2269],[68.9866,25.1907],[68.9893,25.1542],[68.9933,25.1351],[68.9963,25.128],[69.0137,25.1121],[69.035,25.1069],[69.084,25.0862],[69.1274,25.0619],[69.1607,25.0317],[69.1879,24.9895],[69.1962,24.9716],[69.2013,24.9511],[69.2159,24.9474],[69.2283,24.9488],[69.2599,24.9578],[69.2754,24.9657],[69.2889,24.9663],[69.3014,24.9621],[69.3085,24.956],[69.3204,24.9349],[69.3344,24.8934],[69.3386,24.8692],[69.3377,24.8546],[69.3313,24.8351],[69.3307,24.8194],[69.3373,24.7807],[69.3381,24.7683],[69.3369,24.7596],[69.2808,24.7434],[69.2671,24.7416],[69.2583,24.7368],[69.2633,24.7304],[69.2868,24.7266],[69.2994,24.7222],[69.295,24.7154],[69.279,24.7053],[69.2576,24.6839],[69.2509,24.6704],[69.2523,24.6559],[69.2608,24.6295],[69.2647,24.6078],[69.2578,24.5893],[69.2321,24.5995],[69.2232,24.5977],[69.2237,24.588],[69.2325,24.5833],[69.2439,24.5738],[69.2311,24.5475],[69.234,24.5235],[69.2265,24.5176],[69.1483,24.4839],[69.1379,24.4742],[69.1233,24.4699],[69.1211,24.4574],[69.1012,24.4476],[69.0979,24.4401],[69.0983,24.433],[69.0904,24.4222],[69.0832,24.4175],[69.0915,24.3911],[69.0821,24.3709],[69.083,24.3455],[69.0684,24.3196],[69.0667,24.3057],[69.0692,24.2986],[69.0834,24.2894],[69.097,24.2737],[69.1024,24.2689],[69.1114,24.266],[69.1146,24.2634],[69.0929,24.2691],[69.0854,24.2683],[69.0137,24.2291],[69.0005,24.2259],[68.9863,24.2263],[68.9706,24.2375],[68.9472,24.2766],[68.9336,24.2686],[68.922,24.2587],[68.9141,24.2453],[68.9041,24.2092],[68.8979,24.1989],[68.8875,24.1959],[68.8784,24.1969],[68.8724,24.2007],[68.8696,24.209],[68.8675,24.2062],[68.864,24.2052],[68.8525,24.2057],[68.8477,24.2084],[68.8403,24.2282],[68.8359,24.2499],[68.831,24.2878],[68.8321,24.2993],[68.8264,24.3084],[68.7727,24.2941],[68.7675,24.2897],[68.7641,24.2841],[68.7596,24.0358],[68.7509,24.0],[68.7492,23.962],[68.5471,23.9632],[68.554,23.9654],[68.5574,23.9693],[68.554,23.9737],[68.5474,23.9751],[68.5471,23.9813],[68.5499,23.9871],[68.5482,23.9876],[68.5451,23.9818],[68.5451,23.9724],[68.5435,23.9726],[68.5443,23.9704],[68.5418,23.9654],[68.5357,23.9599],[68.5368,23.9549],[68.5349,23.9524],[68.5326,23.9515],[68.5329,23.9526],[68.5276,23.9551],[68.5224,23.9526],[68.5257,23.9495],[68.5135,23.9501]]]]}},{"type":"Feature","properties":{"district_id":"pk-sindh-karachi","name":"Karachi","country":"PAK","province":"Sindh"},"geometry":{"type":"MultiPolygon","coordinates":[[[[66.9776,24.8074],[66.9788,24.8049],[66.9785,24.8035],[66.976,24.8068],[66.9765,24.8082],[66.9776,24.8074]]],[[[66.9724,24.806],[66.9718,24.8057],[66.971,24.8071],[66.9726,24.8071],[66.9724,24.806]]],[[[66.9704,24.8121],[66.9715,24.8101],[66.9713,24.809],[66.9699,24.8099],[66.9699,24.8143],[66.9704,24.8121]]],[[[66.9693,24.8193],[66.9693,24.8171],[66.9688,24.8168],[66.9682,24.8204],[66.9693,24.8193]]],[[[66.9574,24.8351],[66.9579,24.8335],[66.956,24.8351],[66.9565,24.8332],[66.9549,24.8329],[66.956,24.8357],[66.9574,24.8351]]],[[[66.9526,24.8371],[66.9538,24.834],[66.9532,24.8326],[66.951,24.834],[66.9507,24.8363],[66.9512,24.8379],[66.9526,24.8371]]],[[[66.9504,24.836],[66.9507,24.8338],[66.9501,24.8338],[66.9496,24.8371],[66.9504,24.836]]],[[[66.9468,24.8382],[66.9454,24.8374],[66.9446,24.8385],[66.9468,24.839],[66.9468,24.8382]]],[[[66.9437,24.8426],[66.9451,24.8418],[66.944,24.8396],[66.9385,24.8424],[66.9437,24.8426]]],[[[66.9379,24.8435],[66.9374,24.8418],[66.9362,24.8421],[66.9385,24.8451],[66.9379,24.8435]]],[[[66.9251,24.8526],[66.9293,24.8515],[66.9257,24.8485],[66.9251,24.844],[66.9226,24.8415],[66.9174,24.8404],[66.9157,24.8449],[66.919,24.8474],[66.9224,24.8532],[66.9251,24.8526]]],[[[66.7201,24.9474],[66.7298,24.9658],[66.7418,24.9756],[66.7704,24.9909],[66.8071,25.0046],[66.846,25.0151],[66.8747,25.0271],[66.9209,25.0366],[66.9329,25.0467],[66.9754,25.0737],[67.0022,25.1083],[67.0192,25.1388],[67.0267,25.1569],[67.028,25.1648],[67.0275,25.2029],[67.0351,25.2159],[67.0553,25.2218],[67.0713,25.2421],[67.0875,25.2523],[67.0984,25.2553],[67.1198,25.2542],[67.1316,25.2572],[67.1374,25.2623],[67.1409,25.273],[67.1455,25.3024],[67.1484,25.3089],[67.1613,25.3223],[67.1678,25.3358],[67.1647,25.3676],[67.1665,25.3743],[67.172,25.3809],[67.1753,25.3881],[67.1773,25.4209],[67.1838,25.4558],[67.1888,25.4675],[67.2024,25.4829],[67.2095,25.505],[67.218,25.5183],[67.2519,25.538],[67.266,25.5511],[67.2792,25.573],[67.2854,25.5867],[67.2914,25.594],[67.3238,25.6183],[67.3352,25.6302],[67.336,25.6339],[67.3706,25.6469],[67.389,25.6521],[67.3968,25.6453],[67.401,25.6386],[67.4052,25.6265],[67.4051,25.5877],[67.4083,25.5039],[67.4057,25.4457],[67.4004,25.4047],[67.3865,25.3609],[67.3723,25.3369],[67.3637,25.3252],[67.3503,25.3121],[67.3303,25.2993],[67.3082,25.28],[67.2803,25.2375],[67.2682,25.1956],[67.2691,25.1882],[67.2911,25.1728],[67.3009,25.1681],[67.3381,25.1521],[67.4472,25.1099],[67.4594,25.0992],[67.4756,25.0646],[67.4882,25.0288],[67.4932,24.9917],[67.4993,24.9819],[67.5017,24.9658],[67.5072,24.9481],[67.521,24.9254],[67.5473,24.8713],[67.5761,24.8268],[67.5769,24.8168],[67.5638,24.7931],[67.5541,24.7934],[67.5299,24.8043],[67.5167,24.8136],[67.4976,24.8355],[67.4928,24.8432],[67.4895,24.8534],[67.4327,24.8416],[67.4294,24.8102],[67.4223,24.79],[67.3865,24.7857],[67.3643,24.7888],[67.349,24.7939],[67.2982,24.8236],[67.2761,24.8198],[67.2576,24.8193],[67.2195,24.8203],[67.2033,24.8242],[67.1955,24.8241],[67.1895,24.8194],[67.1825,24.804],[67.1771,24.8021],[67.1718,24.8026],[67.1715,24.7999],[67.1738,24.7971],[67.1779,24.7993],[67.184,24.7993],[67.184,24.8029],[67.189,24.8029],[67.1915,24.8007],[67.1915,24.7974],[67.1865,24.7946],[67.1799,24.7951],[67.1849,24.7918],[67.1824,24.789],[67.1771,24.7915],[67.1712,24.7862],[67.1687,24.7887],[67.1593,24.7921],[67.1501,24.7935],[67.1442,24.7883],[67.1451,24.7865],[67.1413,24.7868],[67.1426,24.7826],[67.1407,24.7804],[67.1321,24.7801],[67.1224,24.7771],[67.1171,24.7796],[67.116,24.784],[67.1101,24.7879],[67.1082,24.7935],[67.1065,24.7915],[67.1024,24.7907],[67.1015,24.7887],[67.099,24.7901],[67.0932,24.7899],[67.0904,24.7929],[67.0879,24.7932],[67.084,24.7999],[67.0799,24.8024],[67.081,24.806],[67.0857,24.8082],[67.0854,24.8132],[67.0826,24.8132],[67.0785,24.8032],[67.0818,24.7924],[67.0904,24.7865],[67.0996,24.7754],[67.1026,24.7746],[67.1012,24.7699],[67.1038,24.7674],[67.1049,24.7618],[67.104,24.7601],[67.0907,24.7538],[67.0882,24.7504],[67.0813,24.7476],[67.0676,24.7588],[67.0526,24.7751],[67.0535,24.7793],[67.0415,24.7926],[67.0249,24.806],[67.0126,24.811],[66.9943,24.8129],[66.9929,24.8146],[66.9863,24.8143],[66.9804,24.8088],[66.9835,24.8032],[66.9843,24.799],[66.9837,24.7979],[66.9785,24.8074],[66.9776,24.8118],[66.9729,24.8137],[66.9732,24.8221],[66.9754,24.8274],[66.979,24.831],[66.9824,24.8396],[66.9887,24.8421],[66.9893,24.8443],[66.9804,24.8421],[66.9713,24.8257],[66.9685,24.826],[66.9688,24.8315],[66.9749,24.8446],[66.9743,24.8482],[66.9818,24.8549],[66.974,24.8557],[66.9713,24.8521],[66.969,24.8524],[66.9651,24.8601],[66.9679,24.8657],[66.9668,24.8704],[66.9629,24.8696],[66.9568,24.8651],[66.9568,24.8629],[66.9593,24.8626],[66.9546,24.8601],[66.9526,24.8604],[66.9504,24.8643],[66.9396,24.8635],[66.939,24.8585],[66.9299,24.8532],[66.9279,24.8551],[66.9196,24.8546],[66.916,24.859],[66.9154,24.8565],[66.9176,24.8529],[66.9154,24.8513],[66.9165,24.8476],[66.9143,24.846],[66.914,24.8418],[66.9224,24.8338],[66.9299,24.8385],[66.9396,24.8393],[66.9504,24.8296],[66.9593,24.8254],[66.9629,24.826],[66.9618,24.8218],[66.9579,24.8218],[66.9538,24.8196],[66.9579,24.821],[66.9651,24.8199],[66.9632,24.8157],[66.9607,24.8151],[66.9599,24.8121],[66.9629,24.8101],[66.9679,24.8104],[66.9682,24.8057],[66.9735,24.8015],[66.9815,24.7912],[66.9821,24.7846],[66.9807,24.7882],[66.9785,24.789],[66.9729,24.7962],[66.9649,24.7988],[66.9304,24.8285],[66.9124,24.8401],[66.9035,24.8446],[66.8982,24.8429],[66.8915,24.8479],[66.8726,24.8565],[66.854,24.8613],[66.8346,24.859],[66.8229,24.844],[66.8226,24.8379],[66.8199,24.8396],[66.8193,24.8382],[66.8157,24.8396],[66.8146,24.8385],[66.8001,24.8451],[66.7924,24.8451],[66.7854,24.8429],[66.7835,24.8429],[66.7835,24.8449],[66.7796,24.8446],[66.7754,24.8418],[66.7643,24.8493],[66.7513,24.8521],[66.7312,24.8412],[66.7318,24.8393],[66.7271,24.8351],[66.7254,24.8351],[66.7251,24.8382],[66.719,24.8382],[66.7063,24.8318],[66.6865,24.831],[66.6765,24.826],[66.666,24.8249],[66.6532,24.8379],[66.6607,24.8401],[66.6599,24.8501],[66.6574,24.8515],[66.6582,24.8557],[66.6696,24.864],[66.6787,24.8771],[66.6846,24.881],[66.6935,24.8801],[66.7018,24.8876],[66.7035,24.8876],[66.7068,24.8826],[66.7201,24.8857],[66.7199,24.8882],[66.7149,24.886],[66.7085,24.886],[66.7065,24.8871],[66.7065,24.8896],[66.7165,24.8993],[66.7182,24.9029],[66.7215,24.9049],[66.7196,24.9099],[66.7237,24.919],[66.7263,24.921],[66.7232,24.9212],[66.7204,24.9182],[66.7157,24.9065],[66.7104,24.9007],[66.7071,24.8987],[66.701,24.8982],[66.6926,24.8926],[66.694,24.8876],[66.6918,24.8907],[66.6915,24.8971],[66.6879,24.9024],[66.6876,24.9068],[66.7152,24.9394],[66.7201,24.9474]]]]}},{"type":"Feature","properties":{"district_id":"pk-sindh-larkana","name":"Larkana","country":"PAK","province":"Sindh"},"geometry":{"type":"MultiPolygon","coordinates":[[[[67.2122,27.5549],[67.2353,27.5788],[67.2624,27.6035],[67.2778,27.6266],[67.2808,27.6675],[67.2911,27.6907],[67.3472,27.7267],[67.3704,27.7437],[67.3926,27.781],[67.4102,27.8376],[67.4145,27.8681],[67.4241,27.8918],[67.4373,27.9026],[67.468,27.9027],[67.5469,27.9094],[67.6605,27.9299],[67.7105,27.9335],[67.7592,27.9437],[67.8114,27.9623],[67.8398,27.9826],[67.9237,28.011],[67.9392,28.0252],[67.9518,28.0464],[67.9614,28.0717],[67.9931,28.1036],[68.0396,28.1224],[68.0861,28.1554],[68.1089,28.1772],[68.1579,28.211],[68.198,28.2516],[68.2579,28.2752],[68.3168,28.2888],[68.3674,28.3156],[68.3857,28.3483],[68.4073,28.3964],[68.4306,28.4194],[68.4657,28.4393],[68.5039,28.4457],[68.5477,28.4447],[68.6569,28.4474],[68.7382,28.4461],[69.0087,28.4549],[69.08,28.4604],[69.1902,28.4543],[69.3241,28.4536],[69.3576,28.4576],[69.3901,28.456],[69.3949,28.4683],[69.4022,28.48],[69.4239,28.4886],[69.4489,28.4946],[69.4738,28.4956],[69.5084,28.4929],[69.5916,28.4785],[69.5714,28.4454],[69.6608,28.4378],[69.6917,28.4333],[69.6799,28.4132],[69.6691,28.4008],[69.6544,28.3881],[69.6292,28.3701],[69.6151,28.3631],[69.5924,28.3592],[69.5674,28.3625],[69.552,28.3867],[69.5339,28.4079],[69.5172,28.4079],[69.5058,28.3966],[69.5277,28.3621],[69.5555,28.2974],[69.5652,28.2655],[69.5686,28.2427],[69.5679,28.2307],[69.5609,28.2228],[69.5581,28.2172],[69.5419,28.2139],[69.5198,28.2221],[69.4979,28.2566],[69.4832,28.2642],[69.4725,28.2763],[69.465,28.2803],[69.4591,28.2728],[69.4603,28.2528],[69.4442,28.2368],[69.4508,28.2182],[69.4793,28.1981],[69.497,28.1898],[69.5047,28.1791],[69.5029,28.1666],[69.4669,28.1457],[69.4307,28.1482],[69.3707,28.1786],[69.3621,28.1771],[69.3784,28.146],[69.4004,28.1117],[69.4054,28.0935],[69.3849,28.0706],[69.3643,28.061],[69.3476,28.0698],[69.3515,28.0954],[69.3457,28.1113],[69.3232,28.1186],[69.2603,28.1033],[69.1993,28.0825],[69.1896,28.0661],[69.1936,28.0073],[69.1873,27.9867],[69.1688,27.9832],[69.1401,27.9906],[69.1167,28.0041],[69.103,28.002],[69.079,27.9679],[69.0664,27.9714],[69.0625,27.9859],[69.0662,28.019],[69.0399,28.0029],[69.0125,27.9819],[68.9743,27.9561],[68.9408,27.9249],[68.9064,27.8881],[68.8778,27.8539],[68.874,27.8218],[68.8755,27.7537],[68.845,27.7216],[68.8024,27.6881],[68.7858,27.6516],[68.7771,27.6439],[68.7238,27.65],[68.7093,27.6498],[68.6757,27.6319],[68.6485,27.6326],[68.6236,27.6547],[68.6223,27.7264],[68.6121,27.7344],[68.5907,27.7299],[68.5548,27.7187],[68.5364,27.7253],[68.5008,27.7269],[68.4727,27.7126],[68.4631,27.7],[68.475,27.6789],[68.4901,27.6648],[68.4901,27.6473],[68.487,27.6382],[68.4703,27.6266],[68.4201,27.6113],[68.3674,27.6137],[68.3399,27.6041],[68.3376,27.5763],[68.3448,27.5538],[68.3314,27.5312],[68.2965,27.5131],[68.2809,27.4953],[68.2768,27.4669],[68.3183,27.4146],[68.3456,27.389],[68.3436,27.3802],[68.3139,27.3688],[68.2821,27.3681],[68.2541,27.3704],[68.2273,27.3543],[68.1953,27.2829],[68.1812,27.2294],[68.1451,27.2203],[68.0995,27.1725],[68.0843,27.1411],[68.0558,27.1323],[68.0405,27.1339],[68.0287,27.1334],[68.0347,27.1435],[68.0314,27.1603],[68.0188,27.1701],[67.9873,27.186],[67.9725,27.1987],[67.9547,27.221],[67.9525,27.2286],[67.9516,27.2528],[67.9528,27.2572],[67.9619,27.2692],[67.9688,27.2755],[67.9796,27.2895],[67.9811,27.2937],[67.9774,27.3066],[67.9743,27.3088],[67.9613,27.3116],[67.9176,27.3119],[67.8958,27.3171],[67.8598,27.3135],[67.8216,27.3067],[67.7896,27.3073],[67.7325,27.315],[67.6752,27.3183],[67.6496,27.3269],[67.6113,27.333],[67.5331,27.3412],[67.4598,27.3754],[67.4383,27.3887],[67.4145,27.4151],[67.4059,27.4161],[67.3955,27.404],[67.3816,27.3917],[67.3611,27.3986],[67.3331,27.3993],[67.3113,27.4177],[67.3069,27.4194],[67.2875,27.4138],[67.2757,27.4194],[67.2672,27.4322],[67.257,27.4431],[67.2288,27.4619],[67.2048,27.4728],[67.2122,27.5549]]]]}},{"type":"Feature","properties":{"district_id":"pk-sindh-mirpurkhas","name":"MirpurKhas","country":"PAK","province":"Sindh"},"geometry":{"type":"MultiPolygon","coordinates":[[[[71.0994,24.674],[71.085,24.6614],[71.0608,24.6464],[71.0461,24.6388],[71.0205,24.6305],[71.0172,24.6224],[71.0102,24.6156],[71.0006,24.5992],[70.9986,24.5847],[71.0034,24.5665],[70.9983,24.5413],[71.0153,24.5228],[71.0142,24.502],[71.0075,24.4666],[71.007,24.4469],[71.0078,24.442],[71.0286,24.4334],[71.0756,24.4336],[71.0931,24.4359],[71.1101,24.4317],[71.119,24.431],[71.1242,24.4277],[71.1341,24.4138],[71.1318,24.4018],[71.1221,24.3909],[71.0883,24.3815],[71.0771,24.3723],[71.0664,24.3557],[71.0472,24.3473],[71.0291,24.3452],[71.013,24.3469],[71.0045,24.3532],[70.9984,24.3606],[70.9921,24.3586],[70.9741,24.3483],[70.9597,24.3462],[70.9528,24.3397],[70.929,24.3233],[70.9249,24.3172],[70.9212,24.3157],[70.9154,24.3095],[70.9054,24.303],[70.8931,24.2982],[70.8851,24.2908],[70.8843,24.2809],[70.8891,24.2689],[70.9011,24.2627],[70.8941,24.2571],[70.8537,24.2474],[70.8462,24.243],[70.8372,24.2345],[70.8162,24.225],[70.8058,24.2227],[70.7258,24.2209],[70.6553,24.2251],[70.6138,24.2394],[70.5936,24.2403],[70.5843,24.2441],[70.5742,24.2523],[70.5722,24.2592],[70.5724,24.2649],[70.5774,24.2739],[70.5878,24.2854],[70.574,24.2897],[70.5723,24.2936],[70.5735,24.2982],[70.5874,24.3101],[70.5812,24.316],[70.5721,24.3445],[70.5852,24.3521],[70.592,24.3586],[70.6039,24.3806],[70.6119,24.4005],[70.5936,24.4099],[70.5932,24.4117],[70.5749,24.4203],[70.5601,24.4186],[70.5316,24.41],[70.4831,24.3908],[70.4661,24.3868],[70.4596,24.387],[70.3703,24.3535],[70.3256,24.3474],[70.2969,24.3399],[70.2371,24.3173],[70.1505,24.3006],[70.119,24.2907],[70.1101,24.2849],[70.0883,24.2352],[70.0773,24.2156],[70.0593,24.1928],[70.0489,24.1835],[70.0241,24.1694],[70.0186,24.1698],[70.0006,24.1664],[69.9123,24.1642],[69.906,24.1662],[69.8738,24.1661],[69.8703,24.1647],[69.7246,24.1751],[69.7165,24.1796],[69.7087,24.1889],[69.7024,24.1904],[69.6812,24.2051],[69.6751,24.2124],[69.6175,24.2603],[69.6129,24.2676],[69.6007,24.2778],[69.5797,24.2704],[69.5564,24.2649],[69.5012,24.255],[69.4842,24.2574],[69.4704,24.2641],[69.4316,24.2737],[69.4116,24.2739],[69.3822,24.266],[69.3619,24.2662],[69.3308,24.274],[69.3103,24.2767],[69.2926,24.2739],[69.2749,24.2688],[69.2714,24.2667],[69.2707,24.2642],[69.2364,24.2518],[69.229,24.2512],[69.1998,24.2352],[69.19,24.2357],[69.1581,24.2463],[69.1555,24.249],[69.1483,24.2491],[69.1024,24.2689],[69.0876,24.283],[69.0834,24.2894],[69.0692,24.2986],[69.0667,24.3057],[69.0684,24.3196],[69.083,24.3455],[69.0821,24.3709],[69.0915,24.3911],[69.0832,24.4175],[69.0904,24.4222],[69.0983,24.433],[69.0979,24.4401],[69.1012,24.4476],[69.1211,24.4574],[69.1233,24.4699],[69.1379,24.4742],[69.1483,24.4839],[69.2265,24.5176],[69.234,24.5235],[69.2311,24.5475],[69.2439,24.5738],[69.2325,24.5833],[69.2237,24.588],[69.2232,24.5977],[69.2321,24.5995],[69.2578,24.5893],[69.2647,24.6078],[69.2608,24.6295],[69.2523,24.6559],[69.2509,24.6704],[69.2576,24.6839],[69.279,24.7053],[69.295,24.7154],[69.2994,24.7222],[69.2868,24.7266],[69.2633,24.7304],[69.2583,24.7368],[69.2671,24.7416],[69.2808,24.7434],[69.3369,24.7596],[69.3381,24.7683],[69.3373,24.7807],[69.3307,24.8194],[69.3313,24.8351],[69.3386,24.8593],[69.3386,24.8692],[69.3344,24.8934],[69.3204,24.9349],[69.3085,24.956],[69.3014,24.9621],[69.2889,24.9663],[69.2802,24.9662],[69.2754,24.9657],[69.2599,24.9578],[69.2283,24.9488],[69.2159,24.9474],[69.2013,24.9511],[69.1962,24.9716],[69.1879,24.9895],[69.1607,25.0317],[69.1274,25.0619],[69.084,25.0862],[69.035,25.1069],[69.0137,25.1121],[68.9963,25.128],[68.9933,25.1351],[68.9893,25.1542],[68.9866,25.1907],[68.9857,25.2269],[68.9879,25.259],[68.9855,25.325],[68.9806,25.3783],[68.9692,25.4065],[68.9547,25.4275],[68.926,25.4564],[68.9151,25.4747],[68.9052,25.4951],[68.904,25.5006],[68.903,25.541],[68.908,25.5845],[68.9184,25.6255],[68.9239,25.6413],[68.9226,25.6609],[68.9052,25.6951],[68.8941,25.7032],[68.8854,25.7052],[68.8707,25.7137],[68.8424,25.7266],[68.8089,25.7367],[68.7918,25.7379],[68.7648,25.7284],[68.738,25.7045],[68.7297,25.6999],[68.7145,25.6981],[68.6969,25.6999],[68.6843,25.6875],[68.6732,25.6718],[68.6693,25.6692],[68.6424,25.6863],[68.6131,25.6984],[68.6025,25.7044],[68.5536,25.7494],[68.5551,25.7526],[68.5733,25.7642],[68.578,25.7814],[68.5717,25.7866],[68.5425,25.7956],[68.5448,25.7982],[68.5461,25.8051],[68.5231,25.8505],[68.5245,25.8535],[68.5362,25.8641],[68.5377,25.868],[68.5306,25.8763],[68.518,25.8816],[68.5024,25.8945],[68.5018,25.8977],[68.494,25.9055],[68.4624,25.9098],[68.4557,25.9146],[68.4597,25.9236],[68.4727,25.9331],[68.4896,25.9408],[68.4912,25.9373],[68.4986,25.9328],[68.5024,25.9333],[68.5112,25.9376],[68.5238,25.9516],[68.5491,25.9668],[68.5709,25.9709],[68.5809,25.9685],[68.5905,25.9691],[68.5994,25.9805],[68.5983,25.9937],[68.5912,26.0215],[68.5897,26.0413],[68.5908,26.0485],[68.5953,26.0601],[68.5984,26.0782],[68.5904,26.0836],[68.5623,26.0901],[68.5546,26.0934],[68.5522,26.0962],[68.5555,26.105],[68.5647,26.1162],[68.559,26.1286],[68.5551,26.1311],[68.5576,26.1424],[68.5658,26.1631],[68.5769,26.1751],[68.5964,26.1793],[68.6053,26.1776],[68.6218,26.1963],[68.6339,26.1903],[68.648,26.1759],[68.6554,26.1742],[68.6588,26.1837],[68.6585,26.2047],[68.6808,26.2171],[68.6976,26.2176],[68.7097,26.2295],[68.7103,26.2374],[68.7262,26.272],[68.7283,26.2866],[68.7347,26.308],[68.7401,26.3159],[68.7714,26.3425],[68.816,26.3882],[68.8198,26.3876],[68.8287,26.4002],[68.8369,26.4075],[68.8777,26.4314],[68.8973,26.4583],[68.9165,26.4731],[68.9361,26.4526],[68.9463,26.4124],[68.9507,26.3868],[68.9625,26.3736],[69.008,26.3339],[69.0265,26.3146],[69.0641,26.2969],[69.0671,26.2695],[69.0876,26.2594],[69.0959,26.2441],[69.129,26.2307],[69.1558,26.2265],[69.2225,26.2414],[69.2713,26.2415],[69.372,26.2301],[69.4355,26.2138],[69.5081,26.2069],[69.5915,26.2031],[69.6392,26.2091],[69.6912,26.2127],[69.7906,26.2092],[69.8361,26.211],[69.8681,26.2005],[69.9068,26.1999],[70.013,26.1891],[70.0655,26.1754],[70.1237,26.1645],[70.1373,26.1549],[70.0943,26.0974],[70.0826,26.0739],[70.0805,26.0582],[70.0866,26.0312],[70.091,25.9968],[70.0913,25.9652],[70.0961,25.9443],[70.1067,25.9242],[70.1417,25.8754],[70.145,25.8685],[70.1539,25.8603],[70.1654,25.8442],[70.178,25.8195],[70.2032,25.8052],[70.2238,25.7879],[70.2445,25.7663],[70.2608,25.7423],[70.2723,25.7087],[70.2759,25.7034],[70.2853,25.6989],[70.3752,25.6685],[70.3997,25.6638],[70.4253,25.6696],[70.4598,25.6735],[70.4903,25.676],[70.5362,25.6767],[70.5658,25.6864],[70.6017,25.7033],[70.6171,25.7066],[70.6469,25.7065],[70.6554,25.7038],[70.666,25.6972],[70.6761,25.6803],[70.6811,25.6608],[70.6773,25.5887],[70.6762,25.5239],[70.6879,25.5173],[70.6855,25.5112],[70.685,25.4895],[70.6796,25.4475],[70.6797,25.4165],[70.6737,25.395],[70.6742,25.3893],[70.7232,25.3451],[70.7443,25.321],[70.7535,25.2963],[70.7591,25.275],[70.7664,25.2649],[70.7962,25.2398],[70.8093,25.2238],[70.856,25.1822],[70.8608,25.1758],[70.8943,25.1441],[70.9054,25.095],[70.9137,25.0455],[70.9256,24.9947],[70.9455,24.9345],[70.9563,24.9144],[70.9787,24.8897],[70.9853,24.8772],[71.004,24.8529],[71.0124,24.8359],[71.0236,24.8212],[71.0353,24.7988],[71.0503,24.7606],[71.0628,24.7389],[71.0729,24.712],[71.1004,24.6833],[71.1071,24.6807],[71.0994,24.674]]]]}},{"type":"Feature","properties":{"district_id":"pk-sindh-rannofkutch","name":"RannofKutch","country":"PAK","province":"Sindh"},"geometry":{"type":"MultiPolygon","coordinates":[[[[67.0808,25.2587],[67.0745,25.266],[67.0724,25.2865],[67.0863,25.2994],[67.0982,25.322],[67.102,25.3435],[67.1169,25.3571],[67.1299,25.3756],[67.1419,25.4028],[67.1547,25.4217],[67.1626,25.4511],[67.1698,25.4681],[67.1961,25.4765],[67.1888,25.4675],[67.1838,25.4558],[67.1773,25.4209],[67.1753,25.3881],[67.172,25.3809],[67.1665,25.3743],[67.1647,25.3676],[67.1678,25.3358],[67.1613,25.3223],[67.1484,25.3089],[67.1455,25.3024],[67.1409,25.273],[67.1374,25.2623],[67.1316,25.2572],[67.1198,25.2542],[67.0984,25.2553],[67.0923,25.2536],[67.0808,25.2587]]],[[[69.5035,28.1707],[69.5047,28.1791],[69.497,28.1898],[69.4793,28.1981],[69.4508,28.2182],[69.4442,28.2368],[69.4603,28.2528],[69.4591,28.2728],[69.465,28.2803],[69.4725,28.2763],[69.4832,28.2642],[69.4979,28.2566],[69.5198,28.2221],[69.5419,28.2139],[69.5581,28.2172],[69.5503,28.2017],[69.54,28.1868],[69.5379,28.1695],[69.5394,28.1432],[69.5291,28.1379],[69.5193,28.1424],[69.5089,28.1522],[69.5029,28.1666],[69.5035,28.1707]]],[[[69.5651,28.2659],[69.5555,28.2974],[69.5425,28.3295],[69.5277,28.3621],[69.5058,28.3966],[69.5172,28.4079],[69.5339,28.4079],[69.552,28.3867],[69.5674,28.3625],[69.5924,28.3592],[69.6151,28.3631],[69.629,28.3487],[69.6604,28.3298],[69.6765,28.3095],[69.6895,28.3164],[69.7036,28.3304],[69.718,28.3344],[69.7308,28.332],[69.7285,28.3211],[69.744,28.2902],[69.7122,28.2652],[69.6766,28.2635],[69.65,28.2691],[69.6084,28.2382],[69.5879,28.234],[69.5686,28.2427],[69.5651,28.2659]]]]}},{"type":"Feature","properties":{"district_id":"pk-sindh-sukkur","name":"Sukkur","country":"PAK","province":"Sindh"},"geometry":{"type":"MultiPolygon","coordinates":[[[[67.8998,26.3358],[67.8973,26.3543],[67.9001,26.3763],[67.902,26.3804],[67.9052,26.383],[67.9175,26.4093],[67.9182,26.4225],[67.9155,26.4384],[67.9197,26.4555],[67.9276,26.464],[67.9305,26.4887],[67.9302,26.5111],[67.9208,26.5398],[67.918,26.5437],[67.9015,26.5497],[67.8822,26.5503],[67.8682,26.5526],[67.8656,26.5637],[67.8376,26.5849],[67.8326,26.5936],[67.8318,26.6024],[67.8364,26.6138],[67.8399,26.6168],[67.8451,26.6192],[67.855,26.6201],[67.8625,26.6243],[67.8707,26.6342],[67.8745,26.6432],[67.8752,26.6746],[67.872,26.7018],[67.8687,26.7136],[67.8595,26.7224],[67.8579,26.7268],[67.8587,26.7538],[67.8695,26.7715],[67.8643,26.8151],[67.898,26.8389],[67.899,26.8424],[67.9123,26.8572],[67.9132,26.8616],[67.9079,26.9021],[67.9109,26.9206],[67.9129,26.9239],[67.9385,26.9273],[67.9523,26.9354],[67.9533,26.9435],[67.9424,26.9638],[67.948,26.9722],[67.9639,26.9764],[67.99,26.9904],[67.9967,26.9984],[67.9988,27.0155],[67.9973,27.0238],[67.9877,27.0327],[67.9628,27.042],[67.9413,27.0465],[67.9292,27.0548],[67.9298,27.0588],[67.9382,27.0684],[67.9543,27.0767],[67.9897,27.0916],[68.0062,27.1052],[68.0287,27.1334],[68.0405,27.1339],[68.0558,27.1323],[68.0843,27.1411],[68.0995,27.1725],[68.1451,27.2203],[68.1812,27.2294],[68.1953,27.2829],[68.2273,27.3543],[68.2541,27.3704],[68.2821,27.3681],[68.3139,27.3688],[68.3436,27.3802],[68.3456,27.389],[68.3183,27.4146],[68.2768,27.4669],[68.2809,27.4953],[68.2965,27.5131],[68.3314,27.5312],[68.3448,27.5538],[68.3376,27.5763],[68.3399,27.6041],[68.3674,27.6137],[68.4201,27.6113],[68.4703,27.6266],[68.487,27.6382],[68.4901,27.6473],[68.4901,27.6648],[68.475,27.6789],[68.4631,27.7],[68.4727,27.7126],[68.5008,27.7269],[68.5364,27.7253],[68.5548,27.7187],[68.5907,27.7299],[68.6121,27.7344],[68.6223,27.7264],[68.6236,27.6547],[68.6485,27.6326],[68.6757,27.6319],[68.7093,27.6498],[68.7238,27.65],[68.7771,27.6439],[68.7858,27.6516],[68.8024,27.6881],[68.845,27.7216],[68.8755,27.7537],[68.874,27.8218],[68.8778,27.8539],[68.9064,27.8881],[68.9408,27.9249],[68.9743,27.9561],[69.0125,27.9819],[69.0399,28.0029],[69.0662,28.019],[69.0625,27.9859],[69.0664,27.9714],[69.079,27.9679],[69.103,28.002],[69.1167,28.0041],[69.1401,27.9906],[69.1688,27.9832],[69.1873,27.9867],[69.1936,28.0073],[69.1896,28.0661],[69.1993,28.0825],[69.2603,28.1033],[69.3232,28.1186],[69.3457,28.1113],[69.3515,28.0954],[69.3476,28.0698],[69.3643,28.061],[69.3849,28.0706],[69.4054,28.0935],[69.4004,28.1117],[69.3784,28.146],[69.3621,28.1771],[69.3707,28.1786],[69.4307,28.1482],[69.4669,28.1457],[69.5029,28.1666],[69.5089,28.1522],[69.5193,28.1424],[69.5291,28.1379],[69.5394,28.1432],[69.5379,28.1695],[69.54,28.1868],[69.5503,28.2017],[69.5609,28.2228],[69.5679,28.2307],[69.5686,28.2427],[69.5879,28.234],[69.6084,28.2382],[69.65,28.2691],[69.6766,28.2635],[69.7122,28.2652],[69.744,28.2902],[69.7285,28.3211],[69.7308,28.332],[69.718,28.3344],[69.7036,28.3304],[69.6895,28.3164],[69.6765,28.3095],[69.6604,28.3298],[69.629,28.3487],[69.6151,28.3631],[69.6292,28.3701],[69.6544,28.3881],[69.6691,28.4008],[69.6799,28.4132],[69.6917,28.4333],[69.7138,28.41],[69.7196,28.3944],[69.7457,28.3754],[69.767,28.3681],[69.7846,28.3546],[69.7839,28.313],[69.7905,28.2932],[69.7951,28.261],[69.8053,28.2216],[69.807,28.193],[69.8052,28.1648],[69.8149,28.1334],[69.8358,28.0877],[69.881,28.0413],[69.9093,28.0157],[69.9644,27.9494],[69.9906,27.9385],[70.0081,27.9283],[70.0232,27.9149],[70.0485,27.901],[70.1808,27.8551],[70.157,27.834],[70.1078,27.7669],[70.0246,27.5697],[70.0163,27.556],[69.9362,27.5021],[69.9076,27.4596],[69.862,27.4028],[69.8325,27.3788],[69.8125,27.3596],[69.7247,27.2948],[69.6987,27.2777],[69.6659,27.2514],[69.6006,27.1894],[69.5867,27.178],[69.5781,27.1655],[69.5652,27.1385],[69.5373,27.0693],[69.5132,27.0169],[69.5036,26.9433],[69.5009,26.9003],[69.4855,26.8235],[69.4837,26.8062],[69.4875,26.7937],[69.5077,26.7485],[69.5154,26.7401],[69.5805,26.7119],[69.6018,26.7051],[69.6083,26.7003],[69.6767,26.6726],[69.699,26.6651],[69.7219,26.6538],[69.7433,26.6385],[69.7719,26.6137],[69.7948,26.6],[69.8154,26.5922],[69.8556,26.5829],[69.8793,26.5811],[69.9183,26.5826],[70.0248,26.5987],[70.0662,26.5993],[70.0884,26.5956],[70.1069,26.5895],[70.1502,26.5683],[70.1605,26.559],[70.1678,26.5506],[70.1785,26.5141],[70.1839,26.4868],[70.176,26.4333],[70.1793,26.3753],[70.1779,26.3658],[70.1783,26.3498],[70.1667,26.307],[70.1646,26.2909],[70.1652,26.2771],[70.1708,26.2591],[70.1727,26.2451],[70.1594,26.1945],[70.1452,26.1662],[70.1373,26.1549],[70.1237,26.1645],[70.0655,26.1754],[70.013,26.1891],[69.9068,26.1999],[69.8681,26.2005],[69.8361,26.211],[69.7906,26.2092],[69.6912,26.2127],[69.6392,26.2091],[69.5915,26.2031],[69.5081,26.2069],[69.4355,26.2138],[69.372,26.2301],[69.2713,26.2415],[69.2225,26.2414],[69.1558,26.2265],[69.129,26.2307],[69.0959,26.2441],[69.0876,26.2594],[69.0671,26.2695],[69.0641,26.2969],[69.0265,26.3146],[69.008,26.3339],[68.9625,26.3736],[68.9507,26.3868],[68.9463,26.4124],[68.9361,26.4526],[68.9165,26.4731],[68.8973,26.4583],[68.8777,26.4314],[68.8369,26.4075],[68.8287,26.4002],[68.8198,26.3876],[68.816,26.3882],[68.7714,26.3425],[68.7401,26.3159],[68.7347,26.308],[68.7283,26.2866],[68.7262,26.272],[68.7103,26.2374],[68.7097,26.2295],[68.6976,26.2176],[68.6808,26.2171],[68.6585,26.2047],[68.6588,26.1837],[68.6554,26.1742],[68.648,26.1759],[68.6339,26.1903],[68.6218,26.1963],[68.6053,26.1776],[68.5964,26.1793],[68.5769,26.1751],[68.5658,26.1631],[68.5576,26.1424],[68.5551,26.1311],[68.559,26.1286],[68.5647,26.1162],[68.5555,26.105],[68.5522,26.0962],[68.5546,26.0934],[68.5623,26.0901],[68.5904,26.0836],[68.5984,26.0782],[68.5953,26.0601],[68.5908,26.0485],[68.5897,26.0413],[68.5912,26.0215],[68.5983,25.9937],[68.5994,25.9805],[68.5905,25.9691],[68.5809,25.9685],[68.5709,25.9709],[68.5491,25.9668],[68.5238,25.9516],[68.5112,25.9376],[68.4986,25.9328],[68.4912,25.9373],[68.4896,25.9408],[68.4904,25.9467],[68.4995,25.9693],[68.5121,25.9944],[68.5102,26.008],[68.4895,26.0038],[68.475,26.0047],[68.468,26.0099],[68.4521,26.0332],[68.4398,26.0596],[68.42,26.0863],[68.4029,26.1012],[68.3875,26.107],[68.365,26.1013],[68.3577,26.0975],[68.3402,26.0779],[68.329,26.0594],[68.2899,25.9816],[68.2444,26.0053],[68.2262,26.011],[68.2005,26.0145],[68.1892,26.0206],[68.1641,26.0476],[68.1534,26.0696],[68.1305,26.0995],[68.108,26.1244],[68.1003,26.1293],[68.0771,26.1384],[68.0542,26.1503],[68.0449,26.1587],[68.0223,26.1847],[68.0121,26.1991],[67.989,26.2257],[67.9594,26.2396],[67.9437,26.2509],[67.9353,26.2597],[67.9142,26.2989],[67.8998,26.3358]]]]}},{"type":"Feature","properties":{"district_id":"af-badakhshan-baharak","name":"Baharak","country":"AFG","province":"Badakhshan"},"geometry":{"type":"MultiPolygon","coordinates":[[[[71.4115,36.5572],[71.4095,36.5524],[71.3956,36.5545],[71.3739,36.5547],[71.3644,36.5523],[71.3388,36.5409],[71.3184,36.5345],[71.3019,36.5236],[71.2877,36.5211],[71.2818,36.5172],[71.28,36.5076],[71.2759,36.4998],[71.2682,36.4943],[71.2598,36.4833],[71.2469,36.4771],[71.2416,36.4765],[71.2319,36.4786],[71.2217,36.4843],[71.2022,36.48],[71.1935,36.4814],[71.1881,36.4844],[71.1863,36.4883],[71.1817,36.492],[71.1856,36.4944],[71.2006,36.5215],[71.2023,36.5312],[71.1959,36.5467],[71.1673,36.5633],[71.1503,36.5832],[71.1443,36.5876],[71.1242,36.5924],[71.1162,36.5966],[71.1103,36.6046],[71.1078,36.6288],[71.1104,36.6515],[71.109,36.6656],[71.1052,36.6752],[71.0408,36.7704],[71.0337,36.7853],[71.0287,36.7907],[71.02,36.8097],[71.0172,36.8366],[71.0187,36.8648],[71.0132,36.8817],[70.9976,36.9066],[70.9768,36.9179],[70.957,36.9321],[70.9024,36.9496],[70.8972,36.9527],[70.8916,36.9535],[70.8587,36.9682],[70.8339,36.9885],[70.8073,37.002],[70.7939,37.0154],[70.7843,37.0277],[70.7667,37.0419],[70.7539,37.0546],[70.7358,37.0655],[70.7124,37.0762],[70.7171,37.0939],[70.7215,37.0987],[70.73,37.104],[70.8008,37.1254],[70.8381,37.1339],[70.8531,37.1413],[70.861,37.1516],[70.8571,37.1664],[70.8631,37.1714],[70.867,37.1776],[70.8669,37.1864],[70.8561,37.1947],[70.8527,37.2019],[70.849,37.2051],[70.8365,37.208],[70.8296,37.2114],[70.8276,37.2175],[70.8156,37.2292],[70.8114,37.2397],[70.8023,37.2532],[70.7897,37.2621],[70.7863,37.2739],[70.7827,37.2768],[70.8068,37.2773],[70.8149,37.2813],[70.8171,37.2935],[70.8215,37.2968],[70.8321,37.2985],[70.8458,37.2928],[70.8627,37.2944],[70.8719,37.2991],[70.8705,37.3095],[70.8757,37.3123],[70.8936,37.3133],[70.9068,37.3057],[70.9274,37.3098],[70.9312,37.3125],[70.9378,37.3267],[70.9531,37.3387],[70.9632,37.3541],[70.9677,37.3568],[70.9992,37.365],[71.0107,37.365],[71.0181,37.368],[71.0271,37.3766],[71.0291,37.3875],[71.0341,37.3954],[71.0425,37.4028],[71.0518,37.4054],[71.0676,37.4021],[71.0833,37.3923],[71.0955,37.3877],[71.1464,37.3803],[71.1756,37.3821],[71.1998,37.3924],[71.2119,37.395],[71.2393,37.3972],[71.2815,37.3954],[71.3058,37.3985],[71.3155,37.3956],[71.3167,37.391],[71.3102,37.3847],[71.295,37.3802],[71.2869,37.3734],[71.291,37.3646],[71.2897,37.3602],[71.2792,37.356],[71.2511,37.3528],[71.2267,37.3441],[71.2082,37.3326],[71.1979,37.3174],[71.1963,37.3069],[71.2024,37.2875],[71.2127,37.2798],[71.2439,37.265],[71.2597,37.2615],[71.2727,37.2611],[71.2901,37.2563],[71.307,37.2549],[71.3181,37.2499],[71.3125,37.2385],[71.3064,37.2171],[71.3069,37.2106],[71.3138,37.1991],[71.3155,37.1921],[71.3152,37.1836],[71.3092,37.1682],[71.3091,37.1369],[71.3119,37.1299],[71.325,37.114],[71.3367,37.0801],[71.349,37.0579],[71.3602,37.0225],[71.3671,37.0127],[71.3858,36.9967],[71.3926,36.9861],[71.3889,36.9808],[71.3789,36.9771],[71.3692,36.9712],[71.3523,36.9504],[71.3438,36.9454],[71.3325,36.9433],[71.3286,36.9406],[71.3271,36.9364],[71.3538,36.914],[71.3546,36.903],[71.3514,36.8897],[71.3445,36.8789],[71.3306,36.8632],[71.3195,36.8548],[71.3057,36.8513],[71.2858,36.8508],[71.2535,36.8546],[71.2478,36.8528],[71.2429,36.8479],[71.2426,36.8388],[71.2494,36.8284],[71.2618,36.8196],[71.2637,36.8143],[71.258,36.8027],[71.25,36.7964],[71.2224,36.7854],[71.2188,36.7799],[71.2197,36.7704],[71.2382,36.7589],[71.252,36.7528],[71.258,36.7456],[71.2667,36.7425],[71.2719,36.7376],[71.2715,36.7325],[71.2651,36.7322],[71.2575,36.7346],[71.2526,36.7307],[71.2571,36.7225],[71.2505,36.7188],[71.2359,36.7206],[71.2303,36.7172],[71.2338,36.7034],[71.2318,36.6942],[71.2268,36.6868],[71.2267,36.6811],[71.2311,36.6723],[71.236,36.6688],[71.2426,36.6591],[71.2633,36.6452],[71.2858,36.622],[71.295,36.6146],[71.3183,36.6031],[71.3456,36.5865],[71.3614,36.5826],[71.3793,36.5679],[71.4115,36.5572]]]]}},{"type":"Feature","properties":{"district_id":"af-badakhshan-darwaz","name":"Darwaz","country":"AFG","province":"Badakhshan"},"geometry":{"type":"MultiPolygon","coordinates":[[[[71.2762,38.0047],[71.2656,38.006],[71.2572,38.0099],[71.2534,38.0143],[71.2252,38.0124],[71.2054,38.0151],[71.1934,38.0188],[71.1888,38.0222],[71.1773,38.0266],[71.1779,38.0353],[71.1722,38.0383],[71.1657,38.0332],[71.1611,38.0249],[71.1507,38.0185],[71.1281,38.0173],[71.1163,38.0131],[71.1112,38.0144],[71.1043,38.0188],[71.0913,38.0169],[71.085,38.0202],[71.0807,38.0198],[71.0719,38.0105],[71.0615,38.008],[71.0557,38.0045],[71.039,37.98],[71.0284,37.9715],[71.0129,37.9627],[71.0006,37.9508],[71.0009,37.9595],[70.9949,37.9689],[70.9591,37.9834],[70.932,37.998],[70.9158,38.0089],[70.8677,38.0281],[70.8411,38.0417],[70.8069,38.0549],[70.7886,38.0574],[70.7675,38.0549],[70.745,38.0471],[70.7068,38.0301],[70.6916,38.0271],[70.6805,38.0277],[70.6679,38.0321],[70.657,38.0398],[70.6513,38.0459],[70.6346,38.0544],[70.5883,38.0613],[70.5632,38.0768],[70.5403,38.0843],[70.5242,38.0854],[70.5161,38.0841],[70.4933,38.0763],[70.4374,38.0639],[70.4188,38.0755],[70.4184,38.0825],[70.4203,38.089],[70.431,38.0989],[70.468,38.1049],[70.478,38.1103],[70.4811,38.1152],[70.4911,38.1208],[70.4982,38.1198],[70.505,38.1226],[70.5049,38.1298],[70.5015,38.1345],[70.5003,38.1461],[70.5035,38.1644],[70.5106,38.1791],[70.5149,38.1842],[70.5179,38.1943],[70.5293,38.2015],[70.5365,38.2098],[70.5373,38.2244],[70.546,38.2445],[70.5513,38.2488],[70.5586,38.2601],[70.5671,38.2682],[70.5795,38.274],[70.6015,38.2802],[70.6048,38.2833],[70.609,38.2965],[70.6051,38.3058],[70.6068,38.3114],[70.6146,38.3245],[70.611,38.3358],[70.6107,38.3457],[70.6183,38.3514],[70.6309,38.3535],[70.6432,38.3489],[70.654,38.3495],[70.6593,38.351],[70.6656,38.3586],[70.6846,38.3644],[70.6915,38.3691],[70.6942,38.374],[70.6944,38.3809],[70.6919,38.3865],[70.688,38.3893],[70.6784,38.3874],[70.6742,38.3905],[70.676,38.3972],[70.6747,38.4034],[70.6786,38.4089],[70.692,38.4175],[70.6983,38.4198],[70.7031,38.4167],[70.7148,38.4145],[70.727,38.4149],[70.7416,38.42],[70.7566,38.428],[70.7603,38.4338],[70.762,38.44],[70.7668,38.4461],[70.7684,38.4532],[70.7722,38.4561],[70.7826,38.4552],[70.7876,38.4509],[70.8095,38.4441],[70.8147,38.4447],[70.821,38.448],[70.8244,38.4529],[70.8296,38.4521],[70.8432,38.4463],[70.8434,38.4403],[70.8501,38.4387],[70.8564,38.4434],[70.86,38.4501],[70.8577,38.4553],[70.8591,38.4596],[70.8641,38.4603],[70.8682,38.4657],[70.8735,38.4688],[70.8802,38.4694],[70.895,38.4651],[70.9004,38.4596],[70.9016,38.4534],[70.9007,38.4474],[70.9069,38.4435],[70.9077,38.4389],[70.9213,38.4348],[70.9244,38.4303],[70.9309,38.432],[70.9345,38.4353],[70.9354,38.4407],[70.9436,38.4427],[70.9478,38.4385],[70.9543,38.4382],[70.9585,38.4418],[70.9576,38.4463],[70.962,38.4566],[70.956,38.4614],[70.9438,38.4669],[70.9472,38.4769],[70.9696,38.4761],[70.9811,38.4821],[70.9895,38.4904],[70.9966,38.4877],[71.0013,38.477],[71.0095,38.4712],[71.0209,38.469],[71.0309,38.4613],[71.0294,38.4527],[71.0368,38.4422],[71.0399,38.4274],[71.0448,38.4226],[71.0469,38.4102],[71.0564,38.399],[71.0617,38.398],[71.0666,38.4],[71.0686,38.4047],[71.0665,38.4128],[71.0763,38.4141],[71.0863,38.4214],[71.0916,38.4233],[71.1043,38.4224],[71.1078,38.4194],[71.1053,38.409],[71.1101,38.4058],[71.1212,38.4063],[71.1283,38.3989],[71.1329,38.3971],[71.1437,38.4025],[71.1496,38.3974],[71.1512,38.3893],[71.1631,38.3872],[71.1686,38.3816],[71.1753,38.3699],[71.1842,38.3459],[71.1882,38.3439],[71.1974,38.343],[71.2027,38.3397],[71.2101,38.3314],[71.2258,38.3211],[71.2439,38.318],[71.2481,38.3123],[71.2527,38.3103],[71.2744,38.3121],[71.2796,38.3146],[71.2966,38.313],[71.3134,38.3044],[71.328,38.3054],[71.334,38.2933],[71.3271,38.2851],[71.3329,38.2807],[71.332,38.2758],[71.3346,38.2701],[71.3469,38.2713],[71.361,38.2683],[71.3663,38.2655],[71.3741,38.2556],[71.3675,38.2233],[71.3774,38.2152],[71.379,38.2103],[71.3688,38.202],[71.3648,38.1961],[71.3663,38.1785],[71.3687,38.1719],[71.3758,38.1608],[71.366,38.1506],[71.3601,38.1487],[71.3533,38.1501],[71.3484,38.1475],[71.3398,38.1318],[71.3366,38.1137],[71.3302,38.1121],[71.3272,38.1084],[71.3264,38.1029],[71.3196,38.0998],[71.3216,38.0858],[71.3212,38.0705],[71.3114,38.0604],[71.3065,38.0469],[71.3002,38.043],[71.2944,38.0448],[71.2837,38.0403],[71.2863,38.0331],[71.2946,38.0294],[71.2951,38.0183],[71.2912,38.0142],[71.2798,38.0089],[71.2762,38.0047]]]]}},{"type":"Feature","properties":{"district_id":"af-badakhshan-fayzabad","name":"Fayzabad","country":"AFG","province":"Badakhshan"},"geometry":{"type":"MultiPolygon","coordinates":[[[[70.7827,37.2768],[70.7863,37.2739],[70.7897,37.2621],[70.8023,37.2532],[70.8114,37.2397],[70.8156,37.2292],[70.8276,37.2175],[70.8296,37.2114],[70.8365,37.208],[70.849,37.2051],[70.8527,37.2019],[70.8561,37.1947],[70.8669,37.1864],[70.867,37.1776],[70.8631,37.1714],[70.8571,37.1664],[70.861,37.1516],[70.8531,37.1413],[70.8381,37.1339],[70.8008,37.1254],[70.73,37.104],[70.7215,37.0987],[70.7171,37.0939],[70.7124,37.0762],[70.7019,37.0504],[70.6925,37.0328],[70.6834,37.0187],[70.6717,37.0086],[70.6596,36.9924],[70.6557,36.9761],[70.6516,36.9666],[70.6508,36.9528],[70.6594,36.9293],[70.657,36.9038],[70.6578,36.8915],[70.6535,36.8786],[70.6412,36.8586],[70.64,36.8434],[70.6417,36.831],[70.6492,36.8055],[70.6505,36.7754],[70.6474,36.7485],[70.6487,36.7407],[70.6032,36.7478],[70.5697,36.7455],[70.549,36.7483],[70.5207,36.7495],[70.5093,36.7519],[70.5008,36.763],[70.4719,36.7806],[70.4618,36.7844],[70.4518,36.7929],[70.4247,36.8075],[70.4069,36.8293],[70.3931,36.8421],[70.3782,36.8525],[70.3512,36.8791],[70.3066,36.9153],[70.2943,36.9282],[70.2813,36.9386],[70.2766,36.9453],[70.2723,36.9631],[70.2617,36.9738],[70.2454,36.9818],[70.2264,36.985],[70.182,36.9837],[70.1667,36.9876],[70.1453,36.9906],[70.1147,36.989],[70.1019,36.9956],[70.0988,37.0111],[70.1041,37.0255],[70.1193,37.0416],[70.1252,37.0443],[70.1497,37.0664],[70.1553,37.0781],[70.1605,37.1056],[70.1674,37.1249],[70.1751,37.1305],[70.1853,37.1483],[70.1886,37.1632],[70.1906,37.1984],[70.1953,37.2252],[70.1982,37.2292],[70.203,37.2473],[70.2022,37.2555],[70.1962,37.2725],[70.1997,37.292],[70.2091,37.3036],[70.2225,37.3272],[70.2304,37.336],[70.2371,37.347],[70.2471,37.3574],[70.262,37.3676],[70.2728,37.3771],[70.2788,37.3868],[70.2863,37.4135],[70.2916,37.4245],[70.3063,37.4413],[70.3257,37.4601],[70.3357,37.4539],[70.3719,37.4424],[70.3968,37.4256],[70.4179,37.4143],[70.4333,37.4085],[70.4546,37.4035],[70.4846,37.3914],[70.4974,37.3837],[70.554,37.3615],[70.5957,37.3562],[70.6141,37.3525],[70.6274,37.3478],[70.6474,37.3351],[70.6677,37.3256],[70.6794,37.3153],[70.6987,37.312],[70.7272,37.3034],[70.7346,37.2961],[70.7489,37.2882],[70.7827,37.2768]]]]}},{"type":"Feature","properties":{"district_id":"af-badakhshan-ishkashim","name":"Ishkashim","country":"AFG","province":"Badakhshan"},"geometry":{"type":"MultiPolygon","coordinates":[[[[71.4115,36.5572],[71.3793,36.5679],[71.3614,36.5826],[71.3456,36.5865],[71.3183,36.6031],[71.295,36.6146],[71.2858,36.622],[71.2633,36.6452],[71.2426,36.6591],[71.236,36.6688],[71.2311,36.6723],[71.2267,36.6811],[71.2268,36.6868],[71.2318,36.6942],[71.2338,36.7034],[71.2303,36.7172],[71.2359,36.7206],[71.2505,36.7188],[71.2571,36.7225],[71.2526,36.7307],[71.2575,36.7346],[71.2651,36.7322],[71.2715,36.7325],[71.2719,36.7376],[71.2667,36.7425],[71.258,36.7456],[71.252,36.7528],[71.2382,36.7589],[71.2197,36.7704],[71.2188,36.7799],[71.2224,36.7854],[71.25,36.7964],[71.258,36.8027],[71.2637,36.8143],[71.2618,36.8196],[71.2494,36.8284],[71.2426,36.8388],[71.2429,36.8479],[71.2478,36.8528],[71.2535,36.8546],[71.2858,36.8508],[71.3057,36.8513],[71.3195,36.8548],[71.3306,36.8632],[71.3445,36.8789],[71.3514,36.8897],[71.3546,36.903],[71.3538,36.914],[71.3271,36.9364],[71.3286,36.9406],[71.3325,36.9433],[71.3438,36.9454],[71.3523,36.9504],[71.3692,36.9712],[71.3789,36.9771],[71.3889,36.9808],[71.3926,36.9861],[71.3858,36.9967],[71.3671,37.0127],[71.3602,37.0225],[71.349,37.0579],[71.3367,37.0801],[71.325,37.114],[71.3119,37.1299],[71.3091,37.1369],[71.3092,37.1682],[71.3152,37.1836],[71.3155,37.1921],[71.3138,37.1991],[71.3069,37.2106],[71.3064,37.2171],[71.3125,37.2385],[71.3181,37.2499],[71.3798,37.2497],[71.4706,37.2651],[71.4902,37.267],[71.4854,37.2584],[71.4841,37.2408],[71.4804,37.2366],[71.4807,37.2316],[71.4754,37.2276],[71.4682,37.225],[71.456,37.2131],[71.4545,37.2067],[71.457,37.1991],[71.4614,37.1957],[71.4632,37.1907],[71.4622,37.1855],[71.4585,37.1829],[71.4516,37.1814],[71.4469,37.1741],[71.4456,37.169],[71.4517,37.1539],[71.4477,37.1464],[71.446,37.1344],[71.4425,37.131],[71.4435,37.1256],[71.442,37.1191],[71.445,37.1101],[71.4439,37.1038],[71.4448,37.0995],[71.4348,37.0863],[71.4306,37.0716],[71.4304,37.0632],[71.4327,37.0566],[71.438,37.052],[71.4438,37.0422],[71.4588,37.0292],[71.4625,37.0238],[71.4602,37.0192],[71.4622,37.012],[71.4691,36.9988],[71.4705,36.9856],[71.4651,36.9632],[71.4739,36.9424],[71.4874,36.9306],[71.4906,36.9246],[71.4902,36.9201],[71.4941,36.9147],[71.5042,36.908],[71.5139,36.8973],[71.5184,36.8881],[71.5184,36.8819],[71.5206,36.8778],[71.5262,36.8744],[71.5289,36.8684],[71.5262,36.8615],[71.5358,36.8506],[71.5411,36.8476],[71.5451,36.8255],[71.5527,36.8102],[71.5563,36.7949],[71.5627,36.7834],[71.563,36.7758],[71.5661,36.7702],[71.5668,36.7642],[71.5798,36.7445],[71.5892,36.7343],[71.6184,36.7146],[71.6291,36.6959],[71.6384,36.6898],[71.6304,36.688],[71.6141,36.6751],[71.6005,36.6587],[71.5951,36.6555],[71.5856,36.6459],[71.5749,36.6266],[71.577,36.6193],[71.5818,36.6143],[71.5847,36.6032],[71.5896,36.5989],[71.6088,36.5879],[71.62,36.5732],[71.618,36.548],[71.6286,36.5323],[71.6328,36.5046],[71.6278,36.4969],[71.6293,36.4879],[71.6493,36.4652],[71.6326,36.4644],[71.6154,36.4682],[71.6075,36.4682],[71.5938,36.4729],[71.567,36.4781],[71.5407,36.4874],[71.5343,36.4873],[71.5275,36.4848],[71.5163,36.4856],[71.5102,36.4892],[71.507,36.4951],[71.5067,36.4996],[71.5021,36.5057],[71.4837,36.5149],[71.4798,36.5205],[71.4557,36.5378],[71.4461,36.5429],[71.4342,36.5463],[71.4306,36.5505],[71.4247,36.5539],[71.4115,36.5572]]]]}},{"type":"Feature","properties":{"district_id":"af-badakhshan-jurm","name":"Jurm","country":"AFG","province":"Badakhshan"},"geometry":{"type":"MultiPolygon","coordinates":[[[[70.7124,37.0762],[70.7358,37.0655],[70.7539,37.0546],[70.7667,37.0419],[70.7843,37.0277],[70.7939,37.0154],[70.8073,37.002],[70.8339,36.9885],[70.8587,36.9682],[70.8916,36.9535],[70.8972,36.9527],[70.9024,36.9496],[70.957,36.9321],[70.9768,36.9179],[70.9976,36.9066],[71.0132,36.8817],[71.0187,36.8648],[71.0172,36.8366],[71.02,36.8097],[71.0287,36.7907],[71.0337,36.7853],[71.0408,36.7704],[71.1052,36.6752],[71.109,36.6656],[71.1104,36.6515],[71.1078,36.6288],[71.1103,36.6046],[71.1162,36.5966],[71.1242,36.5924],[71.1443,36.5876],[71.1503,36.5832],[71.1673,36.5633],[71.1959,36.5467],[71.2023,36.5312],[71.2006,36.5215],[71.1856,36.4944],[71.1722,36.4895],[71.1504,36.4879],[71.1437,36.484],[71.1271,36.4602],[71.1127,36.452],[71.0961,36.4451],[71.0804,36.4325],[71.0705,36.4173],[71.0693,36.4069],[71.0729,36.3976],[71.0779,36.3933],[71.0808,36.3878],[71.0797,36.3754],[71.0706,36.3655],[71.0537,36.3562],[71.0467,36.3457],[71.0507,36.3388],[71.0582,36.3356],[71.0709,36.3261],[71.0779,36.314],[71.0776,36.307],[71.0693,36.2919],[71.0653,36.2884],[71.0445,36.2836],[71.0319,36.2761],[71.009,36.2695],[70.9555,36.2448],[70.9082,36.2811],[70.8924,36.2861],[70.8704,36.284],[70.8159,36.2689],[70.7804,36.2633],[70.7529,36.2546],[70.7266,36.243],[70.7138,36.2354],[70.6882,36.2152],[70.6594,36.2009],[70.6443,36.1986],[70.6314,36.2015],[70.5911,36.2162],[70.5806,36.2178],[70.5596,36.2169],[70.5456,36.2129],[70.5014,36.1827],[70.4805,36.1766],[70.4591,36.2153],[70.4536,36.2349],[70.4561,36.2434],[70.4783,36.2701],[70.4815,36.2777],[70.4811,36.2839],[70.4702,36.2973],[70.4608,36.3016],[70.4704,36.3091],[70.5276,36.3302],[70.5477,36.3396],[70.5609,36.3517],[70.5664,36.3594],[70.5704,36.3689],[70.5995,36.3994],[70.603,36.408],[70.5974,36.4448],[70.5914,36.4623],[70.5787,36.4803],[70.5753,36.4903],[70.5774,36.5068],[70.5898,36.5426],[70.599,36.5792],[70.6019,36.5982],[70.6079,36.6074],[70.6305,36.6286],[70.6397,36.644],[70.6488,36.6664],[70.6497,36.6729],[70.6395,36.6884],[70.6413,36.696],[70.6499,36.71],[70.6524,36.7332],[70.6487,36.7407],[70.6474,36.7485],[70.6505,36.7754],[70.6492,36.8055],[70.6417,36.831],[70.64,36.8434],[70.6412,36.8586],[70.6535,36.8786],[70.6578,36.8915],[70.657,36.9038],[70.6594,36.9293],[70.6508,36.9528],[70.6516,36.9666],[70.6557,36.9761],[70.6596,36.9924],[70.6717,37.0086],[70.6834,37.0187],[70.6925,37.0328],[70.7019,37.0504],[70.7124,37.0762]]]]}},{"type":"Feature","properties":{"district_id":"af-badakhshan-khwahan","name":"Khwahan","country":"AFG","province":"Badakhshan"},"geometry":{"type":"MultiPolygon","coordinates":[[[[70.4188,38.0755],[70.4374,38.0639],[70.4933,38.0763],[70.5161,38.0841],[70.5242,38.0854],[70.5403,38.0843],[70.5632,38.0768],[70.5883,38.0613],[70.6346,38.0544],[70.6513,38.0459],[70.657,38.0398],[70.6679,38.0321],[70.6805,38.0277],[70.6916,38.0271],[70.7068,38.0301],[70.745,38.0471],[70.7675,38.0549],[70.7886,38.0574],[70.8069,38.0549],[70.8411,38.0417],[70.8677,38.0281],[70.9158,38.0089],[70.932,37.998],[70.9591,37.9834],[70.9949,37.9689],[71.0009,37.9595],[70.9985,37.9291],[70.9932,37.9187],[70.9813,37.9096],[70.9779,37.8994],[70.9796,37.8919],[70.9771,37.8865],[70.9625,37.8759],[70.9577,37.8688],[70.9581,37.8616],[70.9663,37.8528],[70.9633,37.8467],[70.9584,37.845],[70.9203,37.8423],[70.9103,37.8337],[70.8888,37.8211],[70.8146,37.8018],[70.7997,37.7997],[70.7531,37.7888],[70.7045,37.7746],[70.6121,37.7598],[70.5932,37.7555],[70.5633,37.744],[70.5431,37.7336],[70.5229,37.7206],[70.4975,37.7121],[70.4721,37.7074],[70.44,37.709],[70.3553,37.7286],[70.3161,37.7351],[70.2972,37.7355],[70.2886,37.747],[70.2891,37.7535],[70.2964,37.7666],[70.2881,37.775],[70.2837,37.7762],[70.2797,37.7795],[70.2775,37.7845],[70.276,37.7954],[70.2813,37.8106],[70.2794,37.8149],[70.2739,37.815],[70.2675,37.8189],[70.2638,37.8245],[70.2567,37.8298],[70.2502,37.8322],[70.2293,37.8311],[70.2194,37.8331],[70.2058,37.8416],[70.1892,37.845],[70.1858,37.8502],[70.1776,37.8722],[70.1733,37.8774],[70.1827,37.8874],[70.178,37.896],[70.1794,37.9014],[70.178,37.9139],[70.1724,37.9289],[70.18,37.9374],[70.1845,37.9473],[70.1893,37.9469],[70.2016,37.9288],[70.2087,37.9233],[70.2131,37.9222],[70.213,37.9295],[70.2183,37.9342],[70.235,37.9398],[70.2411,37.9436],[70.2521,37.9444],[70.2593,37.9388],[70.2652,37.9374],[70.2717,37.9404],[70.2749,37.9452],[70.2673,37.9525],[70.2666,37.96],[70.2598,37.9723],[70.2621,37.9784],[70.2681,37.9763],[70.2712,37.9729],[70.2778,37.9727],[70.2844,37.9698],[70.2882,37.9735],[70.2905,37.9868],[70.2974,37.9869],[70.3108,37.9966],[70.3173,37.9987],[70.326,37.9985],[70.3307,38.0009],[70.3342,38.0057],[70.3372,38.0143],[70.3454,38.0182],[70.3492,38.0234],[70.3593,38.0279],[70.3639,38.0326],[70.3679,38.0435],[70.3646,38.0496],[70.3653,38.0549],[70.3793,38.0568],[70.3821,38.0616],[70.3967,38.0665],[70.4057,38.0748],[70.4188,38.0755]]]]}},{"type":"Feature","properties":{"district_id":"af-badakhshan-kishim","name":"Kishim","country":"AFG","province":"Badakhshan"},"geometry":{"type":"MultiPolygon","coordinates":[[[[70.0998,37.0026],[70.1019,36.9956],[70.1147,36.989],[70.1453,36.9906],[70.1667,36.9876],[70.182,36.9837],[70.2264,36.985],[70.2454,36.9818],[70.2617,36.9738],[70.2723,36.9631],[70.2766,36.9453],[70.2813,36.9386],[70.2943,36.9282],[70.3066,36.9153],[70.3512,36.8791],[70.3782,36.8525],[70.3931,36.8421],[70.4069,36.8293],[70.4247,36.8075],[70.4518,36.7929],[70.4618,36.7844],[70.4719,36.7806],[70.5008,36.763],[70.5093,36.7519],[70.5207,36.7495],[70.549,36.7483],[70.5697,36.7455],[70.6032,36.7478],[70.6487,36.7407],[70.6524,36.7332],[70.6508,36.7145],[70.6499,36.71],[70.6413,36.696],[70.6395,36.6884],[70.6497,36.6729],[70.6488,36.6664],[70.6397,36.644],[70.6305,36.6286],[70.6079,36.6074],[70.6019,36.5982],[70.599,36.5792],[70.5898,36.5426],[70.5774,36.5068],[70.5753,36.4903],[70.5787,36.4803],[70.5914,36.4623],[70.5974,36.4448],[70.603,36.408],[70.5995,36.3994],[70.5704,36.3689],[70.5664,36.3594],[70.5609,36.3517],[70.5477,36.3396],[70.5276,36.3302],[70.4704,36.3091],[70.4608,36.3016],[70.4394,36.3047],[70.4235,36.3109],[70.4006,36.3158],[70.3268,36.3238],[70.2678,36.3237],[70.246,36.3286],[70.2303,36.3395],[70.1841,36.3545],[70.1782,36.3585],[70.1658,36.3715],[70.142,36.3862],[70.1276,36.4052],[70.1206,36.409],[70.0957,36.4156],[70.0911,36.4179],[70.0839,36.4257],[70.0857,36.4413],[70.0988,36.457],[70.1102,36.4749],[70.1172,36.4944],[70.1186,36.5071],[70.1172,36.5308],[70.1131,36.5466],[70.1065,36.5591],[70.1029,36.5863],[70.0989,36.5975],[70.0846,36.6199],[70.0667,36.6337],[70.0341,36.6493],[70.0242,36.6584],[70.0178,36.6727],[70.014,36.6959],[70.0146,36.7403],[70.0229,36.77],[70.0241,36.7805],[70.0209,36.7947],[70.0102,36.8112],[70.0078,36.818],[70.009,36.8557],[70.0176,36.8795],[70.023,36.9069],[70.0378,36.9372],[70.0429,36.967],[70.048,36.9764],[70.0574,36.9855],[70.0657,36.9904],[70.0761,36.9933],[70.086,36.9997],[70.0998,37.0026]]]]}},{"type":"Feature","properties":{"district_id":"af-badakhshan-kuranwamunjan","name":"KuranWaMunjan","country":"AFG","province":"Badakhshan"},"geometry":{"type":"MultiPolygon","coordinates":[[[[70.4805,36.1766],[70.5014,36.1827],[70.5456,36.2129],[70.5596,36.2169],[70.5806,36.2178],[70.5911,36.2162],[70.6314,36.2015],[70.6443,36.1986],[70.6594,36.2009],[70.6882,36.2152],[70.7138,36.2354],[70.7266,36.243],[70.7529,36.2546],[70.7804,36.2633],[70.8159,36.2689],[70.8704,36.284],[70.8924,36.2861],[70.9082,36.2811],[70.9555,36.2448],[70.9508,36.2391],[70.9496,36.2347],[70.9526,36.2219],[70.9588,36.2125],[70.9638,36.2079],[70.9698,36.1937],[70.9844,36.177],[70.9911,36.1593],[70.9976,36.1506],[71.0126,36.1394],[71.0479,36.1201],[71.068,36.1051],[71.0896,36.095],[71.1012,36.0857],[71.1105,36.0718],[71.1207,36.045],[71.1267,36.0333],[71.1388,36.02],[71.148,36.0012],[71.1423,35.9933],[71.1137,35.9713],[71.1015,35.9555],[71.0884,35.9292],[71.0857,35.9151],[71.0881,35.8955],[71.0867,35.884],[71.0835,35.8791],[71.0711,35.871],[71.0652,35.8527],[71.0545,35.8393],[71.0482,35.8277],[71.0381,35.8191],[71.0322,35.8067],[71.0264,35.7992],[71.0094,35.7903],[71.005,35.7772],[71.0057,35.7694],[71.014,35.7515],[71.0211,35.7413],[71.0243,35.7287],[71.0229,35.7151],[71.0176,35.6956],[71.0079,35.6787],[70.9977,35.6709],[70.979,35.6617],[70.9579,35.6565],[70.9527,35.6517],[70.9455,35.6355],[70.9371,35.6318],[70.9226,35.6313],[70.8936,35.6353],[70.883,35.6333],[70.8757,35.6269],[70.8734,35.6132],[70.8848,35.5765],[70.8874,35.5616],[70.8898,35.5217],[70.8883,35.5039],[70.8797,35.4919],[70.8656,35.4868],[70.8547,35.4849],[70.8213,35.4843],[70.7917,35.4876],[70.766,35.4858],[70.7361,35.4948],[70.7053,35.5119],[70.7005,35.5186],[70.6919,35.5263],[70.6824,35.5303],[70.6734,35.5243],[70.6549,35.4931],[70.6379,35.4767],[70.6196,35.4635],[70.6023,35.4537],[70.5789,35.4483],[70.5539,35.4464],[70.5432,35.4498],[70.534,35.4595],[70.5355,35.467],[70.5404,35.4763],[70.5419,35.4874],[70.5411,35.4934],[70.5331,35.5085],[70.5329,35.5156],[70.535,35.5236],[70.5424,35.5332],[70.5601,35.5446],[70.5686,35.5527],[70.5715,35.5582],[70.5704,35.5656],[70.5606,35.5773],[70.5514,35.5835],[70.5444,35.6047],[70.5311,35.6112],[70.5168,35.6133],[70.501,35.6195],[70.4843,35.6444],[70.4886,35.6633],[70.4865,35.6741],[70.4796,35.6794],[70.4704,35.6806],[70.4619,35.6782],[70.4526,35.6727],[70.4435,35.6722],[70.4315,35.6801],[70.4166,35.6838],[70.4069,35.6955],[70.4022,35.6984],[70.3834,35.7034],[70.3712,35.7047],[70.3622,35.7023],[70.3543,35.697],[70.3313,35.6748],[70.3035,35.6575],[70.2801,35.6521],[70.2639,35.6533],[70.251,35.6585],[70.2554,35.674],[70.2661,35.6897],[70.2705,35.7047],[70.2704,35.7338],[70.2637,35.746],[70.262,35.7551],[70.2691,35.77],[70.2738,35.7855],[70.2776,35.8356],[70.2754,35.8509],[70.271,35.8577],[70.2589,35.8643],[70.254,35.8697],[70.2539,35.8755],[70.2591,35.8765],[70.2754,35.8879],[70.3032,35.8928],[70.3281,35.9037],[70.3841,35.9431],[70.408,35.9511],[70.4354,35.9651],[70.4387,35.9702],[70.4452,35.9993],[70.4499,36.0036],[70.4611,36.007],[70.4624,36.0136],[70.4602,36.0189],[70.4386,36.0311],[70.4292,36.0339],[70.4262,36.0374],[70.4253,36.0444],[70.4501,36.0811],[70.4813,36.1172],[70.4926,36.1377],[70.4914,36.1491],[70.4805,36.1766]]]]}},{"type":"Feature","properties":{"district_id":"af-badakhshan-ragh","name":"Ragh","country":"AFG","province":"Badakhshan"},"geometry":{"type":"MultiPolygon","coordinates":[[[[70.7673,37.2829],[70.7489,37.2882],[70.7346,37.2961],[70.7272,37.3034],[70.6987,37.312],[70.6794,37.3153],[70.6677,37.3256],[70.6474,37.3351],[70.6274,37.3478],[70.6141,37.3525],[70.5957,37.3562],[70.554,37.3615],[70.4974,37.3837],[70.4846,37.3914],[70.4546,37.4035],[70.4333,37.4085],[70.4179,37.4143],[70.3968,37.4256],[70.3719,37.4424],[70.3357,37.4539],[70.3257,37.4601],[70.3218,37.4705],[70.3264,37.4896],[70.3222,37.498],[70.3024,37.5055],[70.293,37.5124],[70.2818,37.5173],[70.2656,37.5193],[70.2412,37.5175],[70.2351,37.5183],[70.227,37.5229],[70.2248,37.5344],[70.2216,37.539],[70.2065,37.5465],[70.1966,37.5555],[70.1812,37.5627],[70.1805,37.5696],[70.1968,37.5631],[70.2029,37.5666],[70.2114,37.5663],[70.2143,37.5708],[70.2058,37.5794],[70.2096,37.5837],[70.2206,37.5823],[70.2238,37.5857],[70.2163,37.5945],[70.2152,37.599],[70.2162,37.6059],[70.2508,37.6127],[70.2536,37.6077],[70.2651,37.6072],[70.268,37.6107],[70.2689,37.6199],[70.2663,37.6252],[70.2659,37.6332],[70.2629,37.6381],[70.264,37.644],[70.2675,37.6491],[70.2744,37.651],[70.2773,37.6547],[70.2805,37.6733],[70.2871,37.6787],[70.2857,37.684],[70.3045,37.6916],[70.3051,37.6964],[70.3027,37.701],[70.2923,37.7047],[70.2898,37.7102],[70.2893,37.7169],[70.2977,37.723],[70.2999,37.7297],[70.2972,37.7355],[70.3161,37.7351],[70.3553,37.7286],[70.44,37.709],[70.4721,37.7074],[70.4975,37.7121],[70.5229,37.7206],[70.5431,37.7336],[70.5633,37.744],[70.5932,37.7555],[70.6121,37.7598],[70.7045,37.7746],[70.7531,37.7888],[70.7997,37.7997],[70.8146,37.8018],[70.8888,37.8211],[70.883,37.8049],[70.8735,37.7908],[70.8637,37.7805],[70.8539,37.7765],[70.8475,37.7713],[70.8327,37.7275],[70.8288,37.7209],[70.8023,37.7041],[70.7916,37.7006],[70.7772,37.6866],[70.7584,37.6759],[70.7489,37.6523],[70.7485,37.6454],[70.7572,37.6215],[70.7607,37.6166],[70.7672,37.612],[70.7714,37.5982],[70.7695,37.5843],[70.7657,37.5726],[70.7651,37.5626],[70.7535,37.5451],[70.7471,37.529],[70.7443,37.497],[70.7482,37.4899],[70.7594,37.4809],[70.7688,37.468],[70.7701,37.4507],[70.7649,37.4364],[70.764,37.4286],[70.7681,37.4207],[70.7753,37.4121],[70.7788,37.4024],[70.7785,37.3868],[70.7748,37.3605],[70.7753,37.3531],[70.7662,37.3405],[70.7648,37.3305],[70.7661,37.3264],[70.7737,37.3187],[70.7754,37.2934],[70.7732,37.2872],[70.7673,37.2829]]]]}},{"type":"Feature","properties":{"district_id":"af-badakhshan-shahribuzurg","name":"ShahriBuzurg","country":"AFG","province":"Badakhshan"},"geometry":{"type":"MultiPolygon","coordinates":[[[[70.3257,37.4601],[70.3063,37.4413],[70.2916,37.4245],[70.2863,37.4135],[70.2788,37.3868],[70.2728,37.3771],[70.262,37.3676],[70.2471,37.3574],[70.2371,37.347],[70.2304,37.336],[70.2225,37.3272],[70.2091,37.3036],[70.1997,37.292],[70.1962,37.2725],[70.2022,37.2555],[70.203,37.2473],[70.1982,37.2292],[70.1953,37.2252],[70.1906,37.1984],[70.1886,37.1632],[70.1853,37.1483],[70.1751,37.1305],[70.1674,37.1249],[70.1586,37.135],[70.1323,37.149],[70.1082,37.1557],[70.0683,37.1566],[70.0534,37.1622],[70.0451,37.1693],[70.0398,37.1762],[70.0302,37.2205],[70.0293,37.2422],[70.0199,37.2482],[70.0244,37.264],[70.0233,37.279],[70.0142,37.299],[69.99,37.3288],[69.9781,37.3533],[69.9632,37.3925],[69.9615,37.4013],[69.9626,37.415],[69.9659,37.4269],[69.994,37.4583],[70.003,37.4771],[70.0146,37.4946],[70.0247,37.5216],[70.0559,37.5454],[70.061,37.545],[70.066,37.5412],[70.0774,37.5388],[70.0852,37.5319],[70.0989,37.531],[70.1133,37.5231],[70.1193,37.5226],[70.1265,37.525],[70.1416,37.5223],[70.1464,37.5233],[70.1511,37.5306],[70.1583,37.5354],[70.1635,37.5286],[70.1696,37.527],[70.1746,37.5314],[70.1744,37.5412],[70.1759,37.5458],[70.183,37.5549],[70.1812,37.5627],[70.1966,37.5555],[70.2065,37.5465],[70.2216,37.539],[70.2248,37.5344],[70.227,37.5229],[70.2351,37.5183],[70.2412,37.5175],[70.2656,37.5193],[70.2818,37.5173],[70.293,37.5124],[70.3024,37.5055],[70.3222,37.498],[70.3264,37.4896],[70.3218,37.4705],[70.3257,37.4601]]]]}},{"type":"Feature","properties":{"district_id":"af-badakhshan-shighnan","name":"Shighnan","country":"AFG","province":"Badakhshan"},"geometry":{"type":"MultiPolygon","coordinates":[[[[71.3181,37.2499],[71.307,37.2549],[71.2901,37.2563],[71.2727,37.2611],[71.2597,37.2615],[71.2439,37.265],[71.2127,37.2798],[71.2024,37.2875],[71.1963,37.3069],[71.1979,37.3174],[71.2082,37.3326],[71.2267,37.3441],[71.2511,37.3528],[71.2792,37.356],[71.2897,37.3602],[71.291,37.3646],[71.2869,37.3734],[71.295,37.3802],[71.3102,37.3847],[71.3167,37.391],[71.3155,37.3956],[71.3058,37.3985],[71.2815,37.3954],[71.2393,37.3972],[71.2119,37.395],[71.1998,37.3924],[71.1756,37.3821],[71.1464,37.3803],[71.0955,37.3877],[71.0833,37.3923],[71.0676,37.4021],[71.0518,37.4054],[71.0425,37.4028],[71.0341,37.3954],[71.0291,37.3875],[71.0271,37.3766],[71.0181,37.368],[71.0107,37.365],[70.9992,37.365],[70.9677,37.3568],[70.9632,37.3541],[70.9531,37.3387],[70.9378,37.3267],[70.9312,37.3125],[70.9274,37.3098],[70.9068,37.3057],[70.8936,37.3133],[70.8757,37.3123],[70.8705,37.3095],[70.8719,37.2991],[70.8627,37.2944],[70.8458,37.2928],[70.8321,37.2985],[70.8215,37.2968],[70.8171,37.2935],[70.8149,37.2813],[70.8068,37.2773],[70.7827,37.2768],[70.7673,37.2829],[70.7732,37.2872],[70.7754,37.2934],[70.7737,37.3187],[70.7661,37.3264],[70.7648,37.3305],[70.7662,37.3405],[70.7753,37.3531],[70.7748,37.3605],[70.7785,37.3868],[70.7788,37.4024],[70.7753,37.4121],[70.7681,37.4207],[70.764,37.4286],[70.7649,37.4364],[70.7701,37.4507],[70.7688,37.468],[70.7594,37.4809],[70.7482,37.4899],[70.7443,37.497],[70.7471,37.529],[70.7535,37.5451],[70.7651,37.5626],[70.7657,37.5726],[70.7695,37.5843],[70.7714,37.5982],[70.7672,37.612],[70.7607,37.6166],[70.7572,37.6215],[70.7485,37.6454],[70.7489,37.6523],[70.7584,37.6759],[70.7772,37.6866],[70.7916,37.7006],[70.8023,37.7041],[70.8288,37.7209],[70.8327,37.7275],[70.8475,37.7713],[70.8539,37.7765],[70.8637,37.7805],[70.8735,37.7908],[70.883,37.8049],[70.8888,37.8211],[70.9103,37.8337],[70.9203,37.8423],[70.9584,37.845],[70.9633,37.8467],[70.9663,37.8528],[70.9581,37.8616],[70.9577,37.8688],[70.9625,37.8759],[70.9771,37.8865],[70.9796,37.8919],[70.9779,37.8994],[70.9813,37.9096],[70.9932,37.9187],[70.9985,37.9291],[71.0006,37.9508],[71.0129,37.9627],[71.0284,37.9715],[71.039,37.98],[71.0557,38.0045],[71.0615,38.008],[71.0719,38.0105],[71.0807,38.0198],[71.085,38.0202],[71.0913,38.0169],[71.1043,38.0188],[71.1112,38.0144],[71.1163,38.0131],[71.1281,38.0173],[71.1507,38.0185],[71.1611,38.0249],[71.1657,38.0332],[71.1722,38.0383],[71.1779,38.0353],[71.1773,38.0266],[71.1888,38.0222],[71.1934,38.0188],[71.2054,38.0151],[71.2252,38.0124],[71.2534,38.0143],[71.2572,38.0099],[71.2656,38.006],[71.2762,38.0047],[71.278,37.9951],[71.2706,37.9923],[71.2682,37.9846],[71.2741,37.9748],[71.2748,37.9702],[71.2743,37.9649],[71.2631,37.9494],[71.266,37.9385],[71.2522,37.9318],[71.2567,37.9239],[71.2611,37.9217],[71.2821,37.92],[71.291,37.9328],[71.2978,37.9325],[71.3074,37.923],[71.3139,37.9187],[71.3149,37.9124],[71.3255,37.9002],[71.3264,37.8936],[71.3304,37.8865],[71.3425,37.8919],[71.3542,37.8949],[71.3816,37.9088],[71.3878,37.9055],[71.3936,37.9058],[71.3996,37.9062],[71.4077,37.9099],[71.4175,37.9093],[71.4233,37.9115],[71.4306,37.9219],[71.4359,37.9236],[71.4447,37.9233],[71.4579,37.9289],[71.4643,37.93],[71.4784,37.9391],[71.4874,37.9404],[71.4942,37.9443],[71.498,37.95],[71.5016,37.9523],[71.5141,37.956],[71.5241,37.9571],[71.5443,37.9503],[71.5536,37.941],[71.5773,37.9346],[71.5905,37.9219],[71.5919,37.9118],[71.5875,37.9021],[71.5872,37.8948],[71.5922,37.8823],[71.5971,37.8778],[71.5972,37.871],[71.5855,37.8471],[71.5882,37.8263],[71.5952,37.806],[71.5925,37.799],[71.5882,37.7959],[71.5508,37.7796],[71.545,37.7718],[71.5385,37.7691],[71.533,37.7614],[71.546,37.7446],[71.5501,37.7355],[71.5506,37.7276],[71.5488,37.7182],[71.5508,37.7134],[71.5462,37.7096],[71.5399,37.6889],[71.5326,37.6778],[71.5279,37.6746],[71.5255,37.6675],[71.5278,37.6605],[71.5266,37.6441],[71.5281,37.6351],[71.5203,37.6213],[71.5082,37.6049],[71.5058,37.5992],[71.5067,37.588],[71.5027,37.5694],[71.5015,37.5539],[71.4955,37.5371],[71.5049,37.5251],[71.508,37.5064],[71.5253,37.4822],[71.5258,37.477],[71.5223,37.4719],[71.5212,37.4658],[71.5038,37.4509],[71.504,37.4453],[71.501,37.439],[71.5017,37.4342],[71.4965,37.4271],[71.4957,37.4228],[71.4961,37.4158],[71.4987,37.411],[71.4963,37.4068],[71.4916,37.4054],[71.4808,37.4065],[71.4772,37.3996],[71.4757,37.3884],[71.4787,37.3835],[71.4885,37.3805],[71.4919,37.3768],[71.4949,37.3676],[71.4925,37.363],[71.4919,37.3513],[71.4877,37.3368],[71.4884,37.3318],[71.5002,37.3192],[71.5067,37.3153],[71.5046,37.3087],[71.4946,37.3014],[71.4923,37.2949],[71.4945,37.2888],[71.4939,37.2827],[71.4899,37.2781],[71.4884,37.2725],[71.4902,37.267],[71.4706,37.2651],[71.3798,37.2497],[71.3181,37.2499]]]]}},{"type":"Feature","properties":{"district_id":"af-badakhshan-wakhan","name":"Wakhan","country":"AFG","province":"Badakhshan"},"geometry":{"type":"MultiPolygon","coordinates":[[[[71.6493,36.4652],[71.6293,36.4879],[71.6278,36.4969],[71.6328,36.5046],[71.6286,36.5323],[71.618,36.548],[71.62,36.5732],[71.6088,36.5879],[71.5896,36.5989],[71.5847,36.6032],[71.5818,36.6143],[71.577,36.6193],[71.5749,36.6266],[71.5856,36.6459],[71.5951,36.6555],[71.6005,36.6587],[71.6141,36.6751],[71.6304,36.688],[71.6384,36.6898],[71.6487,36.6893],[71.6554,36.6868],[71.6738,36.6728],[71.6789,36.6733],[71.6853,36.6768],[71.6922,36.6767],[71.7125,36.6721],[71.7275,36.6766],[71.75,36.676],[71.7622,36.6789],[71.777,36.6762],[71.7888,36.6762],[71.8204,36.6828],[71.8271,36.6807],[71.8424,36.6813],[71.855,36.69],[71.8661,36.6946],[71.8708,36.7029],[71.8937,36.7191],[71.9035,36.7339],[71.9094,36.735],[71.9202,36.7419],[71.9267,36.7432],[71.9592,36.7568],[71.9807,36.7785],[71.9865,36.7798],[71.9905,36.7824],[71.9976,36.7907],[72.0097,36.7964],[72.0137,36.8067],[72.0181,36.8103],[72.0275,36.8153],[72.0398,36.818],[72.0467,36.8212],[72.0499,36.8287],[72.0714,36.8401],[72.0825,36.8406],[72.0864,36.8383],[72.1029,36.8441],[72.1112,36.8444],[72.1174,36.8539],[72.118,36.8587],[72.1221,36.8674],[72.1334,36.8741],[72.1381,36.875],[72.1402,36.8792],[72.1487,36.8795],[72.1582,36.8849],[72.1691,36.8942],[72.1973,36.9078],[72.2003,36.9108],[72.2047,36.921],[72.2098,36.9267],[72.2283,36.9293],[72.2343,36.9321],[72.2469,36.9452],[72.2527,36.9474],[72.2692,36.9492],[72.2758,36.9519],[72.2773,36.9573],[72.2806,36.9612],[72.3076,36.9754],[72.3149,36.9755],[72.3311,36.9802],[72.3366,36.9825],[72.343,36.9892],[72.3575,36.9908],[72.3615,36.9883],[72.3741,36.9886],[72.3893,36.9938],[72.4014,36.9957],[72.4085,36.9993],[72.4111,37.004],[72.422,37.0068],[72.4409,37.0068],[72.4537,37.0022],[72.4597,37.0019],[72.4705,36.9946],[72.4755,36.9935],[72.4812,36.995],[72.4846,36.9978],[72.5114,36.9998],[72.5299,36.9994],[72.5331,37.0031],[72.5374,37.0046],[72.5492,37.003],[72.568,37.007],[72.5732,37.0115],[72.5827,37.0096],[72.5899,37.0118],[72.6107,37.0247],[72.6215,37.0288],[72.6306,37.0288],[72.6381,37.0264],[72.641,37.0224],[72.6475,37.0194],[72.6553,37.0202],[72.6629,37.0173],[72.6704,37.0276],[72.682,37.0531],[72.6953,37.0622],[72.7026,37.0702],[72.7019,37.0766],[72.7047,37.083],[72.7171,37.0914],[72.7521,37.1414],[72.7705,37.1793],[72.7759,37.195],[72.7832,37.2031],[72.7877,37.2051],[72.7991,37.2182],[72.8114,37.2284],[72.8176,37.2324],[72.8369,37.2359],[72.8555,37.2289],[72.871,37.236],[72.8829,37.2393],[72.8923,37.2446],[72.9065,37.2536],[72.9107,37.2581],[72.9153,37.2591],[72.925,37.2696],[72.9345,37.2756],[72.9401,37.2825],[72.9546,37.2899],[72.9676,37.2912],[72.9735,37.2933],[72.9788,37.2974],[73.0241,37.3068],[73.038,37.3052],[73.0593,37.3109],[73.092,37.3236],[73.0968,37.3266],[73.1072,37.3412],[73.103,37.3452],[73.1035,37.3553],[73.1076,37.3624],[73.1171,37.3678],[73.1302,37.3716],[73.1356,37.3775],[73.1486,37.4019],[73.1658,37.4086],[73.1889,37.4086],[73.2036,37.4039],[73.2154,37.4059],[73.2388,37.4188],[73.2481,37.4283],[73.2513,37.434],[73.2576,37.4384],[73.2758,37.4444],[73.2843,37.4543],[73.3075,37.4639],[73.3258,37.4662],[73.337,37.4658],[73.3429,37.4651],[73.3528,37.4603],[73.3596,37.4609],[73.3668,37.4595],[73.3683,37.4538],[73.3661,37.4467],[73.3717,37.4418],[73.3787,37.4436],[73.4004,37.4548],[73.4179,37.467],[73.4571,37.4739],[73.4925,37.4739],[73.4987,37.4722],[73.5075,37.4729],[73.51,37.4745],[73.5284,37.4725],[73.5348,37.4703],[73.5459,37.4659],[73.5633,37.4546],[73.5758,37.4491],[73.6036,37.4443],[73.6175,37.4438],[73.6373,37.4398],[73.65,37.4352],[73.6614,37.4402],[73.6714,37.4491],[73.6835,37.4533],[73.724,37.4435],[73.7304,37.4402],[73.7758,37.4396],[73.7705,37.407],[73.7726,37.3974],[73.7673,37.3924],[73.7708,37.3784],[73.7696,37.3708],[73.7713,37.351],[73.77,37.346],[73.774,37.3392],[73.7648,37.3368],[73.7652,37.3355],[73.7549,37.3308],[73.7515,37.3271],[73.749,37.3195],[73.7238,37.3132],[73.7145,37.3148],[73.7061,37.3067],[73.6929,37.3095],[73.6722,37.3078],[73.6648,37.3139],[73.6571,37.3138],[73.6485,37.2979],[73.6533,37.2903],[73.6514,37.2836],[73.6439,37.2799],[73.6334,37.2813],[73.6313,37.2804],[73.6177,37.268],[73.6213,37.2645],[73.6274,37.2646],[73.6298,37.2583],[73.6299,37.252],[73.6318,37.2497],[73.6522,37.2367],[73.6577,37.2365],[73.6601,37.2386],[73.666,37.2492],[73.6799,37.2479],[73.6866,37.2507],[73.6954,37.2504],[73.7106,37.2438],[73.7152,37.2452],[73.727,37.2441],[73.731,37.2409],[73.7316,37.2373],[73.7397,37.2268],[73.7595,37.2196],[73.764,37.2216],[73.7649,37.2249],[73.7631,37.2284],[73.7632,37.233],[73.7805,37.2376],[73.7878,37.234],[73.7972,37.2324],[73.8031,37.2249],[73.811,37.2281],[73.8152,37.2324],[73.8255,37.226],[73.8344,37.2286],[73.8422,37.2326],[73.8454,37.2372],[73.8425,37.2418],[73.844,37.2475],[73.8476,37.2521],[73.8589,37.2599],[73.881,37.2645],[73.8851,37.2675],[73.889,37.2749],[73.9238,37.2852],[73.9296,37.2842],[73.9507,37.2739],[73.9537,37.2768],[73.9541,37.2816],[73.9563,37.2854],[73.9678,37.299],[73.9857,37.2967],[73.9941,37.2936],[74.0005,37.288],[74.0059,37.2871],[74.0181,37.2948],[74.0287,37.3059],[74.034,37.3063],[74.0387,37.2999],[74.0585,37.3089],[74.0618,37.3114],[74.0622,37.3219],[74.067,37.3223],[74.0725,37.3195],[74.0819,37.3182],[74.1031,37.3167],[74.1095,37.3183],[74.1193,37.3262],[74.1284,37.3243],[74.1376,37.3263],[74.1427,37.3328],[74.1548,37.3389],[74.1784,37.3386],[74.1842,37.3344],[74.195,37.3341],[74.2052,37.3366],[74.2134,37.3457],[74.226,37.3516],[74.2307,37.3556],[74.2398,37.3695],[74.2459,37.3709],[74.2503,37.3742],[74.2452,37.3783],[74.2415,37.3843],[74.231,37.3926],[74.2312,37.3983],[74.2419,37.4117],[74.2546,37.4074],[74.2656,37.4066],[74.2761,37.401],[74.3143,37.3983],[74.3213,37.3998],[74.3257,37.4037],[74.341,37.4044],[74.3473,37.4175],[74.3542,37.4211],[74.3667,37.422],[74.3767,37.4202],[74.3824,37.4152],[74.3883,37.4098],[74.3866,37.4033],[74.392,37.396],[74.4028,37.3904],[74.418,37.3901],[74.4277,37.3881],[74.4377,37.3894],[74.4612,37.4036],[74.4692,37.403],[74.4805,37.397],[74.4928,37.3932],[74.5029,37.3969],[74.5167,37.3978],[74.5274,37.4035],[74.5344,37.4035],[74.5527,37.3969],[74.5573,37.3935],[74.5575,37.3867],[74.569,37.3735],[74.5744,37.3768],[74.5914,37.3768],[74.6167,37.3819],[74.6221,37.3799],[74.6278,37.3806],[74.6318,37.3771],[74.637,37.3759],[74.6422,37.3776],[74.6467,37.3829],[74.6626,37.3845],[74.6668,37.3874],[74.671,37.3868],[74.6849,37.3944],[74.6889,37.4038],[74.6929,37.4072],[74.7099,37.3849],[74.7209,37.3794],[74.7719,37.3612],[74.8093,37.3512],[74.8212,37.3375],[74.8311,37.3314],[74.8454,37.3115],[74.8537,37.2951],[74.8648,37.2836],[74.877,37.2747],[74.8941,37.2268],[74.8916,37.2217],[74.839,37.216],[74.8128,37.2141],[74.8054,37.2149],[74.7868,37.2415],[74.7422,37.2757],[74.7382,37.2758],[74.6853,37.2541],[74.68,37.2488],[74.6745,37.239],[74.6697,37.2353],[74.6611,37.2334],[74.6545,37.2335],[74.6492,37.2361],[74.6397,37.245],[74.6141,37.2481],[74.5955,37.2433],[74.5803,37.2356],[74.5724,37.2344],[74.5619,37.2357],[74.5427,37.2428],[74.5322,37.245],[74.5078,37.2392],[74.4891,37.2419],[74.4866,37.237],[74.4909,37.2324],[74.4926,37.2233],[74.4885,37.2173],[74.4808,37.213],[74.4727,37.2025],[74.4698,37.1957],[74.4733,37.1876],[74.4791,37.1837],[74.4884,37.1714],[74.4837,37.1642],[74.4567,37.147],[74.4488,37.1317],[74.4322,37.1233],[74.4331,37.1158],[74.4553,37.1102],[74.4865,37.0934],[74.5023,37.0751],[74.5068,37.0668],[74.5305,37.0748],[74.5373,37.0685],[74.5442,37.0536],[74.549,37.048],[74.5692,37.034],[74.5716,37.0344],[74.5734,37.0217],[74.5689,36.9874],[74.5619,36.9633],[74.5584,36.9603],[74.5508,36.9597],[74.5434,36.9608],[74.5366,36.9652],[74.5283,36.9905],[74.5174,36.9989],[74.4279,36.9976],[74.4205,36.9961],[74.4135,36.9882],[74.4012,36.9804],[74.3739,36.974],[74.3541,36.9647],[74.3314,36.9442],[74.3108,36.9299],[74.264,36.9045],[74.2536,36.9008],[74.2364,36.8996],[74.2103,36.9076],[74.1906,36.91],[74.1665,36.9115],[74.152,36.9098],[74.1475,36.9057],[74.1412,36.8957],[74.1274,36.8481],[74.1197,36.8417],[74.1097,36.841],[74.0941,36.8463],[74.085,36.8463],[74.0703,36.8405],[74.063,36.8404],[74.0292,36.8462],[73.9926,36.8612],[73.9287,36.8787],[73.8986,36.8911],[73.854,36.9036],[73.8423,36.9085],[73.833,36.9092],[73.8037,36.9064],[73.7759,36.9014],[73.7633,36.9022],[73.75,36.9065],[73.7402,36.9046],[73.7352,36.9015],[73.7251,36.9013],[73.7139,36.9054],[73.7051,36.9127],[73.6935,36.9135],[73.6626,36.9112],[73.6419,36.9041],[73.661,36.8898],[73.6551,36.8885],[73.5664,36.8866],[73.5116,36.8752],[73.4555,36.8826],[73.4457,36.8827],[73.3969,36.874],[73.3525,36.8532],[73.3434,36.8525],[73.3214,36.8516],[73.2971,36.8526],[73.2648,36.861],[73.2338,36.8718],[73.1882,36.8769],[73.0888,36.8731],[73.0669,36.8671],[73.023,36.8598],[72.9953,36.8567],[72.9752,36.8579],[72.9175,36.8463],[72.9075,36.8469],[72.8826,36.8411],[72.8251,36.8433],[72.7985,36.8479],[72.7816,36.8447],[72.75,36.8505],[72.7185,36.842],[72.6852,36.8438],[72.6562,36.8498],[72.6316,36.8484],[72.6266,36.8416],[72.5661,36.8324],[72.5454,36.8229],[72.5075,36.7929],[72.5045,36.7824],[72.4952,36.7776],[72.4112,36.7767],[72.3901,36.7618],[72.3676,36.7576],[72.3368,36.7592],[72.3137,36.7462],[72.3026,36.745],[72.2414,36.7535],[72.2269,36.7382],[72.1969,36.6936],[72.2044,36.6772],[72.2133,36.6649],[72.1904,36.655],[72.1656,36.6596],[72.1407,36.652],[72.1029,36.6485],[72.0973,36.6328],[72.1062,36.6057],[72.0968,36.5973],[72.0592,36.5956],[72.0129,36.5677],[71.9644,36.5666],[71.9353,36.5609],[71.9278,36.5488],[71.9172,36.5244],[71.9166,36.5174],[71.9091,36.5053],[71.8321,36.5055],[71.8219,36.4864],[71.8179,36.4617],[71.8186,36.4421],[71.8291,36.4345],[71.8617,36.4294],[71.8649,36.4149],[71.8573,36.3994],[71.8437,36.3947],[71.8174,36.396],[71.7958,36.4006],[71.7579,36.4237],[71.7245,36.4484],[71.7074,36.4563],[71.688,36.4608],[71.6734,36.4721],[71.657,36.4779],[71.652,36.475],[71.6493,36.4652]]]]}},{"type":"Feature","properties":{"district_id":"af-badakhshan-zebak","name":"Zebak","country":"AFG","province":"Badakhshan"},"geometry":{"type":"MultiPolygon","coordinates":[[[[71.1817,36.492],[71.1863,36.4883],[71.1881,36.4844],[71.1935,36.4814],[71.2022,36.48],[71.2217,36.4843],[71.2319,36.4786],[71.2416,36.4765],[71.2469,36.4771],[71.2598,36.4833],[71.2682,36.4943],[71.2759,36.4998],[71.28,36.5076],[71.2818,36.5172],[71.2877,36.5211],[71.3019,36.5236],[71.3184,36.5345],[71.3388,36.5409],[71.3644,36.5523],[71.3739,36.5547],[71.3956,36.5545],[71.4095,36.5524],[71.4115,36.5572],[71.4247,36.5539],[71.4306,36.5505],[71.4342,36.5463],[71.4461,36.5429],[71.4557,36.5378],[71.4798,36.5205],[71.4837,36.5149],[71.5021,36.5057],[71.5067,36.4996],[71.507,36.4951],[71.5102,36.4892],[71.5163,36.4856],[71.5275,36.4848],[71.5343,36.4873],[71.5407,36.4874],[71.567,36.4781],[71.5938,36.4729],[71.6075,36.4682],[71.6154,36.4682],[71.6326,36.4644],[71.6493,36.4652],[71.6511,36.4371],[71.6396,36.4258],[71.6275,36.4058],[71.6225,36.402],[71.6156,36.3998],[71.6014,36.3899],[71.5792,36.3788],[71.5754,36.3748],[71.5755,36.3692],[71.5804,36.3632],[71.611,36.3482],[71.6124,36.3441],[71.6098,36.3355],[71.6117,36.3311],[71.6166,36.327],[71.6143,36.3213],[71.5952,36.3127],[71.5644,36.3077],[71.551,36.304],[71.5386,36.2941],[71.5109,36.2849],[71.5008,36.2753],[71.4868,36.2672],[71.4648,36.2607],[71.4632,36.2538],[71.4644,36.2445],[71.4625,36.232],[71.457,36.2239],[71.4471,36.2139],[71.4143,36.1958],[71.4101,36.1943],[71.397,36.1952],[71.3905,36.1925],[71.3664,36.1748],[71.3619,36.1699],[71.3611,36.1627],[71.3571,36.1582],[71.3433,36.1538],[71.3265,36.155],[71.3159,36.1521],[71.2884,36.127],[71.2711,36.1185],[71.2672,36.1112],[71.2674,36.1004],[71.2654,36.0938],[71.2513,36.0819],[71.234,36.0721],[71.229,36.0672],[71.2272,36.0604],[71.2326,36.0403],[71.2265,36.0333],[71.2106,36.0287],[71.1912,36.0281],[71.1693,36.0143],[71.1578,36.0134],[71.1516,36.009],[71.148,36.0012],[71.1388,36.02],[71.1267,36.0333],[71.1207,36.045],[71.1105,36.0718],[71.1012,36.0857],[71.0896,36.095],[71.068,36.1051],[71.0479,36.1201],[71.0126,36.1394],[70.9976,36.1506],[70.9911,36.1593],[70.9844,36.177],[70.9698,36.1937],[70.9638,36.2079],[70.9588,36.2125],[70.9526,36.2219],[70.9496,36.2347],[70.9508,36.2391],[70.9555,36.2448],[71.009,36.2695],[71.0319,36.2761],[71.0445,36.2836],[71.0653,36.2884],[71.0693,36.2919],[71.0776,36.307],[71.0779,36.314],[71.0709,36.3261],[71.0582,36.3356],[71.0507,36.3388],[71.0467,36.3457],[71.0537,36.3562],[71.0706,36.3655],[71.0797,36.3754],[71.0808,36.3878],[71.0779,36.3933],[71.0729,36.3976],[71.0693,36.4069],[71.0705,36.4173],[71.0804,36.4325],[71.0961,36.4451],[71.1127,36.452],[71.1271,36.4602],[71.1437,36.484],[71.1504,36.4879],[71.1722,36.4895],[71.1817,36.492]]]]}},{"type":"Feature","properties":{"district_id":"af-badghis-abkamari","name":"AbKamari","country":"AFG","province":"Badghis"},"geometry":{"type":"MultiPolygon","coordinates":[[[[63.0499,34.9989],[63.003,34.9674],[62.9956,34.9601],[62.9878,34.9565],[62.9571,34.9329],[62.9465,34.9216],[62.9381,34.9154],[62.926,34.9097],[62.902,34.9019],[62.8685,34.8856],[62.8182,34.8821],[62.8066,34.8795],[62.7923,34.8737],[62.7806,34.8653],[62.7714,34.8498],[62.77,34.8323],[62.763,34.817],[62.7581,34.8176],[62.7423,34.826],[62.7154,34.8306],[62.6925,34.8384],[62.6821,34.8463],[62.6715,34.8622],[62.654,34.8818],[62.6508,34.888],[62.6503,34.8957],[62.6523,34.9556],[62.6609,34.9935],[62.6609,35.0002],[62.6567,35.0057],[62.6327,35.0193],[62.6293,35.0233],[62.6279,35.0299],[62.6356,35.0464],[62.6557,35.0659],[62.6603,35.0998],[62.6636,35.1101],[62.6889,35.1467],[62.702,35.1587],[62.7207,35.1719],[62.7842,35.2057],[62.7932,35.2141],[62.801,35.2275],[62.8181,35.3019],[62.825,35.3008],[62.8401,35.3096],[62.8413,35.312],[62.8547,35.3159],[62.8604,35.3218],[62.8692,35.3377],[62.8805,35.3451],[62.8863,35.3418],[62.8927,35.3468],[62.8951,35.35],[62.895,35.358],[62.9046,35.3618],[62.9099,35.3596],[62.9137,35.3626],[62.9168,35.3692],[62.9219,35.3693],[62.9296,35.3733],[62.9321,35.3751],[62.9332,35.3788],[62.9427,35.3845],[62.9512,35.386],[62.9442,35.3659],[62.9379,35.3531],[62.9099,35.3165],[62.905,35.3072],[62.9001,35.2898],[62.9008,35.2811],[62.9093,35.2625],[62.9171,35.2527],[62.9369,35.2364],[62.9461,35.2318],[62.9593,35.2186],[62.9764,35.2103],[63.0136,35.2014],[63.0187,35.1916],[63.0326,35.1789],[63.0358,35.1722],[63.0453,35.1618],[63.0492,35.1547],[63.0559,35.14],[63.0579,35.1291],[63.069,35.1132],[63.0752,35.1003],[63.0793,35.0964],[63.0811,35.0906],[63.0785,35.0855],[63.0618,35.0697],[63.0568,35.0601],[63.051,35.0409],[63.0499,34.9989]]]]}},{"type":"Feature","properties":{"district_id":"af-badghis-ghormach","name":"Ghormach","country":"AFG","province":"Badghis"},"geometry":{"type":"MultiPolygon","coordinates":[[[[63.9057,35.8761],[63.9047,35.8496],[63.9092,35.8326],[63.9086,35.8114],[63.9032,35.791],[63.8837,35.751],[63.8832,35.7381],[63.8887,35.732],[63.9134,35.718],[63.9257,35.708],[63.9924,35.6782],[64.0038,35.6711],[64.0088,35.6637],[64.0174,35.5994],[64.0177,35.5802],[64.01,35.5453],[64.0074,35.517],[64.0089,35.5095],[64.0148,35.4988],[64.0238,35.4901],[63.9925,35.4772],[63.9785,35.4752],[63.9595,35.476],[63.9377,35.4798],[63.9263,35.4803],[63.9006,35.478],[63.8554,35.466],[63.799,35.445],[63.7847,35.4434],[63.7693,35.4444],[63.7614,35.4477],[63.7509,35.4578],[63.7475,35.4693],[63.7461,35.4914],[63.742,35.5014],[63.7265,35.5196],[63.7159,35.5269],[63.6834,35.5418],[63.6703,35.5499],[63.6507,35.5743],[63.6431,35.5986],[63.641,35.6501],[63.6369,35.6623],[63.6274,35.6746],[63.5997,35.6904],[63.5924,35.7027],[63.5785,35.7424],[63.5665,35.7605],[63.552,35.7707],[63.5377,35.7853],[63.5337,35.7989],[63.5266,35.8536],[63.5097,35.8973],[63.5363,35.9025],[63.5725,35.951],[63.7088,35.9675],[63.8599,35.9986],[63.9056,35.9999],[63.9062,35.9953],[63.9024,35.9889],[63.8938,35.98],[63.8901,35.9692],[63.8994,35.943],[63.9041,35.9096],[63.9057,35.8761]]]]}},{"type":"Feature","properties":{"district_id":"af-badghis-jawand","name":"Jawand","country":"AFG","province":"Badghis"},"geometry":{"type":"MultiPolygon","coordinates":[[[[64.4737,35.4262],[64.4632,35.4148],[64.4548,35.3912],[64.4473,35.349],[64.4406,35.2893],[64.4419,35.2713],[64.446,35.2615],[64.4519,35.2544],[64.4803,35.2316],[64.4938,35.2229],[64.5194,35.2107],[64.543,35.2059],[64.5826,35.2055],[64.6504,35.2074],[64.6917,35.2103],[64.7174,35.2102],[64.7611,35.1842],[64.7995,35.1685],[64.8081,35.1667],[64.8892,35.1301],[64.9181,35.1139],[64.971,35.0778],[64.985,35.0647],[65.0067,35.0371],[65.0112,35.0272],[65.0067,34.9961],[65.0073,34.9904],[65.0123,34.983],[65.0259,34.9713],[65.0408,34.9642],[65.0483,34.9566],[65.0573,34.9432],[65.0609,34.9237],[65.0606,34.8877],[65.0626,34.8705],[65.0724,34.8509],[65.0798,34.8404],[65.0868,34.8221],[65.0868,34.8032],[65.0785,34.7885],[65.0735,34.7849],[65.0592,34.7793],[65.0404,34.7782],[65.0189,34.7815],[64.9943,34.7899],[64.9824,34.7907],[64.9673,34.7857],[64.9569,34.7798],[64.947,34.7764],[64.8938,34.7697],[64.7989,34.7435],[64.7362,34.7383],[64.7236,34.7356],[64.6665,34.7161],[64.6502,34.7148],[64.6263,34.718],[64.6084,34.7243],[64.5883,34.7277],[64.5732,34.7271],[64.548,34.722],[64.529,34.7118],[64.4876,34.6945],[64.4747,34.6852],[64.4655,34.6717],[64.4599,34.6158],[64.444,34.6153],[64.4222,34.6178],[64.415,34.6196],[64.4014,34.6275],[64.3522,34.6285],[64.2833,34.6246],[64.2678,34.6209],[64.2556,34.6155],[64.2435,34.6134],[64.2281,34.6133],[64.2045,34.6183],[64.161,34.6317],[64.1392,34.6363],[64.1176,34.6371],[64.1002,34.6348],[64.0791,34.6297],[64.0422,34.6124],[64.0087,34.5922],[63.9871,34.573],[63.9671,34.5594],[63.9273,34.5504],[63.8869,34.545],[63.8427,34.5246],[63.8275,34.5217],[63.8135,34.5217],[63.7814,34.5272],[63.7841,34.5307],[63.7683,34.5859],[63.7568,34.6088],[63.732,34.6824],[63.7222,34.7008],[63.7115,34.7139],[63.6918,34.748],[63.6646,34.7804],[63.6623,34.7864],[63.6673,34.8054],[63.6813,34.8326],[63.7058,34.8673],[63.7275,34.8872],[63.7351,34.8982],[63.7377,34.9187],[63.7429,34.9304],[63.7809,34.9867],[63.7897,35.0022],[63.7953,35.0174],[63.7967,35.0296],[63.7957,35.0402],[63.7874,35.0519],[63.6731,35.1189],[63.6875,35.1694],[63.7046,35.1852],[63.7366,35.2001],[63.7534,35.2042],[63.794,35.2008],[63.8094,35.2038],[63.8244,35.2101],[63.8533,35.2313],[63.8561,35.235],[63.8867,35.2498],[63.8986,35.2529],[63.9312,35.254],[63.9522,35.2566],[63.9998,35.2698],[64.0117,35.2776],[64.0237,35.292],[64.0281,35.3068],[64.0356,35.3202],[64.0528,35.3287],[64.1066,35.3365],[64.1312,35.3422],[64.14,35.3457],[64.1754,35.3658],[64.1868,35.3745],[64.1948,35.3839],[64.2047,35.4055],[64.2165,35.4154],[64.2328,35.4176],[64.277,35.4165],[64.2797,35.408],[64.2906,35.3951],[64.2948,35.3929],[64.3159,35.3907],[64.3475,35.3951],[64.3716,35.403],[64.4044,35.4254],[64.4328,35.4408],[64.4433,35.4447],[64.4592,35.4465],[64.4659,35.4421],[64.4717,35.4329],[64.4737,35.4262]]]]}},{"type":"Feature","properties":{"district_id":"af-badghis-muqur","name":"Muqur","country":"AFG","province":"Badghis"},"geometry":{"type":"MultiPolygon","coordinates":[[[[63.0499,34.9989],[63.051,35.0409],[63.0568,35.0601],[63.0618,35.0697],[63.0785,35.0855],[63.0811,35.0906],[63.0793,35.0964],[63.0752,35.1003],[63.069,35.1132],[63.0579,35.1291],[63.0559,35.14],[63.0492,35.1547],[63.0453,35.1618],[63.0358,35.1722],[63.0326,35.1789],[63.0187,35.1916],[63.0136,35.2014],[62.9764,35.2103],[62.9593,35.2186],[62.9461,35.2318],[62.9369,35.2364],[62.9171,35.2527],[62.9093,35.2625],[62.9008,35.2811],[62.9001,35.2898],[62.905,35.3072],[62.9099,35.3165],[62.9379,35.3531],[62.9442,35.3659],[62.9512,35.386],[62.9594,35.389],[62.9622,35.3881],[63.0021,35.4055],[63.0072,35.4094],[63.0216,35.4018],[63.0233,35.4042],[63.0224,35.4066],[63.015,35.418],[63.0252,35.4124],[63.0318,35.4118],[63.0365,35.4157],[63.0438,35.4135],[63.0744,35.3704],[63.0882,35.3578],[63.1143,35.3393],[63.1226,35.3213],[63.1315,35.2816],[63.1334,35.2651],[63.1281,35.2316],[63.1288,35.2227],[63.1357,35.2124],[63.1435,35.207],[63.1487,35.2],[63.1525,35.1912],[63.1697,35.1166],[63.1843,35.0724],[63.1399,35.0456],[63.0746,35.0162],[63.0499,34.9989]]]]}},{"type":"Feature","properties":{"district_id":"af-badghis-murghab","name":"Murghab","country":"AFG","province":"Badghis"},"geometry":{"type":"MultiPolygon","coordinates":[[[[63.5097,35.8973],[63.5266,35.8536],[63.5337,35.7989],[63.5377,35.7853],[63.552,35.7707],[63.5665,35.7605],[63.5785,35.7424],[63.5924,35.7027],[63.5997,35.6904],[63.6274,35.6746],[63.6369,35.6623],[63.641,35.6501],[63.6431,35.5986],[63.6507,35.5743],[63.6703,35.5499],[63.6834,35.5418],[63.7159,35.5269],[63.7265,35.5196],[63.742,35.5014],[63.7461,35.4914],[63.7475,35.4693],[63.7509,35.4578],[63.7614,35.4477],[63.7693,35.4444],[63.7847,35.4434],[63.799,35.445],[63.8554,35.466],[63.9006,35.478],[63.9263,35.4803],[63.9377,35.4798],[63.9595,35.476],[63.9785,35.4752],[63.9925,35.4772],[64.0238,35.4901],[64.0575,35.4876],[64.077,35.4889],[64.1079,35.4878],[64.1422,35.4901],[64.1758,35.4829],[64.2261,35.4856],[64.2392,35.4833],[64.2495,35.4796],[64.2628,35.4683],[64.2693,35.4502],[64.2743,35.4217],[64.277,35.4165],[64.2328,35.4176],[64.2165,35.4154],[64.2047,35.4055],[64.1948,35.3839],[64.1868,35.3745],[64.1754,35.3658],[64.14,35.3457],[64.1312,35.3422],[64.1066,35.3365],[64.0528,35.3287],[64.0438,35.3253],[64.0356,35.3202],[64.0281,35.3068],[64.0237,35.292],[64.0117,35.2776],[63.9998,35.2698],[63.9522,35.2566],[63.9312,35.254],[63.8986,35.2529],[63.8867,35.2498],[63.8561,35.235],[63.8533,35.2313],[63.8244,35.2101],[63.8094,35.2038],[63.794,35.2008],[63.7534,35.2042],[63.7366,35.2001],[63.7046,35.1852],[63.6875,35.1694],[63.6731,35.1189],[63.6442,35.133],[63.6111,35.1562],[63.5901,35.1681],[63.5583,35.1794],[63.5276,35.1856],[63.4814,35.1905],[63.459,35.1893],[63.4212,35.1794],[63.3603,35.1811],[63.3189,35.1923],[63.2854,35.1988],[63.2128,35.2018],[63.1435,35.207],[63.1357,35.2124],[63.1288,35.2227],[63.1281,35.2316],[63.1334,35.2651],[63.1315,35.2816],[63.1226,35.3213],[63.1143,35.3393],[63.0882,35.3578],[63.0744,35.3704],[63.0443,35.4129],[63.0485,35.4111],[63.0551,35.4111],[63.06,35.4139],[63.0758,35.4147],[63.0891,35.419],[63.0899,35.4175],[63.0946,35.4206],[63.0981,35.4184],[63.1024,35.4322],[63.101,35.4379],[63.1103,35.4468],[63.1081,35.4548],[63.1086,35.4604],[63.1173,35.48],[63.1134,35.486],[63.1188,35.4925],[63.118,35.5018],[63.1113,35.5107],[63.1227,35.5144],[63.1283,35.5278],[63.1271,35.5325],[63.1291,35.5405],[63.1278,35.543],[63.1248,35.5439],[63.1186,35.5457],[63.1138,35.545],[63.113,35.5498],[63.111,35.5508],[63.1069,35.5501],[63.1067,35.5576],[63.1051,35.5582],[63.1044,35.5632],[63.1046,35.5737],[63.1096,35.5806],[63.1093,35.585],[63.1042,35.5882],[63.1011,35.5931],[63.1011,35.5998],[63.0959,35.6168],[63.0992,35.6207],[63.1074,35.6203],[63.1088,35.6244],[63.112,35.6265],[63.1121,35.6326],[63.1408,35.6421],[63.2126,35.67],[63.2389,35.6784],[63.2459,35.6821],[63.2459,35.6892],[63.2428,35.6998],[63.2386,35.7021],[63.2318,35.7027],[63.2253,35.7086],[63.2155,35.7113],[63.2132,35.7091],[63.1956,35.713],[63.1912,35.7215],[63.1906,35.729],[63.1877,35.7321],[63.177,35.7339],[63.1761,35.7368],[63.1778,35.7388],[63.1686,35.7459],[63.1697,35.7484],[63.1656,35.7494],[63.1587,35.7466],[63.1607,35.7547],[63.1587,35.7569],[63.1558,35.7585],[63.1495,35.7546],[63.1455,35.7589],[63.1392,35.76],[63.1397,35.7643],[63.1312,35.7659],[63.1366,35.7701],[63.145,35.7713],[63.1371,35.7789],[63.1365,35.782],[63.1351,35.7811],[63.1306,35.7866],[63.1355,35.7899],[63.1354,35.796],[63.1388,35.7983],[63.1331,35.7988],[63.1332,35.8025],[63.12,35.8047],[63.1204,35.8122],[63.1156,35.8147],[63.1074,35.814],[63.1016,35.8186],[63.1065,35.8202],[63.1096,35.8265],[63.109,35.8292],[63.1025,35.8299],[63.1067,35.8344],[63.1086,35.8334],[63.108,35.8353],[63.1107,35.8364],[63.112,35.8348],[63.1148,35.8354],[63.1132,35.8388],[63.1134,35.8484],[63.1225,35.8472],[63.1241,35.8489],[63.1212,35.8554],[63.1205,35.8618],[63.3072,35.8571],[63.5097,35.8973]]]]}},{"type":"Feature","properties":{"district_id":"af-badghis-qadis","name":"Qadis","country":"AFG","province":"Badghis"},"geometry":{"type":"MultiPolygon","coordinates":[[[[63.6731,35.1189],[63.7874,35.0519],[63.7957,35.0402],[63.7967,35.0296],[63.7953,35.0174],[63.7897,35.0022],[63.7809,34.9867],[63.7429,34.9304],[63.7377,34.9187],[63.7351,34.8982],[63.7275,34.8872],[63.7058,34.8673],[63.6813,34.8326],[63.6673,34.8054],[63.6623,34.7864],[63.6646,34.7804],[63.6918,34.748],[63.7115,34.7139],[63.7222,34.7008],[63.732,34.6824],[63.7568,34.6088],[63.7683,34.5859],[63.7841,34.5307],[63.7814,34.5272],[63.7684,34.5295],[63.7582,34.5294],[63.7442,34.5269],[63.7175,34.5177],[63.7012,34.517],[63.6872,34.5182],[63.6501,34.5325],[63.607,34.5378],[63.5321,34.5506],[63.5227,34.5535],[63.5133,34.5586],[63.5023,34.5707],[63.4808,34.6018],[63.4656,34.615],[63.448,34.6212],[63.4055,34.6293],[63.3726,34.6433],[63.3489,34.6513],[63.3176,34.6545],[63.2352,34.6476],[63.2264,34.6611],[63.2041,34.6841],[63.1814,34.7169],[63.1693,34.7425],[63.1589,34.7716],[63.1594,34.8315],[63.1636,34.8476],[63.1755,34.8608],[63.1822,34.8659],[63.2195,34.8853],[63.2445,34.92],[63.2517,34.9375],[63.2508,34.9442],[63.2469,34.9535],[63.2358,34.9717],[63.241,34.9823],[63.233,34.9835],[63.2176,34.9971],[63.2071,35.0132],[63.2029,35.0226],[63.1933,35.0463],[63.1697,35.1166],[63.1525,35.1912],[63.1487,35.2],[63.1435,35.207],[63.2128,35.2018],[63.2854,35.1988],[63.3189,35.1923],[63.3603,35.1811],[63.4212,35.1794],[63.459,35.1893],[63.4814,35.1905],[63.5276,35.1856],[63.5583,35.1794],[63.5901,35.1681],[63.6111,35.1562],[63.6442,35.133],[63.6731,35.1189]]]]}},{"type":"Feature","properties":{"district_id":"af-badghis-qala-i-naw","name":"Qala-I-Naw","country":"AFG","province":"Badghis"},"geometry":{"type":"MultiPolygon","coordinates":[[[[62.763,34.817],[62.77,34.8323],[62.7714,34.8498],[62.7806,34.8653],[62.7923,34.8737],[62.8066,34.8795],[62.8182,34.8821],[62.8685,34.8856],[62.902,34.9019],[62.926,34.9097],[62.9381,34.9154],[62.9465,34.9216],[62.9571,34.9329],[62.9878,34.9565],[62.9956,34.9601],[63.003,34.9674],[63.0263,34.982],[63.0746,35.0162],[63.1399,35.0456],[63.1843,35.0724],[63.2071,35.0132],[63.2176,34.9971],[63.233,34.9835],[63.241,34.9823],[63.2358,34.9717],[63.2491,34.9489],[63.2517,34.9375],[63.2445,34.92],[63.2195,34.8853],[63.1822,34.8659],[63.1755,34.8608],[63.1636,34.8476],[63.1594,34.8315],[63.1589,34.7716],[63.1693,34.7425],[63.1814,34.7169],[63.2041,34.6841],[63.2264,34.6611],[63.2352,34.6476],[63.152,34.6353],[63.0971,34.6447],[63.0825,34.6577],[63.072,34.6737],[63.0692,34.6815],[63.0624,34.6902],[63.0378,34.7066],[63.0088,34.7225],[63.0043,34.7268],[62.9784,34.7363],[62.9635,34.7399],[62.9329,34.7399],[62.9093,34.7425],[62.8856,34.7498],[62.8685,34.7578],[62.846,34.7622],[62.826,34.7711],[62.7931,34.7935],[62.763,34.817]]]]}},{"type":"Feature","properties":{"district_id":"af-baghlan-andarab","name":"Andarab","country":"AFG","province":"Baghlan"},"geometry":{"type":"MultiPolygon","coordinates":[[[[69.8249,35.7209],[69.8198,35.7138],[69.8117,35.6927],[69.8049,35.6863],[69.7946,35.6814],[69.7909,35.6709],[69.7916,35.6563],[69.788,35.6229],[69.7713,35.604],[69.7697,35.5953],[69.7713,35.5707],[69.7656,35.5584],[69.7558,35.5501],[69.7315,35.5444],[69.7122,35.5344],[69.689,35.5194],[69.677,35.5063],[69.671,35.5023],[69.6577,35.499],[69.6402,35.4992],[69.6198,35.4911],[69.6017,35.4786],[69.5861,35.4655],[69.5731,35.4597],[69.5615,35.4588],[69.4888,35.4796],[69.4754,35.4785],[69.4622,35.473],[69.454,35.4666],[69.4383,35.4475],[69.4368,35.437],[69.4377,35.4319],[69.4448,35.4245],[69.4399,35.4195],[69.4314,35.4182],[69.4207,35.4226],[69.4073,35.4332],[69.3905,35.4354],[69.3778,35.4329],[69.3667,35.427],[69.352,35.4139],[69.3414,35.4103],[69.3244,35.4107],[69.3084,35.4211],[69.3,35.4231],[69.2937,35.4234],[69.2843,35.4214],[69.2754,35.4169],[69.2667,35.416],[69.2621,35.4191],[69.2516,35.4209],[69.2148,35.422],[69.2064,35.4195],[69.2058,35.4249],[69.1975,35.4432],[69.1994,35.4603],[69.1977,35.4728],[69.1892,35.487],[69.1695,35.5014],[69.159,35.5121],[69.1509,35.5247],[69.1448,35.5417],[69.1395,35.5772],[69.1296,35.595],[69.1201,35.6038],[69.1124,35.6083],[69.1036,35.6171],[69.0714,35.638],[69.0531,35.6428],[69.029,35.6603],[69.0122,35.67],[68.9967,35.6747],[68.9718,35.6676],[68.9436,35.6706],[68.9262,35.6767],[68.9211,35.6827],[68.9244,35.6865],[68.9412,35.6892],[68.95,35.6945],[68.9589,35.7071],[68.9706,35.7286],[68.9761,35.7348],[69.0291,35.7701],[69.0343,35.7809],[69.0293,35.7969],[69.0299,35.8125],[69.0332,35.8291],[69.0664,35.8233],[69.0738,35.8249],[69.0848,35.8319],[69.0944,35.8353],[69.1073,35.8359],[69.1424,35.8272],[69.1622,35.8307],[69.1706,35.8303],[69.1811,35.8246],[69.1905,35.8121],[69.2051,35.801],[69.2322,35.7935],[69.2549,35.794],[69.2728,35.8021],[69.2941,35.8201],[69.3011,35.82],[69.3141,35.8126],[69.324,35.8142],[69.3276,35.8177],[69.3352,35.8316],[69.3464,35.8441],[69.3743,35.8595],[69.4022,35.8668],[69.413,35.8533],[69.4242,35.8306],[69.4256,35.8111],[69.4211,35.8015],[69.4197,35.7918],[69.423,35.7844],[69.4333,35.7804],[69.4573,35.7817],[69.4941,35.7747],[69.5054,35.7701],[69.5152,35.753],[69.532,35.7416],[69.5354,35.736],[69.5376,35.7266],[69.5371,35.717],[69.5443,35.6987],[69.5516,35.6936],[69.5764,35.6903],[69.5987,35.683],[69.607,35.6824],[69.6184,35.6847],[69.6339,35.6913],[69.6447,35.694],[69.6907,35.6963],[69.7056,35.7005],[69.716,35.7128],[69.7234,35.7167],[69.7343,35.7188],[69.7496,35.7269],[69.7672,35.7339],[69.7805,35.7365],[69.8008,35.7341],[69.817,35.7267],[69.8249,35.7209]]]]}},{"type":"Feature","properties":{"district_id":"af-baghlan-baghlancity","name":"BaghlanCity","country":"AFG","province":"Baghlan"},"geometry":{"type":"MultiPolygon","coordinates":[[[[68.9193,36.2799],[68.9156,36.2671],[68.9176,36.2556],[68.9277,36.2413],[68.9344,36.2356],[68.9495,36.2279],[68.9645,36.226],[68.9944,36.2298],[69.016,36.2287],[69.0252,36.2219],[69.0272,36.2062],[69.0247,36.2005],[69.016,36.1913],[69.0054,36.182],[68.9876,36.1701],[68.9712,36.1623],[68.954,36.1608],[68.9394,36.1631],[68.9287,36.1613],[68.9202,36.156],[68.9039,36.1493],[68.8919,36.1389],[68.8859,36.1309],[68.8767,36.1059],[68.88,36.069],[68.8785,36.0614],[68.8745,36.0544],[68.8674,36.0491],[68.8546,36.0433],[68.8322,36.0246],[68.8069,36.013],[68.8001,36.0218],[68.7909,36.0285],[68.7701,36.0371],[68.7478,36.0416],[68.738,36.0466],[68.7191,36.0668],[68.7095,36.0815],[68.6795,36.1063],[68.6681,36.1102],[68.6435,36.1104],[68.6265,36.1145],[68.6085,36.1107],[68.5936,36.1118],[68.5818,36.1224],[68.5764,36.1388],[68.5707,36.1437],[68.5519,36.1532],[68.5437,36.1595],[68.53,36.1631],[68.5227,36.1678],[68.5175,36.1789],[68.507,36.1858],[68.4997,36.197],[68.4753,36.2233],[68.4977,36.2481],[68.5423,36.2576],[68.5868,36.2608],[68.625,36.2544],[68.6536,36.2385],[68.7013,36.264],[68.7299,36.2926],[68.7649,36.283],[68.7871,36.2608],[68.9193,36.2799]]]]}},{"type":"Feature","properties":{"district_id":"af-baghlan-baghlanijadid","name":"BaghlaniJadid","country":"AFG","province":"Baghlan"},"geometry":{"type":"MultiPolygon","coordinates":[[[[68.9193,36.2799],[68.7871,36.2608],[68.7649,36.283],[68.7299,36.2926],[68.7013,36.264],[68.6536,36.2385],[68.625,36.2544],[68.5868,36.2608],[68.5423,36.2576],[68.4977,36.2481],[68.4753,36.2233],[68.4633,36.2299],[68.4471,36.2332],[68.4324,36.2455],[68.4236,36.2491],[68.409,36.2514],[68.3903,36.264],[68.3575,36.2706],[68.3474,36.2745],[68.3195,36.2894],[68.307,36.3015],[68.3005,36.3138],[68.2964,36.3408],[68.2855,36.3784],[68.264,36.4112],[68.2521,36.4245],[68.2323,36.4518],[68.2287,36.4654],[68.2304,36.4742],[68.235,36.4823],[68.2492,36.4965],[68.2682,36.5112],[68.2768,36.5272],[68.2784,36.546],[68.2748,36.5614],[68.2703,36.5676],[68.2597,36.5753],[68.291,36.5686],[68.3123,36.5509],[68.3188,36.5481],[68.3705,36.5499],[68.4072,36.5549],[68.4333,36.5526],[68.4532,36.5459],[68.4692,36.5442],[68.4902,36.5385],[68.5052,36.5373],[68.5205,36.5315],[68.5422,36.5272],[68.5579,36.5205],[68.5817,36.5182],[68.5985,36.5116],[68.6289,36.5113],[68.6523,36.5005],[68.6636,36.4994],[68.6694,36.5019],[68.6782,36.5119],[68.6905,36.5191],[68.7035,36.5293],[68.7291,36.5376],[68.7353,36.5334],[68.7362,36.517],[68.75,36.5061],[68.7593,36.4907],[68.7721,36.483],[68.7958,36.4593],[68.8121,36.4516],[68.8352,36.4347],[68.837,36.4295],[68.8344,36.4199],[68.8392,36.4135],[68.8492,36.4095],[68.8754,36.4052],[68.9124,36.4041],[68.9306,36.399],[68.9625,36.3977],[68.9566,36.3805],[68.9556,36.3571],[68.9417,36.3333],[68.9289,36.3001],[68.9193,36.2799]]]]}},{"type":"Feature","properties":{"district_id":"af-baghlan-burka","name":"Burka","country":"AFG","province":"Baghlan"},"geometry":{"type":"MultiPolygon","coordinates":[[[[69.0054,36.182],[69.0247,36.2005],[69.0272,36.2062],[69.0252,36.2219],[69.016,36.2287],[68.9944,36.2298],[68.9645,36.226],[68.9495,36.2279],[68.9344,36.2356],[68.9277,36.2413],[68.9176,36.2556],[68.9156,36.2671],[68.9193,36.2799],[68.9289,36.3001],[68.9417,36.3333],[68.9556,36.3571],[68.9566,36.3805],[68.9625,36.3977],[68.9886,36.3999],[69.0014,36.3988],[69.0247,36.3817],[69.0444,36.3637],[69.1376,36.3302],[69.2082,36.3099],[69.2237,36.3039],[69.2407,36.2865],[69.2653,36.2739],[69.2729,36.2644],[69.2766,36.2544],[69.2821,36.2484],[69.2876,36.2459],[69.3109,36.2423],[69.3451,36.2198],[69.35,36.2198],[69.3621,36.2369],[69.3711,36.2423],[69.4409,36.2496],[69.4273,36.2048],[69.416,36.1832],[69.4116,36.1516],[69.3863,36.1457],[69.347,36.1323],[69.3346,36.1257],[69.3214,36.1213],[69.2861,36.1203],[69.2541,36.1085],[69.2235,36.1065],[69.1989,36.0967],[69.1904,36.095],[69.171,36.0943],[69.1573,36.0973],[69.1411,36.1102],[69.1209,36.1297],[69.1076,36.1376],[69.0978,36.1405],[69.0868,36.1465],[69.0742,36.1597],[69.0711,36.1651],[69.0564,36.1742],[69.0441,36.1787],[69.0277,36.182],[69.0054,36.182]]]]}},{"type":"Feature","properties":{"district_id":"af-baghlan-dahana-i-ghori","name":"Dahana-I-Ghori","country":"AFG","province":"Baghlan"},"geometry":{"type":"MultiPolygon","coordinates":[[[[68.6912,35.8601],[68.69,35.8438],[68.7059,35.8202],[68.7109,35.8051],[68.7099,35.7872],[68.6898,35.7446],[68.6706,35.7161],[68.6525,35.6854],[68.6414,35.6793],[68.6026,35.6698],[68.5837,35.6682],[68.5663,35.6738],[68.5471,35.6767],[68.5255,35.6841],[68.4722,35.6904],[68.4119,35.6796],[68.3168,35.6729],[68.304,35.6697],[68.2918,35.6634],[68.2531,35.6363],[68.1951,35.6064],[68.1952,35.6136],[68.1923,35.6239],[68.1822,35.6314],[68.1739,35.6348],[68.1519,35.6373],[68.1354,35.6467],[68.1426,35.665],[68.1599,35.6861],[68.1614,35.7168],[68.1655,35.7253],[68.1858,35.7482],[68.1932,35.7544],[68.2297,35.772],[68.2431,35.7878],[68.261,35.8016],[68.2666,35.8127],[68.2723,35.8395],[68.2761,35.8677],[68.2831,35.8977],[68.302,35.9491],[68.3236,35.9908],[68.3345,36.0067],[68.3629,36.0358],[68.3804,36.0493],[68.4032,36.0608],[68.4148,36.0464],[68.4331,36.035],[68.456,36.0272],[68.4763,36.0222],[68.5113,36.0061],[68.5164,36.0022],[68.5205,35.9955],[68.5293,35.9901],[68.5344,35.9829],[68.5373,35.9606],[68.5441,35.9559],[68.5464,35.946],[68.5655,35.9358],[68.5732,35.9289],[68.5734,35.9209],[68.5675,35.9124],[68.5654,35.9061],[68.5676,35.8976],[68.5844,35.8816],[68.6051,35.8749],[68.6421,35.8549],[68.6582,35.8517],[68.6756,35.8533],[68.6912,35.8601]]]]}},{"type":"Feature","properties":{"district_id":"af-baghlan-doshi","name":"Doshi","country":"AFG","province":"Baghlan"},"geometry":{"type":"MultiPolygon","coordinates":[[[[69.0332,35.8291],[69.0299,35.8125],[69.0293,35.7969],[69.0343,35.7809],[69.0291,35.7701],[68.9761,35.7348],[68.9706,35.7286],[68.9589,35.7071],[68.95,35.6945],[68.9412,35.6892],[68.9244,35.6865],[68.9211,35.6827],[68.9134,35.6853],[68.9017,35.6835],[68.8916,35.6795],[68.8661,35.6592],[68.8581,35.6497],[68.8296,35.6364],[68.8094,35.6219],[68.8014,35.6114],[68.7993,35.6048],[68.8005,35.5823],[68.8132,35.5015],[68.8141,35.4777],[68.8081,35.4639],[68.7936,35.4471],[68.7831,35.4289],[68.7784,35.4242],[68.771,35.4201],[68.7611,35.4072],[68.7452,35.4169],[68.7183,35.4265],[68.6714,35.437],[68.6293,35.4432],[68.5858,35.4439],[68.561,35.4465],[68.5463,35.4539],[68.528,35.4604],[68.489,35.4816],[68.4487,35.4966],[68.4151,35.5139],[68.3643,35.5345],[68.3516,35.5419],[68.3248,35.5519],[68.2955,35.56],[68.2863,35.5662],[68.2702,35.5835],[68.2428,35.5922],[68.2264,35.6013],[68.2124,35.6056],[68.2047,35.6107],[68.2531,35.6363],[68.2918,35.6634],[68.304,35.6697],[68.3168,35.6729],[68.4119,35.6796],[68.4722,35.6904],[68.5255,35.6841],[68.5471,35.6767],[68.5663,35.6738],[68.5837,35.6682],[68.6026,35.6698],[68.6414,35.6793],[68.6525,35.6854],[68.6706,35.7161],[68.6898,35.7446],[68.7099,35.7872],[68.7109,35.8051],[68.7059,35.8202],[68.69,35.8438],[68.6912,35.8601],[68.7093,35.8673],[68.7212,35.88],[68.7302,35.8856],[68.7987,35.9068],[68.8199,35.9081],[68.833,35.9065],[68.8557,35.8987],[68.8687,35.8908],[68.8719,35.886],[68.8887,35.8722],[68.8959,35.8548],[68.9016,35.8487],[68.9082,35.8472],[68.9206,35.8409],[68.9331,35.8384],[68.9584,35.8478],[68.9719,35.8502],[68.9868,35.8448],[69.0065,35.8428],[69.0208,35.8306],[69.0332,35.8291]]]]}},{"type":"Feature","properties":{"district_id":"af-baghlan-kahmard","name":"Kahmard","country":"AFG","province":"Baghlan"},"geometry":{"type":"MultiPolygon","coordinates":[[[[68.1094,35.0807],[68.1005,35.0834],[68.069,35.0794],[68.0267,35.0824],[67.9725,35.0797],[67.9531,35.0735],[67.9431,35.0654],[67.9231,35.0558],[67.8944,35.0351],[67.8832,35.0303],[67.8636,35.0274],[67.8266,35.0283],[67.8094,35.0239],[67.7956,35.0128],[67.7844,35.0005],[67.7672,34.9666],[67.7539,34.9553],[67.7434,34.9499],[67.7332,34.9471],[67.6985,34.9481],[67.6731,34.9552],[67.6335,34.9701],[67.6196,34.9707],[67.5546,34.9543],[67.5041,34.946],[67.476,34.9361],[67.4598,34.9297],[67.4435,34.9167],[67.4133,34.9023],[67.39,34.8847],[67.3742,34.8797],[67.3643,34.8809],[67.3547,34.8874],[67.3477,34.8965],[67.3375,34.9197],[67.3321,34.9513],[67.3151,34.9714],[67.3136,34.9762],[67.3144,35.0007],[67.31,35.0086],[67.3029,35.0154],[67.2906,35.0357],[67.2856,35.0471],[67.2832,35.0602],[67.2832,35.071],[67.2895,35.0912],[67.2889,35.1019],[67.2948,35.1164],[67.3071,35.1298],[67.3129,35.1406],[67.3181,35.1585],[67.3395,35.1824],[67.3451,35.1916],[67.3541,35.2137],[67.3625,35.2205],[67.3941,35.2563],[67.4013,35.2621],[67.4113,35.2819],[67.4116,35.2981],[67.4052,35.3206],[67.4081,35.3932],[67.4002,35.41],[67.3959,35.4384],[67.4063,35.4415],[67.4201,35.4496],[67.444,35.4548],[67.4554,35.4632],[67.4709,35.4657],[67.5021,35.4766],[67.5213,35.4771],[67.5678,35.4657],[67.5846,35.4663],[67.5954,35.463],[67.609,35.4616],[67.6307,35.4633],[67.6584,35.4625],[67.71,35.4488],[67.7304,35.4505],[67.7717,35.4637],[67.8151,35.4831],[67.8345,35.4871],[67.8446,35.4858],[67.857,35.4812],[67.8754,35.465],[67.8901,35.4578],[67.9001,35.456],[67.9598,35.4548],[68.0,35.4619],[68.0659,35.4906],[68.0641,35.4778],[68.0694,35.4508],[68.0775,35.4242],[68.0788,35.4053],[68.0811,35.3956],[68.0866,35.3876],[68.1071,35.3712],[68.111,35.3643],[68.1125,35.3484],[68.1182,35.3352],[68.1165,35.3148],[68.1094,35.2919],[68.096,35.2698],[68.0899,35.2443],[68.0727,35.2102],[68.0691,35.1897],[68.0687,35.1751],[68.0738,35.1504],[68.0946,35.1125],[68.1006,35.0972],[68.1087,35.0857],[68.1094,35.0807]]]]}},{"type":"Feature","properties":{"district_id":"af-baghlan-khinjan","name":"Khinjan","country":"AFG","province":"Baghlan"},"geometry":{"type":"MultiPolygon","coordinates":[[[[68.9211,35.6827],[68.9262,35.6767],[68.9436,35.6706],[68.9718,35.6676],[68.9967,35.6747],[69.0122,35.67],[69.029,35.6603],[69.0531,35.6428],[69.0714,35.638],[69.1036,35.6171],[69.1124,35.6083],[69.1201,35.6038],[69.1296,35.595],[69.1395,35.5772],[69.1448,35.5417],[69.1509,35.5247],[69.159,35.5121],[69.1695,35.5014],[69.1892,35.487],[69.1977,35.4728],[69.1994,35.4603],[69.1975,35.4432],[69.2058,35.4249],[69.2064,35.4195],[69.1771,35.4165],[69.1297,35.3923],[69.1116,35.3852],[69.1012,35.3838],[69.0879,35.3776],[69.0708,35.3639],[69.0649,35.3366],[69.0599,35.3231],[69.0527,35.3111],[69.0403,35.295],[69.0155,35.2772],[68.9824,35.2622],[68.9608,35.2646],[68.9206,35.2744],[68.8525,35.2772],[68.8453,35.302],[68.8428,35.3168],[68.8328,35.3426],[68.8165,35.3629],[68.8077,35.3693],[68.7833,35.3921],[68.7611,35.4072],[68.771,35.4201],[68.7784,35.4242],[68.7831,35.4289],[68.7936,35.4471],[68.8081,35.4639],[68.8141,35.4777],[68.8132,35.5015],[68.8005,35.5823],[68.7993,35.6048],[68.8014,35.6114],[68.8094,35.6219],[68.8296,35.6364],[68.8581,35.6497],[68.8661,35.6592],[68.8916,35.6795],[68.9017,35.6835],[68.9134,35.6853],[68.9211,35.6827]]]]}},{"type":"Feature","properties":{"district_id":"af-baghlan-khostwafiring","name":"KhostWaFiring","country":"AFG","province":"Baghlan"},"geometry":{"type":"MultiPolygon","coordinates":[[[[69.8249,35.7209],[69.817,35.7267],[69.8008,35.7341],[69.7805,35.7365],[69.7672,35.7339],[69.7496,35.7269],[69.7343,35.7188],[69.7234,35.7167],[69.716,35.7128],[69.7056,35.7005],[69.6907,35.6963],[69.6447,35.694],[69.6339,35.6913],[69.6184,35.6847],[69.607,35.6824],[69.5987,35.683],[69.5764,35.6903],[69.5516,35.6936],[69.5443,35.6987],[69.5371,35.717],[69.5376,35.7266],[69.5354,35.736],[69.532,35.7416],[69.5152,35.753],[69.5054,35.7701],[69.4941,35.7747],[69.4573,35.7817],[69.4333,35.7804],[69.423,35.7844],[69.4197,35.7918],[69.4211,35.8015],[69.4256,35.8111],[69.4242,35.8306],[69.413,35.8533],[69.4022,35.8668],[69.397,35.9155],[69.3936,35.9282],[69.3861,35.9396],[69.3825,35.9487],[69.3813,35.9732],[69.3897,35.9919],[69.4015,36.0058],[69.4163,36.0299],[69.4234,36.0485],[69.4245,36.0614],[69.4217,36.0812],[69.4157,36.0998],[69.4141,36.1117],[69.4116,36.1516],[69.4131,36.1696],[69.416,36.1832],[69.4273,36.2048],[69.4409,36.2496],[69.4701,36.2627],[69.4949,36.2715],[69.5153,36.2862],[69.5225,36.2888],[69.5486,36.2928],[69.5637,36.2968],[69.6075,36.314],[69.6471,36.3341],[69.6662,36.3468],[69.6819,36.3537],[69.6861,36.3468],[69.6816,36.3056],[69.6857,36.2914],[69.6927,36.277],[69.6955,36.2605],[69.6985,36.2524],[69.7075,36.2445],[69.716,36.2423],[69.7304,36.2465],[69.7392,36.2464],[69.7737,36.2257],[69.7814,36.2172],[69.7948,36.1935],[69.7978,36.185],[69.7977,36.1782],[69.7946,36.1697],[69.7898,36.1659],[69.7804,36.154],[69.7722,36.1387],[69.7707,36.1245],[69.775,36.107],[69.7861,36.0934],[69.8002,36.083],[69.8144,36.076],[69.8346,36.0689],[69.844,36.0625],[69.8548,36.0497],[69.8731,36.0114],[69.8801,35.9897],[69.8878,35.9742],[69.8994,35.9632],[69.9191,35.9554],[69.9286,35.9486],[69.9371,35.9361],[69.9485,35.9273],[69.9535,35.9212],[69.9727,35.8877],[69.9737,35.8821],[69.9707,35.8609],[69.9742,35.8525],[69.9736,35.8209],[69.9782,35.7887],[69.9726,35.7811],[69.9664,35.7786],[69.9312,35.7844],[69.9258,35.7841],[69.9209,35.7801],[69.9182,35.7684],[69.9173,35.7527],[69.9137,35.7409],[69.91,35.7362],[69.9026,35.7319],[69.8869,35.7307],[69.8626,35.7242],[69.8249,35.7209]]]]}},{"type":"Feature","properties":{"district_id":"af-baghlan-nahrin","name":"Nahrin","country":"AFG","province":"Baghlan"},"geometry":{"type":"MultiPolygon","coordinates":[[[[69.4022,35.8668],[69.3743,35.8595],[69.3464,35.8441],[69.3352,35.8316],[69.3276,35.8177],[69.324,35.8142],[69.3141,35.8126],[69.3011,35.82],[69.2941,35.8201],[69.2728,35.8021],[69.2549,35.794],[69.2322,35.7935],[69.2051,35.801],[69.1905,35.8121],[69.1811,35.8246],[69.1706,35.8303],[69.1622,35.8307],[69.1424,35.8272],[69.1142,35.8352],[69.0944,35.8353],[69.0848,35.8319],[69.0738,35.8249],[69.0664,35.8233],[69.0208,35.8306],[69.0065,35.8428],[68.9868,35.8448],[68.9719,35.8502],[68.9584,35.8478],[68.9331,35.8384],[68.9206,35.8409],[68.9082,35.8472],[68.9016,35.8487],[68.8959,35.8548],[68.8887,35.8722],[68.8719,35.886],[68.8687,35.8908],[68.8736,35.9087],[68.8735,35.9173],[68.8701,35.9276],[68.8594,35.9423],[68.844,35.9583],[68.8368,35.9738],[68.8309,35.9797],[68.8182,35.9879],[68.8075,35.9986],[68.8058,36.003],[68.8069,36.013],[68.8322,36.0246],[68.8546,36.0433],[68.8674,36.0491],[68.8745,36.0544],[68.8785,36.0614],[68.88,36.069],[68.8767,36.1059],[68.8859,36.1309],[68.8919,36.1389],[68.9039,36.1493],[68.9202,36.156],[68.9287,36.1613],[68.9394,36.1631],[68.954,36.1608],[68.9712,36.1623],[68.9876,36.1701],[69.0054,36.182],[69.0277,36.182],[69.0441,36.1787],[69.0564,36.1742],[69.0711,36.1651],[69.0742,36.1597],[69.0868,36.1465],[69.0978,36.1405],[69.1076,36.1376],[69.1209,36.1297],[69.1411,36.1102],[69.1573,36.0973],[69.171,36.0943],[69.1904,36.095],[69.1989,36.0967],[69.2235,36.1065],[69.2541,36.1085],[69.2861,36.1203],[69.3214,36.1213],[69.3346,36.1257],[69.347,36.1323],[69.3863,36.1457],[69.4116,36.1516],[69.4157,36.0998],[69.4217,36.0812],[69.4245,36.0614],[69.4234,36.0485],[69.4163,36.0299],[69.4015,36.0058],[69.3897,35.9919],[69.3813,35.9732],[69.3825,35.9487],[69.3861,35.9396],[69.3936,35.9282],[69.397,35.9155],[69.4022,35.8668]]]]}},{"type":"Feature","properties":{"district_id":"af-baghlan-pulikhumri","name":"PuliKhumri","country":"AFG","province":"Baghlan"},"geometry":{"type":"MultiPolygon","coordinates":[[[[68.5227,36.1678],[68.53,36.1631],[68.5437,36.1595],[68.5519,36.1532],[68.5707,36.1437],[68.5764,36.1388],[68.5818,36.1224],[68.5936,36.1118],[68.6085,36.1107],[68.6265,36.1145],[68.6435,36.1104],[68.6681,36.1102],[68.6795,36.1063],[68.7095,36.0815],[68.7191,36.0668],[68.738,36.0466],[68.7478,36.0416],[68.7701,36.0371],[68.7909,36.0285],[68.8001,36.0218],[68.8069,36.013],[68.8058,36.003],[68.8075,35.9986],[68.8182,35.9879],[68.8309,35.9797],[68.8368,35.9738],[68.844,35.9583],[68.8594,35.9423],[68.8701,35.9276],[68.8735,35.9173],[68.8736,35.9087],[68.8687,35.8908],[68.8557,35.8987],[68.833,35.9065],[68.8199,35.9081],[68.7987,35.9068],[68.7302,35.8856],[68.7212,35.88],[68.7093,35.8673],[68.6756,35.8533],[68.6582,35.8517],[68.6421,35.8549],[68.6051,35.8749],[68.5844,35.8816],[68.5676,35.8976],[68.5654,35.9061],[68.5675,35.9124],[68.5734,35.9209],[68.5732,35.9289],[68.5655,35.9358],[68.5464,35.946],[68.5441,35.9559],[68.5373,35.9606],[68.5344,35.9829],[68.5293,35.9901],[68.5205,35.9955],[68.5164,36.0022],[68.5113,36.0061],[68.4763,36.0222],[68.456,36.0272],[68.4331,36.035],[68.4148,36.0464],[68.4032,36.0608],[68.431,36.0737],[68.4643,36.0863],[68.4744,36.0921],[68.4922,36.1102],[68.5168,36.1477],[68.5227,36.1678]]]]}},{"type":"Feature","properties":{"district_id":"af-baghlan-talawabarfak","name":"TalaWaBarfak","country":"AFG","province":"Baghlan"},"geometry":{"type":"MultiPolygon","coordinates":[[[[68.1951,35.6064],[68.2047,35.6107],[68.2124,35.6056],[68.2264,35.6013],[68.2428,35.5922],[68.2702,35.5835],[68.2863,35.5662],[68.2955,35.56],[68.3248,35.5519],[68.3516,35.5419],[68.3643,35.5345],[68.4151,35.5139],[68.4487,35.4966],[68.489,35.4816],[68.528,35.4604],[68.5463,35.4539],[68.561,35.4465],[68.5858,35.4439],[68.6293,35.4432],[68.6714,35.437],[68.7183,35.4265],[68.7452,35.4169],[68.7833,35.3921],[68.8077,35.3693],[68.8165,35.3629],[68.8328,35.3426],[68.8428,35.3168],[68.8453,35.302],[68.8525,35.2772],[68.8292,35.2717],[68.8126,35.2715],[68.8016,35.2651],[68.7715,35.2347],[68.7534,35.2125],[68.7181,35.1921],[68.6983,35.1778],[68.664,35.1472],[68.6549,35.1342],[68.651,35.1312],[68.6425,35.1297],[68.6255,35.1376],[68.6187,35.1384],[68.6123,35.137],[68.6043,35.1275],[68.6033,35.1145],[68.6002,35.1105],[68.5939,35.1076],[68.5674,35.1071],[68.5499,35.0974],[68.5365,35.0851],[68.5201,35.0737],[68.5113,35.0725],[68.4754,35.0777],[68.4343,35.0755],[68.4094,35.0658],[68.3967,35.0637],[68.3234,35.0692],[68.3055,35.0755],[68.2662,35.0755],[68.2545,35.0708],[68.2401,35.0679],[68.2288,35.0612],[68.206,35.0586],[68.1955,35.0552],[68.1813,35.0452],[68.1724,35.0337],[68.1701,35.0278],[68.1588,35.0198],[68.1483,35.0192],[68.1393,35.0225],[68.131,35.0331],[68.1247,35.045],[68.1139,35.0737],[68.1094,35.0807],[68.1087,35.0857],[68.1006,35.0972],[68.0946,35.1125],[68.0738,35.1504],[68.0687,35.1751],[68.0691,35.1897],[68.0727,35.2102],[68.0899,35.2443],[68.096,35.2698],[68.1094,35.2919],[68.1165,35.3148],[68.1182,35.3352],[68.1125,35.3484],[68.111,35.3643],[68.1071,35.3712],[68.0866,35.3876],[68.0811,35.3956],[68.0788,35.4053],[68.0775,35.4242],[68.0694,35.4508],[68.0641,35.4778],[68.0659,35.4906],[68.0782,35.4938],[68.1215,35.5181],[68.1311,35.5262],[68.1446,35.543],[68.1513,35.5587],[68.1622,35.5703],[68.1683,35.5739],[68.1925,35.5998],[68.1951,35.6064]]]]}},{"type":"Feature","properties":{"district_id":"af-balkh-balkh","name":"Balkh","country":"AFG","province":"Balkh"},"geometry":{"type":"MultiPolygon","coordinates":[[[[67.0342,36.9091],[67.0282,36.8953],[67.0187,36.8802],[67.0142,36.8415],[67.0067,36.8241],[67.0038,36.8102],[66.9944,36.7997],[66.9733,36.7662],[66.9663,36.7599],[66.937,36.7447],[66.9256,36.7272],[66.8935,36.6984],[66.8904,36.692],[66.8904,36.6773],[66.8935,36.6703],[66.8936,36.6615],[66.9011,36.6474],[66.9022,36.6355],[66.8918,36.6405],[66.8879,36.6458],[66.8795,36.6517],[66.8364,36.6559],[66.8259,36.659],[66.8169,36.6643],[66.8017,36.6794],[66.7845,36.689],[66.7674,36.7048],[66.7272,36.7234],[66.7305,36.7311],[66.7377,36.7384],[66.7405,36.7481],[66.7397,36.7692],[66.7442,36.7839],[66.7435,36.8132],[66.7458,36.8186],[66.7592,36.8321],[66.7618,36.8444],[66.7615,36.8529],[66.7537,36.8642],[66.7554,36.8735],[66.7624,36.8745],[66.7753,36.8706],[66.7893,36.8701],[66.8089,36.8766],[66.8201,36.8839],[66.8266,36.8851],[66.8354,36.8828],[66.8438,36.8829],[66.8478,36.8873],[66.8418,36.8955],[66.8437,36.905],[66.8539,36.9109],[66.8865,36.9176],[66.9037,36.9156],[66.915,36.9115],[66.9369,36.9079],[66.9473,36.9034],[66.9792,36.8997],[67.0047,36.9015],[67.0214,36.9047],[67.0342,36.9091]]]]}},{"type":"Feature","properties":{"district_id":"af-balkh-charbolak","name":"CharBolak","country":"AFG","province":"Balkh"},"geometry":{"type":"MultiPolygon","coordinates":[[[[66.7554,36.8735],[66.7537,36.8642],[66.7615,36.8529],[66.7618,36.8444],[66.7592,36.8321],[66.7458,36.8186],[66.7435,36.8132],[66.7442,36.7839],[66.7397,36.7692],[66.7405,36.7481],[66.7377,36.7384],[66.7305,36.7311],[66.7272,36.7234],[66.7149,36.7188],[66.6785,36.7103],[66.6621,36.7091],[66.6375,36.7144],[66.6238,36.7217],[66.6047,36.7242],[66.5936,36.7276],[66.5757,36.7243],[66.5553,36.723],[66.544,36.7199],[66.5212,36.7079],[66.4686,36.6875],[66.4704,36.6961],[66.4919,36.7383],[66.5076,36.759],[66.5289,36.7798],[66.5466,36.8018],[66.5518,36.8132],[66.5524,36.8192],[66.538,36.8569],[66.5183,36.8924],[66.4989,36.917],[66.4878,36.9255],[66.4791,36.9352],[66.4716,36.9607],[66.4689,36.987],[66.4791,36.9841],[66.4877,36.9796],[66.4983,36.9708],[66.5137,36.9618],[66.54,36.9574],[66.5652,36.9508],[66.5901,36.938],[66.6219,36.9288],[66.6269,36.9291],[66.6688,36.9192],[66.6926,36.9062],[66.7248,36.8962],[66.7487,36.8768],[66.7554,36.8735]]]]}},{"type":"Feature","properties":{"district_id":"af-balkh-charkint","name":"Charkint","country":"AFG","province":"Balkh"},"geometry":{"type":"MultiPolygon","coordinates":[[[[67.4672,36.3421],[67.4452,36.3411],[67.4068,36.3357],[67.3887,36.3284],[67.373,36.3172],[67.3623,36.2968],[67.3452,36.2479],[67.3358,36.2338],[67.3179,36.1999],[67.3087,36.189],[67.2999,36.182],[67.291,36.1781],[67.1963,36.1568],[67.1828,36.173],[67.1621,36.2066],[67.1302,36.2514],[67.1174,36.2655],[67.1023,36.32],[67.0998,36.3428],[67.0962,36.3508],[67.0872,36.3616],[67.0583,36.3896],[67.0412,36.4142],[67.0356,36.4247],[67.0348,36.4398],[67.04,36.4701],[67.0392,36.4995],[67.0348,36.5179],[67.0517,36.5264],[67.088,36.5319],[67.1071,36.5381],[67.1164,36.5456],[67.12,36.575],[67.1243,36.5845],[67.1301,36.5907],[67.1398,36.5946],[67.1464,36.5949],[67.163,36.5895],[67.1867,36.5745],[67.1933,36.5677],[67.2165,36.5507],[67.2331,36.5327],[67.2395,36.5228],[67.245,36.5202],[67.259,36.5176],[67.2739,36.5208],[67.3037,36.5382],[67.3313,36.5471],[67.3367,36.5509],[67.3475,36.5643],[67.3969,36.5969],[67.4053,36.6002],[67.4345,36.6069],[67.4436,36.6116],[67.4547,36.6146],[67.4771,36.6265],[67.4851,36.6153],[67.4913,36.532],[67.5087,36.4694],[67.51,36.4484],[67.5067,36.4275],[67.4978,36.4078],[67.4945,36.395],[67.4915,36.3915],[67.4783,36.364],[67.4673,36.3494],[67.4672,36.3421]]]]}},{"type":"Feature","properties":{"district_id":"af-balkh-chimtal","name":"Chimtal","country":"AFG","province":"Balkh"},"geometry":{"type":"MultiPolygon","coordinates":[[[[66.7272,36.7234],[66.7674,36.7048],[66.7845,36.689],[66.8017,36.6794],[66.8169,36.6643],[66.8259,36.659],[66.8364,36.6559],[66.8795,36.6517],[66.8879,36.6458],[66.8918,36.6405],[66.9022,36.6355],[66.9061,36.6296],[66.921,36.6226],[66.9334,36.6194],[66.9466,36.6126],[66.9573,36.6011],[66.96,36.5878],[66.9559,36.5899],[66.9485,36.5903],[66.9376,36.5856],[66.9331,36.5771],[66.9303,36.5414],[66.9178,36.5178],[66.9017,36.5037],[66.8912,36.4966],[66.8767,36.4908],[66.8439,36.4826],[66.8235,36.4797],[66.8066,36.473],[66.7953,36.466],[66.7787,36.4521],[66.7677,36.4403],[66.7545,36.4199],[66.7233,36.378],[66.7041,36.3408],[66.6799,36.3027],[66.6596,36.2805],[66.6476,36.27],[66.6382,36.2556],[66.6267,36.2312],[66.6084,36.2072],[66.6044,36.1985],[66.5869,36.181],[66.5577,36.2035],[66.4938,36.2412],[66.4794,36.2516],[66.4749,36.2526],[66.4683,36.2572],[66.4636,36.2655],[66.4655,36.2701],[66.4729,36.2773],[66.4891,36.2858],[66.5014,36.2951],[66.513,36.3093],[66.5213,36.3145],[66.53,36.3225],[66.5402,36.3373],[66.5441,36.3545],[66.541,36.368],[66.5328,36.3913],[66.5338,36.4125],[66.5468,36.4428],[66.5632,36.4679],[66.577,36.496],[66.5845,36.5159],[66.588,36.5488],[66.5921,36.5586],[66.5909,36.5672],[66.5864,36.5712],[66.5773,36.5734],[66.5696,36.5703],[66.5612,36.5704],[66.5311,36.5796],[66.5281,36.5828],[66.5052,36.5919],[66.4879,36.6011],[66.4744,36.6126],[66.4642,36.6297],[66.4587,36.644],[66.46,36.6641],[66.4658,36.6842],[66.4686,36.6875],[66.5212,36.7079],[66.544,36.7199],[66.5553,36.723],[66.5757,36.7243],[66.5936,36.7276],[66.6047,36.7242],[66.6238,36.7217],[66.6375,36.7144],[66.6621,36.7091],[66.6785,36.7103],[66.7149,36.7188],[66.7272,36.7234]]]]}},{"type":"Feature","properties":{"district_id":"af-balkh-dawlatabad","name":"Dawlatabad","country":"AFG","province":"Balkh"},"geometry":{"type":"MultiPolygon","coordinates":[[[[67.0342,36.9091],[67.0214,36.9047],[67.0047,36.9015],[66.9792,36.8997],[66.9473,36.9034],[66.9369,36.9079],[66.915,36.9115],[66.9037,36.9156],[66.8865,36.9176],[66.8539,36.9109],[66.8437,36.905],[66.8418,36.8955],[66.8478,36.8873],[66.8438,36.8829],[66.8354,36.8828],[66.8266,36.8851],[66.8201,36.8839],[66.8089,36.8766],[66.7893,36.8701],[66.7753,36.8706],[66.7624,36.8745],[66.7554,36.8735],[66.7487,36.8768],[66.7248,36.8962],[66.6926,36.9062],[66.6688,36.9192],[66.6269,36.9291],[66.6219,36.9288],[66.5901,36.938],[66.5652,36.9508],[66.54,36.9574],[66.5137,36.9618],[66.4983,36.9708],[66.4877,36.9796],[66.4791,36.9841],[66.4689,36.987],[66.4685,36.9986],[66.4693,37.0049],[66.4772,37.0236],[66.4879,37.0687],[66.4939,37.1092],[66.5011,37.1352],[66.5114,37.1897],[66.5322,37.1828],[66.5597,37.1774],[66.5904,37.174],[66.6207,37.177],[66.6757,37.1878],[66.7292,37.1865],[66.7685,37.1942],[66.7862,37.1941],[66.7987,37.1923],[66.825,37.1925],[66.9308,37.1801],[67.0179,37.1758],[67.0295,37.1717],[67.0394,37.1653],[67.0476,37.1555],[67.0496,37.1378],[67.0573,37.1174],[67.0695,37.1029],[67.0749,37.0817],[67.0715,37.0588],[67.0741,37.0424],[67.0683,37.0155],[67.068,37.004],[67.0589,36.9839],[67.043,36.959],[67.0378,36.9197],[67.0342,36.9091]]]]}},{"type":"Feature","properties":{"district_id":"af-balkh-dihdadi","name":"Dihdadi","country":"AFG","province":"Balkh"},"geometry":{"type":"MultiPolygon","coordinates":[[[[66.9022,36.6355],[66.9011,36.6474],[66.8936,36.6615],[66.8935,36.6703],[66.8904,36.6773],[66.8904,36.692],[66.8935,36.6984],[66.9256,36.7272],[66.937,36.7447],[66.9663,36.7599],[66.9733,36.7662],[66.9789,36.775],[66.9901,36.7701],[67.0029,36.7592],[67.0077,36.7507],[67.0109,36.7394],[67.0172,36.7318],[67.0329,36.7218],[67.0574,36.7139],[67.0632,36.7107],[67.0686,36.7048],[67.0716,36.6959],[67.07,36.6793],[67.0517,36.6332],[67.0536,36.6252],[67.0655,36.6127],[67.074,36.609],[67.0969,36.6053],[67.116,36.6051],[67.1301,36.5907],[67.1243,36.5845],[67.12,36.575],[67.1164,36.5456],[67.1071,36.5381],[67.088,36.5319],[67.0517,36.5264],[67.0348,36.5179],[67.03,36.5374],[67.0153,36.5468],[66.9805,36.562],[66.96,36.5878],[66.9573,36.6011],[66.9466,36.6126],[66.9334,36.6194],[66.921,36.6226],[66.9061,36.6296],[66.9022,36.6355]]]]}},{"type":"Feature","properties":{"district_id":"af-balkh-kaldar","name":"Kaldar","country":"AFG","province":"Balkh"},"geometry":{"type":"MultiPolygon","coordinates":[[[[67.8001,37.0794],[67.7851,37.0693],[67.761,37.0579],[67.7208,37.0429],[67.6822,37.0401],[67.66,37.0431],[67.6452,37.0471],[67.6269,37.0487],[67.6055,37.0478],[67.5463,37.0304],[67.5249,37.0218],[67.4987,37.0147],[67.4904,37.0064],[67.4795,36.9885],[67.472,36.9803],[67.4672,36.97],[67.4642,36.9779],[67.4628,37.0079],[67.4553,37.0213],[67.4475,37.0295],[67.423,37.046],[67.4116,37.0561],[67.3981,37.0723],[67.386,37.0907],[67.3707,37.108],[67.3634,37.1112],[67.3553,37.1124],[67.3278,37.1114],[67.3213,37.1387],[67.3085,37.1593],[67.2904,37.1816],[67.2956,37.1851],[67.3108,37.1899],[67.3194,37.1996],[67.3301,37.2062],[67.3729,37.2146],[67.3949,37.2158],[67.4137,37.2251],[67.449,37.2352],[67.4655,37.2455],[67.4812,37.2599],[67.5049,37.2725],[67.5174,37.2743],[67.5225,37.2734],[67.5403,37.2635],[67.5543,37.2509],[67.5597,37.2331],[67.5641,37.2251],[67.5683,37.2209],[67.5737,37.2193],[67.5815,37.2204],[67.6075,37.2397],[67.6364,37.2489],[67.6489,37.2508],[67.6733,37.2395],[67.6816,37.2325],[67.6924,37.227],[67.7011,37.2264],[67.7275,37.2289],[67.7469,37.2244],[67.7539,37.2211],[67.778,37.2043],[67.788,37.1909],[67.7966,37.1719],[67.7929,37.1559],[67.7921,37.1234],[67.7858,37.1044],[67.7849,37.0936],[67.7868,37.0892],[67.8001,37.0794]]]]}},{"type":"Feature","properties":{"district_id":"af-balkh-khulm","name":"Khulm","country":"AFG","province":"Balkh"},"geometry":{"type":"MultiPolygon","coordinates":[[[[67.4672,36.3421],[67.4673,36.3494],[67.4783,36.364],[67.4915,36.3915],[67.4945,36.395],[67.4978,36.4078],[67.5067,36.4275],[67.51,36.4484],[67.5087,36.4694],[67.4913,36.532],[67.4851,36.6153],[67.4771,36.6265],[67.4643,36.6607],[67.4626,36.7137],[67.4608,36.7238],[67.452,36.7536],[67.4416,36.7708],[67.4408,36.7784],[67.4403,36.7866],[67.4419,36.7934],[67.4463,36.7981],[67.4533,36.8246],[67.4564,36.8483],[67.463,36.8614],[67.4662,36.8795],[67.4672,36.9087],[67.4687,36.9162],[67.477,36.93],[67.4771,36.9422],[67.4672,36.97],[67.472,36.9803],[67.4795,36.9885],[67.4904,37.0064],[67.4987,37.0147],[67.6055,37.0478],[67.6269,37.0487],[67.6452,37.0471],[67.66,37.0431],[67.6822,37.0401],[67.7208,37.0429],[67.761,37.0579],[67.7851,37.0693],[67.8001,37.0794],[67.8127,37.0737],[67.8362,37.0665],[67.8626,37.0644],[67.883,37.0655],[67.8901,37.0647],[67.8959,37.0613],[67.9003,37.0582],[67.9054,37.0498],[67.908,37.0376],[67.9095,37.0152],[67.9114,37.0091],[67.9152,37.0054],[67.9337,36.9935],[67.9509,36.9878],[67.9741,36.9827],[67.9833,36.9788],[67.9934,36.965],[67.9943,36.9556],[68.0016,36.941],[68.0271,36.9304],[68.0397,36.9331],[68.0337,36.9196],[68.0354,36.9146],[68.0425,36.9066],[68.0435,36.8995],[68.0401,36.8802],[68.0414,36.8458],[68.0466,36.8259],[68.0579,36.8093],[68.0684,36.7986],[68.074,36.7873],[68.0855,36.7718],[68.0891,36.7605],[68.09,36.7337],[68.0958,36.7231],[68.1089,36.7073],[68.1128,36.6948],[68.1214,36.6871],[68.1257,36.673],[68.1415,36.663],[68.1599,36.6436],[68.1679,36.6375],[68.2048,36.5954],[68.1813,36.5912],[68.1602,36.5787],[68.1418,36.5742],[68.1348,36.5697],[68.118,36.5635],[68.0973,36.5647],[68.0644,36.5638],[68.0331,36.5672],[68.0197,36.57],[68.0035,36.5768],[67.9797,36.5724],[67.9508,36.5732],[67.9425,36.5765],[67.9318,36.5881],[67.9262,36.5894],[67.903,36.5831],[67.8813,36.5861],[67.8615,36.5835],[67.8261,36.5747],[67.802,36.5639],[67.791,36.5551],[67.7806,36.5379],[67.7763,36.5232],[67.7588,36.494],[67.7535,36.4717],[67.7521,36.4557],[67.7616,36.3568],[67.76,36.3383],[67.7532,36.3185],[67.7434,36.3065],[67.7278,36.2925],[67.7213,36.2837],[67.7062,36.2696],[67.6572,36.2387],[67.6437,36.2333],[67.6361,36.2459],[67.6357,36.2567],[67.6326,36.2616],[67.625,36.2669],[67.6043,36.2728],[67.58,36.2863],[67.5597,36.2951],[67.5369,36.3022],[67.5208,36.3152],[67.503,36.3244],[67.494,36.3325],[67.4771,36.3412],[67.4672,36.3421]]]]}},{"type":"Feature","properties":{"district_id":"af-balkh-kishindih","name":"Kishindih","country":"AFG","province":"Balkh"},"geometry":{"type":"MultiPolygon","coordinates":[[[[67.0516,36.0694],[67.0568,36.0576],[67.0784,36.0343],[67.1107,36.0078],[67.1421,35.9638],[67.1491,35.9578],[67.1559,35.9445],[67.1534,35.9318],[67.137,35.9179],[67.1279,35.8978],[67.1248,35.8811],[67.1181,35.8625],[67.0927,35.8403],[67.0589,35.828],[67.0017,35.8171],[66.9893,35.8116],[66.9834,35.8064],[66.9801,35.7937],[66.9837,35.7671],[66.9831,35.759],[66.9808,35.755],[66.9637,35.7416],[66.9546,35.7377],[66.9395,35.735],[66.9044,35.7203],[66.8641,35.7113],[66.83,35.7069],[66.7989,35.6991],[66.7655,35.6961],[66.7215,35.6831],[66.6973,35.673],[66.6595,35.6497],[66.6396,35.6345],[66.6316,35.6264],[66.6256,35.6172],[66.6138,35.6076],[66.5904,35.6013],[66.5733,35.594],[66.5596,35.5907],[66.5456,35.5907],[66.5395,35.5945],[66.5378,35.6033],[66.5428,35.611],[66.5394,35.6176],[66.5345,35.619],[66.5212,35.6177],[66.5079,35.6192],[66.5017,35.6215],[66.4877,35.6211],[66.4431,35.6039],[66.4334,35.6025],[66.4136,35.6069],[66.4086,35.6165],[66.4146,35.6314],[66.4235,35.6406],[66.4488,35.6537],[66.4853,35.6667],[66.4988,35.6686],[66.5163,35.6733],[66.541,35.6861],[66.5739,35.708],[66.5843,35.7186],[66.5902,35.7316],[66.5966,35.7668],[66.5936,35.7954],[66.5959,35.8138],[66.6024,35.8287],[66.6257,35.8577],[66.6256,35.8824],[66.6442,35.9122],[66.6476,35.9222],[66.6472,35.9353],[66.6409,35.9607],[66.6288,35.98],[66.6096,36.028],[66.6011,36.0552],[66.5929,36.1008],[66.5947,36.1313],[66.5837,36.1594],[66.5839,36.1774],[66.5869,36.181],[66.5992,36.1769],[66.6153,36.1762],[66.6369,36.1652],[66.6553,36.1593],[66.7158,36.1513],[66.7436,36.1534],[66.7958,36.1677],[66.8139,36.1713],[66.8405,36.1698],[66.8896,36.1591],[66.9047,36.1529],[66.9619,36.116],[66.9939,36.1056],[67.0145,36.0948],[67.0315,36.0893],[67.0386,36.0849],[67.0516,36.0694]]]]}},{"type":"Feature","properties":{"district_id":"af-balkh-marmul","name":"Marmul","country":"AFG","province":"Balkh"},"geometry":{"type":"MultiPolygon","coordinates":[[[[67.4771,36.6265],[67.4547,36.6146],[67.4436,36.6116],[67.4345,36.6069],[67.4053,36.6002],[67.3969,36.5969],[67.3475,36.5643],[67.3367,36.5509],[67.3313,36.5471],[67.3037,36.5382],[67.2739,36.5208],[67.259,36.5176],[67.245,36.5202],[67.2395,36.5228],[67.2331,36.5327],[67.2165,36.5507],[67.1933,36.5677],[67.1867,36.5745],[67.163,36.5895],[67.1464,36.5949],[67.1398,36.5946],[67.1301,36.5907],[67.116,36.6051],[67.1488,36.6133],[67.1714,36.6229],[67.1927,36.6277],[67.1993,36.6306],[67.2057,36.6357],[67.2255,36.6684],[67.2504,36.6964],[67.2665,36.7064],[67.2915,36.7136],[67.3086,36.7168],[67.4412,36.7317],[67.4591,36.7312],[67.4626,36.7137],[67.4643,36.6607],[67.4771,36.6265]]]]}},{"type":"Feature","properties":{"district_id":"af-balkh-mazar-i-sharif","name":"Mazar-i-Sharif","country":"AFG","province":"Balkh"},"geometry":{"type":"MultiPolygon","coordinates":[[[[67.07,36.6793],[67.0716,36.6959],[67.0686,36.7048],[67.0632,36.7107],[67.0574,36.7139],[67.0601,36.7183],[67.062,36.7378],[67.0772,36.7533],[67.1044,36.7549],[67.1282,36.7363],[67.1462,36.7137],[67.1505,36.6899],[67.1434,36.671],[67.1236,36.6561],[67.0991,36.6518],[67.07,36.6793]]]]}},{"type":"Feature","properties":{"district_id":"af-balkh-nahrishahi","name":"NahriShahi","country":"AFG","province":"Balkh"},"geometry":{"type":"MultiPolygon","coordinates":[[[[66.9789,36.775],[66.9944,36.7997],[67.0038,36.8102],[67.0067,36.8241],[67.0142,36.8415],[67.0187,36.8802],[67.0282,36.8953],[67.0378,36.9197],[67.043,36.959],[67.0589,36.9839],[67.068,37.004],[67.0683,37.0155],[67.0741,37.0424],[67.0715,37.0588],[67.0749,37.0817],[67.1182,37.0958],[67.1518,37.102],[67.201,37.1058],[67.2365,37.1056],[67.2696,37.1104],[67.2862,37.1105],[67.3027,37.1062],[67.3278,37.1114],[67.3553,37.1124],[67.3634,37.1112],[67.3707,37.108],[67.386,37.0907],[67.3981,37.0723],[67.4116,37.0561],[67.423,37.046],[67.4475,37.0295],[67.4553,37.0213],[67.4628,37.0079],[67.4642,36.9779],[67.4731,36.9562],[67.4771,36.9422],[67.477,36.93],[67.4687,36.9162],[67.4672,36.9087],[67.4662,36.8795],[67.463,36.8614],[67.4564,36.8483],[67.4533,36.8246],[67.4463,36.7981],[67.4419,36.7934],[67.4403,36.7866],[67.4416,36.7708],[67.452,36.7536],[67.4591,36.7312],[67.4412,36.7317],[67.409,36.729],[67.324,36.7176],[67.3086,36.7168],[67.2915,36.7136],[67.2665,36.7064],[67.2504,36.6964],[67.2255,36.6684],[67.2057,36.6357],[67.1993,36.6306],[67.1927,36.6277],[67.1714,36.6229],[67.1488,36.6133],[67.116,36.6051],[67.0969,36.6053],[67.074,36.609],[67.0655,36.6127],[67.0592,36.6184],[67.0536,36.6252],[67.0517,36.6332],[67.058,36.6507],[67.0642,36.6629],[67.07,36.6793],[67.0991,36.6518],[67.1236,36.6561],[67.1434,36.671],[67.1505,36.6899],[67.1462,36.7137],[67.1409,36.7217],[67.1282,36.7363],[67.1044,36.7549],[67.0772,36.7533],[67.062,36.7378],[67.0601,36.7183],[67.0574,36.7139],[67.0329,36.7218],[67.0172,36.7318],[67.0109,36.7394],[67.0077,36.7507],[67.0029,36.7592],[66.9901,36.7701],[66.9789,36.775]]]]}},{"type":"Feature","properties":{"district_id":"af-balkh-sholgara","name":"Sholgara","country":"AFG","province":"Balkh"},"geometry":{"type":"MultiPolygon","coordinates":[[[[67.0348,36.5179],[67.0392,36.4995],[67.04,36.4701],[67.0348,36.4398],[67.0356,36.4247],[67.0412,36.4142],[67.0583,36.3896],[67.0872,36.3616],[67.0962,36.3508],[67.0998,36.3428],[67.1023,36.32],[67.1174,36.2655],[67.1302,36.2514],[67.1621,36.2066],[67.1828,36.173],[67.1963,36.1568],[67.1914,36.155],[67.1754,36.144],[67.1561,36.1415],[67.1473,36.1375],[67.1324,36.1119],[67.1113,36.0938],[67.0851,36.0859],[67.0634,36.0824],[67.0565,36.0775],[67.0516,36.0694],[67.0386,36.0849],[67.0315,36.0893],[67.0145,36.0948],[66.9939,36.1056],[66.9619,36.116],[66.9047,36.1529],[66.8896,36.1591],[66.8405,36.1698],[66.8139,36.1713],[66.7958,36.1677],[66.7436,36.1534],[66.7158,36.1513],[66.6553,36.1593],[66.6369,36.1652],[66.6153,36.1762],[66.5992,36.1769],[66.5869,36.181],[66.6044,36.1985],[66.6084,36.2072],[66.6267,36.2312],[66.6382,36.2556],[66.6476,36.27],[66.6596,36.2805],[66.6799,36.3027],[66.7041,36.3408],[66.7233,36.378],[66.7545,36.4199],[66.7677,36.4403],[66.7787,36.4521],[66.7953,36.466],[66.8066,36.473],[66.8235,36.4797],[66.8439,36.4826],[66.8767,36.4908],[66.8912,36.4966],[66.9017,36.5037],[66.9178,36.5178],[66.9303,36.5414],[66.9331,36.5771],[66.9376,36.5856],[66.9485,36.5903],[66.9559,36.5899],[66.96,36.5878],[66.9805,36.562],[67.0153,36.5468],[67.03,36.5374],[67.0348,36.5179]]]]}},{"type":"Feature","properties":{"district_id":"af-balkh-shortepa","name":"Shortepa","country":"AFG","province":"Balkh"},"geometry":{"type":"MultiPolygon","coordinates":[[[[67.0749,37.0817],[67.0695,37.1029],[67.0573,37.1174],[67.0496,37.1378],[67.0476,37.1555],[67.0394,37.1653],[67.0295,37.1717],[67.0179,37.1758],[66.9308,37.1801],[66.825,37.1925],[66.7685,37.1942],[66.7292,37.1865],[66.6757,37.1878],[66.6207,37.177],[66.5904,37.174],[66.5597,37.1774],[66.5322,37.1828],[66.5114,37.1897],[66.5089,37.2388],[66.5038,37.2542],[66.4963,37.2683],[66.487,37.3354],[66.5245,37.3452],[66.5547,37.3554],[66.5685,37.3565],[66.5935,37.3567],[66.6188,37.3545],[66.6512,37.3586],[66.6829,37.3522],[66.6927,37.3528],[66.7075,37.3584],[66.7221,37.359],[66.7454,37.3563],[66.7698,37.3504],[66.7757,37.3508],[66.8195,37.3635],[66.8389,37.3644],[66.8681,37.361],[66.9071,37.373],[66.9506,37.3889],[66.9907,37.3908],[67.0295,37.3793],[67.0406,37.3741],[67.0538,37.3618],[67.069,37.3505],[67.1058,37.336],[67.1108,37.3315],[67.1145,37.3203],[67.1136,37.3139],[67.1079,37.3037],[67.1068,37.2959],[67.109,37.2896],[67.1166,37.2817],[67.1301,37.2744],[67.1507,37.2666],[67.1579,37.2651],[67.1736,37.2676],[67.1831,37.2621],[67.2038,37.2558],[67.2101,37.2513],[67.2205,37.2344],[67.2366,37.2278],[67.243,37.2179],[67.2428,37.2022],[67.2448,37.1955],[67.2542,37.1864],[67.2642,37.1806],[67.2774,37.1772],[67.2904,37.1816],[67.3085,37.1593],[67.3213,37.1387],[67.3278,37.1114],[67.3027,37.1062],[67.2862,37.1105],[67.2696,37.1104],[67.2365,37.1056],[67.201,37.1058],[67.1518,37.102],[67.1182,37.0958],[67.0749,37.0817]]]]}},{"type":"Feature","properties":{"district_id":"af-bamyan-bamyancity","name":"BamyanCity","country":"AFG","province":"Bamyan"},"geometry":{"type":"MultiPolygon","coordinates":[[[[67.3547,34.8874],[67.3643,34.8809],[67.3742,34.8797],[67.39,34.8847],[67.4133,34.9023],[67.4435,34.9167],[67.4598,34.9297],[67.476,34.9361],[67.5041,34.946],[67.5546,34.9543],[67.6196,34.9707],[67.6335,34.9701],[67.6731,34.9552],[67.6985,34.9481],[67.7332,34.9471],[67.7434,34.9499],[67.7539,34.9553],[67.7794,34.9455],[67.8047,34.9403],[67.8623,34.9383],[67.8862,34.9348],[67.8964,34.9317],[67.9182,34.9203],[67.9868,34.9039],[68.011,34.9033],[68.0399,34.9074],[68.0496,34.9054],[68.0577,34.9009],[68.0595,34.8917],[68.0536,34.8794],[68.0091,34.8221],[67.9901,34.788],[67.9749,34.7756],[67.9666,34.7658],[67.958,34.7418],[67.9523,34.7139],[67.9459,34.6981],[67.9306,34.6729],[67.9265,34.6613],[67.9126,34.6394],[67.9052,34.6235],[67.8891,34.6267],[67.8544,34.6302],[67.8277,34.636],[67.7451,34.658],[67.7206,34.6667],[67.7029,34.6695],[67.6979,34.6689],[67.6692,34.6526],[67.6529,34.6512],[67.5822,34.6597],[67.5554,34.6606],[67.5122,34.6592],[67.4539,34.6628],[67.4173,34.6616],[67.3982,34.6521],[67.3861,34.6494],[67.3561,34.6522],[67.3258,34.6572],[67.3168,34.6649],[67.3088,34.6816],[67.3064,34.7186],[67.3095,34.7397],[67.3133,34.7497],[67.3263,34.7662],[67.3484,34.7824],[67.3541,34.7883],[67.3587,34.7991],[67.3594,34.8063],[67.3524,34.857],[67.3552,34.8764],[67.3547,34.8874]]]]}},{"type":"Feature","properties":{"district_id":"af-bamyan-panjab","name":"Panjab","country":"AFG","province":"Bamyan"},"geometry":{"type":"MultiPolygon","coordinates":[[[[67.3312,34.6557],[67.3861,34.6494],[67.3982,34.6521],[67.4173,34.6616],[67.4539,34.6628],[67.5122,34.6592],[67.5554,34.6606],[67.5822,34.6597],[67.6529,34.6512],[67.6692,34.6526],[67.6615,34.6438],[67.6362,34.5837],[67.6262,34.5562],[67.6205,34.5462],[67.5984,34.5217],[67.5797,34.5109],[67.5452,34.4996],[67.4845,34.4725],[67.4403,34.4572],[67.3977,34.4506],[67.3765,34.4446],[67.3333,34.4288],[67.3223,34.4218],[67.3126,34.4179],[67.3032,34.4108],[67.2981,34.4044],[67.2965,34.3933],[67.2732,34.3903],[67.2464,34.3808],[67.2178,34.3652],[67.1984,34.3594],[67.1449,34.349],[67.1343,34.3455],[67.088,34.3386],[67.0534,34.3383],[67.0099,34.3457],[66.9485,34.3657],[66.9338,34.3666],[66.8695,34.3581],[66.7544,34.361],[66.7302,34.36],[66.7075,34.3539],[66.691,34.3533],[66.6681,34.3557],[66.6445,34.3539],[66.6305,34.3489],[66.6064,34.3361],[66.6014,34.348],[66.5932,34.3578],[66.5569,34.3882],[66.5503,34.3993],[66.5487,34.408],[66.5519,34.4168],[66.5579,34.4234],[66.5915,34.4263],[66.6579,34.4367],[66.6755,34.4432],[66.6956,34.4563],[66.7077,34.4682],[66.7127,34.4772],[66.7168,34.4806],[66.7523,34.5011],[66.7621,34.5086],[66.7821,34.5113],[66.8335,34.531],[66.9218,34.5747],[66.9362,34.5803],[66.9499,34.5835],[67.0042,34.5891],[67.0505,34.5904],[67.0867,34.595],[67.1576,34.586],[67.1994,34.5702],[67.2327,34.5681],[67.248,34.5723],[67.2835,34.5904],[67.307,34.5903],[67.3149,34.5965],[67.3134,34.6278],[67.3159,34.6372],[67.3312,34.6557]]]]}},{"type":"Feature","properties":{"district_id":"af-bamyan-shibar","name":"Shibar","country":"AFG","province":"Bamyan"},"geometry":{"type":"MultiPolygon","coordinates":[[[[67.7539,34.9553],[67.7672,34.9666],[67.7844,35.0005],[67.7956,35.0128],[67.8094,35.0239],[67.8266,35.0283],[67.8636,35.0274],[67.8832,35.0303],[67.8944,35.0351],[67.9231,35.0558],[67.9431,35.0654],[67.9531,35.0735],[67.9725,35.0797],[68.0267,35.0824],[68.069,35.0794],[68.1005,35.0834],[68.1094,35.0807],[68.1139,35.0737],[68.1247,35.045],[68.131,35.0331],[68.1393,35.0225],[68.1483,35.0192],[68.1588,35.0198],[68.1701,35.0278],[68.175,35.0128],[68.1851,34.9998],[68.1932,34.9798],[68.2072,34.9598],[68.2099,34.9536],[68.213,34.9367],[68.2256,34.9164],[68.2437,34.8795],[68.2508,34.8511],[68.2508,34.84],[68.2546,34.8219],[68.2536,34.8048],[68.2483,34.8057],[68.2381,34.8005],[68.2305,34.7908],[68.2256,34.7895],[68.21,34.79],[68.1992,34.7858],[68.1703,34.7655],[68.1428,34.7359],[68.1354,34.7238],[68.1297,34.7055],[68.1119,34.6958],[68.0982,34.6921],[68.0774,34.6688],[68.0751,34.663],[68.0754,34.6574],[68.0867,34.632],[68.0864,34.6255],[68.0829,34.6205],[68.0748,34.6212],[68.0663,34.6247],[68.0607,34.6301],[68.0464,34.6389],[68.041,34.6451],[68.027,34.6525],[68.0171,34.6495],[67.9903,34.6287],[67.9835,34.6123],[67.9776,34.6056],[67.9654,34.6114],[67.9403,34.6108],[67.9052,34.6235],[67.9126,34.6394],[67.9265,34.6613],[67.9306,34.6729],[67.9459,34.6981],[67.9523,34.7139],[67.958,34.7418],[67.9666,34.7658],[67.9749,34.7756],[67.9901,34.788],[68.0091,34.8221],[68.0536,34.8794],[68.0595,34.8917],[68.0577,34.9009],[68.0496,34.9054],[68.0399,34.9074],[68.011,34.9033],[67.9868,34.9039],[67.9182,34.9203],[67.8964,34.9317],[67.8862,34.9348],[67.8623,34.9383],[67.8047,34.9403],[67.7794,34.9455],[67.7539,34.9553]]]]}},{"type":"Feature","properties":{"district_id":"af-bamyan-waras","name":"Waras","country":"AFG","province":"Bamyan"},"geometry":{"type":"MultiPolygon","coordinates":[[[[66.6064,34.3361],[66.6305,34.3489],[66.6445,34.3539],[66.6681,34.3557],[66.691,34.3533],[66.7075,34.3539],[66.7302,34.36],[66.7544,34.361],[66.8695,34.3581],[66.9338,34.3666],[66.9485,34.3657],[67.0099,34.3457],[67.0384,34.3399],[67.0534,34.3383],[67.088,34.3386],[67.1343,34.3455],[67.1449,34.349],[67.1984,34.3594],[67.2178,34.3652],[67.2464,34.3808],[67.2732,34.3903],[67.2965,34.3933],[67.2998,34.3861],[67.306,34.381],[67.3278,34.373],[67.3547,34.3599],[67.3956,34.3532],[67.4086,34.3484],[67.4136,34.3402],[67.4163,34.3207],[67.4189,34.3137],[67.424,34.3106],[67.4291,34.3097],[67.4387,34.312],[67.4509,34.3249],[67.4559,34.3266],[67.4775,34.3286],[67.5007,34.3283],[67.5199,34.3242],[67.5315,34.3154],[67.5663,34.2959],[67.5926,34.2714],[67.6152,34.2413],[67.6115,34.2331],[67.604,34.226],[67.5563,34.2037],[67.451,34.1757],[67.4342,34.1756],[67.4267,34.1737],[67.4209,34.1684],[67.4116,34.1425],[67.4074,34.1382],[67.3735,34.1277],[67.3147,34.1],[67.2819,34.0939],[67.2686,34.0891],[67.2597,34.0814],[67.2528,34.0727],[67.2489,34.0628],[67.2173,34.0305],[67.2049,34.0318],[67.1862,34.0243],[67.1764,34.0256],[67.1721,34.0292],[67.1661,34.0423],[67.1566,34.0446],[67.1342,34.0412],[67.1085,34.0349],[67.0841,34.0266],[67.0577,34.0116],[67.0506,33.9995],[67.0459,33.9852],[67.0415,33.9797],[67.0324,33.9729],[67.0234,33.9693],[67.0121,33.9674],[66.9769,33.9683],[66.9401,33.9776],[66.8919,33.981],[66.8335,33.9979],[66.8044,34.0006],[66.7735,34.0002],[66.7511,33.9973],[66.704,33.9842],[66.6811,33.9819],[66.6664,33.9848],[66.6582,33.9911],[66.654,33.9979],[66.6528,34.0032],[66.6586,34.0167],[66.6691,34.0305],[66.6717,34.0379],[66.6727,34.0555],[66.6703,34.0617],[66.6639,34.0692],[66.6221,34.0946],[66.6064,34.1006],[66.5962,34.1079],[66.5907,34.118],[66.5905,34.1336],[66.6061,34.2003],[66.6058,34.213],[66.6004,34.2329],[66.5888,34.2512],[66.5865,34.2649],[66.5905,34.2816],[66.6,34.3035],[66.6064,34.3361]]]]}},{"type":"Feature","properties":{"district_id":"af-bamyan-yakawlang","name":"Yakawlang","country":"AFG","province":"Bamyan"},"geometry":{"type":"MultiPolygon","coordinates":[[[[67.3959,35.4384],[67.4002,35.41],[67.4081,35.3932],[67.4052,35.3206],[67.4116,35.2981],[67.4113,35.2819],[67.4013,35.2621],[67.3941,35.2563],[67.3625,35.2205],[67.3541,35.2137],[67.3451,35.1916],[67.3395,35.1824],[67.3181,35.1585],[67.3129,35.1406],[67.3071,35.1298],[67.2948,35.1164],[67.2889,35.1019],[67.2895,35.0912],[67.2832,35.071],[67.2832,35.0602],[67.2856,35.0471],[67.2906,35.0357],[67.3029,35.0154],[67.31,35.0086],[67.3144,35.0007],[67.3136,34.9762],[67.3151,34.9714],[67.3321,34.9513],[67.3375,34.9197],[67.3477,34.8965],[67.3547,34.8874],[67.3552,34.8764],[67.3524,34.857],[67.3594,34.8063],[67.3587,34.7991],[67.3541,34.7883],[67.3484,34.7824],[67.3263,34.7662],[67.3133,34.7497],[67.3095,34.7397],[67.3064,34.7186],[67.3088,34.6816],[67.3168,34.6649],[67.3258,34.6572],[67.3312,34.6557],[67.3159,34.6372],[67.3134,34.6278],[67.3149,34.5965],[67.307,34.5903],[67.2835,34.5904],[67.248,34.5723],[67.2327,34.5681],[67.1994,34.5702],[67.1576,34.586],[67.0867,34.595],[67.0505,34.5904],[67.0042,34.5891],[66.9499,34.5835],[66.9218,34.5747],[66.8335,34.531],[66.7821,34.5113],[66.7621,34.5086],[66.7664,34.5169],[66.7645,34.5268],[66.7531,34.5315],[66.7385,34.5292],[66.7313,34.5297],[66.7206,34.533],[66.7155,34.5382],[66.7131,34.5503],[66.7136,34.5564],[66.7184,34.5674],[66.736,34.585],[66.7495,34.596],[66.773,34.6089],[66.7828,34.6169],[66.7865,34.6255],[66.7864,34.6357],[66.7688,34.6579],[66.7479,34.6725],[66.6903,34.6966],[66.6581,34.7012],[66.6521,34.7077],[66.6496,34.721],[66.6444,34.727],[66.6359,34.7314],[66.6261,34.7327],[66.6147,34.732],[66.591,34.7251],[66.5811,34.7273],[66.576,34.7342],[66.5781,34.7436],[66.5958,34.7644],[66.6022,34.7777],[66.6002,34.7873],[66.5951,34.7961],[66.5834,34.8042],[66.5492,34.8205],[66.5267,34.8332],[66.5068,34.8607],[66.4947,34.8733],[66.4628,34.894],[66.4471,34.9113],[66.4327,34.9178],[66.3887,34.9313],[66.407,34.9387],[66.4159,34.9451],[66.4283,34.9583],[66.4319,34.9651],[66.4308,34.9781],[66.4324,34.987],[66.4375,34.9927],[66.4438,34.9958],[66.4509,34.9966],[66.4708,34.9918],[66.4825,34.9911],[66.4946,34.9945],[66.5021,35.0008],[66.5056,35.0074],[66.5083,35.0409],[66.5152,35.0628],[66.5209,35.0898],[66.5206,35.1095],[66.5159,35.1598],[66.5179,35.1678],[66.5229,35.1747],[66.5362,35.1844],[66.5637,35.187],[66.5933,35.1947],[66.6079,35.2037],[66.6373,35.2127],[66.6629,35.2265],[66.6905,35.2463],[66.7055,35.2605],[66.7171,35.2744],[66.7315,35.2957],[66.7369,35.3074],[66.7503,35.3262],[66.7796,35.3525],[66.7901,35.3728],[66.8026,35.3816],[66.8419,35.3937],[66.8562,35.3936],[66.874,35.3905],[66.8993,35.397],[66.9204,35.398],[66.9564,35.3888],[66.9803,35.3802],[67.0232,35.3743],[67.0458,35.3825],[67.0623,35.3831],[67.1094,35.3893],[67.2468,35.4336],[67.2686,35.4369],[67.2947,35.4467],[67.3239,35.4532],[67.3343,35.4528],[67.3499,35.4471],[67.3716,35.4468],[67.3959,35.4384]]]]}},{"type":"Feature","properties":{"district_id":"af-daykundi-daykundi","name":"DayKundi","country":"AFG","province":"Daykundi"},"geometry":{"type":"MultiPolygon","coordinates":[[[[66.5579,34.4234],[66.5519,34.4168],[66.5487,34.408],[66.5503,34.3993],[66.5569,34.3882],[66.5932,34.3578],[66.6014,34.348],[66.6064,34.3361],[66.6,34.3035],[66.5905,34.2816],[66.5865,34.2649],[66.5888,34.2512],[66.6004,34.2329],[66.6058,34.213],[66.6061,34.2003],[66.5905,34.1336],[66.5907,34.118],[66.5962,34.1079],[66.6064,34.1006],[66.6221,34.0946],[66.6639,34.0692],[66.6703,34.0617],[66.6727,34.0555],[66.6717,34.0379],[66.6691,34.0305],[66.6586,34.0167],[66.6528,34.0032],[66.647,33.9979],[66.6385,33.992],[66.628,33.9891],[66.6049,33.9888],[66.5928,33.9844],[66.5825,33.9773],[66.5575,33.9642],[66.5369,33.9464],[66.5181,33.9251],[66.4834,33.9005],[66.4649,33.8736],[66.4573,33.8652],[66.438,33.8507],[66.4129,33.8348],[66.4017,33.8209],[66.3838,33.8078],[66.3791,33.7988],[66.3773,33.7893],[66.3776,33.7813],[66.3809,33.7711],[66.3835,33.7467],[66.3829,33.7271],[66.3649,33.6605],[66.3646,33.6373],[66.3682,33.6179],[66.3753,33.6055],[66.3902,33.5882],[66.4152,33.5654],[66.437,33.5564],[66.4258,33.5393],[66.4198,33.5356],[66.3887,33.5285],[66.363,33.5155],[66.3385,33.4954],[66.3243,33.4861],[66.3105,33.4814],[66.2984,33.4825],[66.2611,33.4969],[66.251,33.5045],[66.2378,33.5249],[66.2342,33.5344],[66.2304,33.5559],[66.2232,33.5726],[66.2051,33.5979],[66.1922,33.6069],[66.1807,33.6106],[66.1669,33.6126],[66.1626,33.6148],[66.1483,33.6307],[66.122,33.6475],[66.1117,33.6569],[66.0815,33.6963],[66.0676,33.7086],[66.0481,33.7211],[66.0206,33.7316],[65.9337,33.7497],[65.9073,33.7336],[65.9003,33.7247],[65.8913,33.7192],[65.8732,33.7157],[65.8669,33.7105],[65.8655,33.703],[65.8671,33.6977],[65.8743,33.6869],[65.8818,33.6809],[65.8842,33.6768],[65.8848,33.6709],[65.8462,33.6275],[65.8391,33.6154],[65.8287,33.6058],[65.8039,33.5939],[65.7847,33.5879],[65.7748,33.5823],[65.7608,33.5861],[65.7451,33.5959],[65.7286,33.6028],[65.7041,33.6061],[65.6748,33.6156],[65.6533,33.6196],[65.6402,33.6192],[65.6066,33.6122],[65.5814,33.6132],[65.5363,33.6095],[65.4963,33.6299],[65.493,33.6333],[65.4925,33.6646],[65.4828,33.6847],[65.4732,33.6984],[65.4679,33.7141],[65.4746,33.743],[65.4842,33.7514],[65.487,33.7566],[65.4871,33.7615],[65.4842,33.7688],[65.4769,33.7733],[65.464,33.7857],[65.4366,33.7968],[65.4298,33.8076],[65.4092,33.8225],[65.402,33.836],[65.3963,33.8566],[65.3957,33.8736],[65.4044,33.8878],[65.4306,33.9115],[65.4329,33.9152],[65.4388,33.9394],[65.4422,33.9465],[65.4511,33.9524],[65.512,33.9589],[65.528,33.9646],[65.534,33.9702],[65.5369,33.9773],[65.5358,33.9864],[65.5271,34.0144],[65.4957,34.0544],[65.4819,34.0752],[65.4739,34.0917],[65.4659,34.1264],[65.4563,34.157],[65.4578,34.1867],[65.4612,34.2002],[65.4669,34.2122],[65.4862,34.2394],[65.4997,34.2509],[65.5151,34.2686],[65.5207,34.2843],[65.52,34.2978],[65.5084,34.3225],[65.5064,34.3345],[65.5074,34.3405],[65.5115,34.3462],[65.5219,34.3515],[65.5327,34.3536],[65.642,34.353],[65.702,34.3472],[65.7277,34.3463],[65.7814,34.3541],[65.8126,34.3531],[65.8912,34.3366],[65.9099,34.3299],[65.9352,34.3181],[65.9578,34.3161],[65.9671,34.3195],[66.0004,34.3423],[66.0213,34.3676],[66.0298,34.3746],[66.0359,34.3771],[66.0469,34.3775],[66.07,34.3665],[66.0869,34.3653],[66.0951,34.3669],[66.1152,34.3795],[66.1236,34.3788],[66.1394,34.3667],[66.1554,34.364],[66.1655,34.3675],[66.1791,34.376],[66.1927,34.382],[66.2334,34.396],[66.2545,34.4066],[66.2678,34.4101],[66.2725,34.41],[66.2829,34.4063],[66.309,34.392],[66.3194,34.3913],[66.327,34.397],[66.3305,34.4148],[66.333,34.4199],[66.3433,34.4254],[66.3697,34.4297],[66.3841,34.4272],[66.4156,34.4133],[66.4217,34.4066],[66.4256,34.3928],[66.432,34.3917],[66.4387,34.3943],[66.446,34.4051],[66.4487,34.418],[66.4515,34.4235],[66.4615,34.4307],[66.4681,34.4322],[66.4786,34.4314],[66.5059,34.42],[66.5579,34.4234]]]]}},{"type":"Feature","properties":{"district_id":"af-daykundi-gizab","name":"Gizab","country":"AFG","province":"Daykundi"},"geometry":{"type":"MultiPolygon","coordinates":[[[[65.7748,33.5823],[65.7847,33.5879],[65.8039,33.5939],[65.8287,33.6058],[65.8391,33.6154],[65.8462,33.6275],[65.8848,33.6709],[65.8842,33.6768],[65.8818,33.6809],[65.8743,33.6869],[65.8671,33.6977],[65.8655,33.703],[65.8669,33.7105],[65.8732,33.7157],[65.8913,33.7192],[65.9003,33.7247],[65.9073,33.7336],[65.9337,33.7497],[66.0206,33.7316],[66.0481,33.7211],[66.0676,33.7086],[66.0815,33.6963],[66.1117,33.6569],[66.122,33.6475],[66.1483,33.6307],[66.1626,33.6148],[66.1669,33.6126],[66.1807,33.6106],[66.1922,33.6069],[66.2051,33.5979],[66.2232,33.5726],[66.2304,33.5559],[66.2342,33.5344],[66.2378,33.5249],[66.251,33.5045],[66.2611,33.4969],[66.2984,33.4825],[66.3105,33.4814],[66.3243,33.4861],[66.3385,33.4954],[66.363,33.5155],[66.3887,33.5285],[66.4198,33.5356],[66.4258,33.5393],[66.437,33.5564],[66.5185,33.5356],[66.5764,33.5276],[66.6264,33.5271],[66.6547,33.5253],[66.7201,33.5177],[66.7291,33.5183],[66.739,33.5246],[66.7431,33.5324],[66.7609,33.5415],[66.7757,33.5527],[66.8009,33.559],[66.8587,33.5832],[66.8744,33.5943],[66.9268,33.6157],[66.9597,33.6173],[66.9773,33.615],[66.9733,33.6063],[66.9669,33.5992],[66.9527,33.5884],[66.9489,33.5823],[66.9461,33.5731],[66.9374,33.5645],[66.9365,33.5549],[66.9383,33.5509],[66.9579,33.5305],[66.9654,33.5203],[66.9674,33.5095],[66.9657,33.5013],[66.9586,33.4942],[66.9396,33.4803],[66.9325,33.4684],[66.9186,33.4545],[66.8973,33.4403],[66.8818,33.4263],[66.8516,33.4089],[66.8334,33.4022],[66.8177,33.3918],[66.7866,33.3817],[66.7759,33.3736],[66.7528,33.3626],[66.7456,33.3542],[66.7419,33.3398],[66.7459,33.3252],[66.7495,33.3207],[66.7413,33.3138],[66.733,33.3093],[66.7112,33.3046],[66.7022,33.3011],[66.6845,33.2891],[66.6393,33.2671],[66.6267,33.2587],[66.6176,33.2547],[66.6079,33.2507],[66.5885,33.2469],[66.5642,33.2388],[66.551,33.2509],[66.5379,33.2679],[66.5093,33.2883],[66.497,33.2993],[66.4856,33.3188],[66.4701,33.3298],[66.4615,33.3331],[66.4333,33.3499],[66.4218,33.349],[66.408,33.3423],[66.3948,33.3335],[66.3754,33.3285],[66.3422,33.3261],[66.3235,33.3205],[66.3075,33.3126],[66.2665,33.2852],[66.2384,33.2731],[66.205,33.2483],[66.1689,33.2326],[66.1427,33.216],[66.1242,33.2114],[66.111,33.2107],[66.091,33.2051],[66.0773,33.1953],[66.0709,33.1863],[66.0633,33.1691],[66.0616,33.1542],[66.0618,33.1189],[66.0585,33.097],[66.049,33.0859],[66.0406,33.0799],[66.0174,33.0745],[65.9993,33.0633],[65.9704,33.0528],[65.9567,33.043],[65.9548,33.0632],[65.9579,33.0877],[65.9723,33.1278],[65.9705,33.1354],[65.9643,33.1458],[65.9567,33.1497],[65.9129,33.1528],[65.9072,33.1543],[65.8618,33.1536],[65.8422,33.1563],[65.8325,33.1609],[65.8301,33.1645],[65.8356,33.2384],[65.8318,33.2784],[65.8339,33.3413],[65.8387,33.3541],[65.8465,33.3628],[65.8529,33.3829],[65.8571,33.3897],[65.8782,33.4042],[65.9065,33.4139],[65.919,33.4229],[65.9288,33.4372],[65.9334,33.458],[65.9328,33.4777],[65.9263,33.4896],[65.9141,33.4977],[65.884,33.5016],[65.8696,33.5055],[65.8029,33.5342],[65.7859,33.5483],[65.7779,33.5586],[65.7743,33.5698],[65.7748,33.5823]]]]}},{"type":"Feature","properties":{"district_id":"af-daykundi-kijran","name":"Kijran","country":"AFG","province":"Daykundi"},"geometry":{"type":"MultiPolygon","coordinates":[[[[65.5363,33.6095],[65.5814,33.6132],[65.6066,33.6122],[65.6402,33.6192],[65.6533,33.6196],[65.6748,33.6156],[65.7041,33.6061],[65.7286,33.6028],[65.7451,33.5959],[65.7608,33.5861],[65.7748,33.5823],[65.7743,33.5698],[65.7779,33.5586],[65.7859,33.5483],[65.8029,33.5342],[65.8696,33.5055],[65.884,33.5016],[65.9141,33.4977],[65.9263,33.4896],[65.9328,33.4777],[65.9334,33.458],[65.9288,33.4372],[65.919,33.4229],[65.9065,33.4139],[65.8782,33.4042],[65.8571,33.3897],[65.8529,33.3829],[65.8465,33.3628],[65.8387,33.3541],[65.8339,33.3413],[65.8318,33.2784],[65.8356,33.2384],[65.8326,33.1886],[65.8297,33.1704],[65.8147,33.1674],[65.8009,33.16],[65.795,33.1533],[65.7785,33.1406],[65.7453,33.1284],[65.6804,33.094],[65.664,33.0896],[65.6589,33.0869],[65.6519,33.0794],[65.6461,33.0773],[65.6354,33.078],[65.6269,33.0827],[65.6095,33.1087],[65.5992,33.1322],[65.5861,33.1386],[65.5477,33.1472],[65.5206,33.1463],[65.4981,33.1519],[65.4862,33.1512],[65.4743,33.146],[65.4601,33.1297],[65.4484,33.1193],[65.443,33.1173],[65.3891,33.1127],[65.3557,33.1123],[65.3362,33.1203],[65.3235,33.1213],[65.3433,33.1779],[65.3553,33.2041],[65.358,33.2268],[65.3513,33.236],[65.3471,33.2383],[65.3222,33.2443],[65.2879,33.2909],[65.2735,33.3163],[65.2613,33.3286],[65.2412,33.3656],[65.2361,33.3712],[65.2463,33.3853],[65.2584,33.3943],[65.2997,33.4069],[65.3296,33.4242],[65.3485,33.4274],[65.3535,33.4309],[65.36,33.4482],[65.365,33.4698],[65.3735,33.4794],[65.3922,33.4937],[65.4569,33.5364],[65.4676,33.5503],[65.4694,33.5566],[65.476,33.5666],[65.481,33.5718],[65.5331,33.5989],[65.5366,33.6034],[65.5363,33.6095]]]]}},{"type":"Feature","properties":{"district_id":"af-daykundi-shahristan","name":"Shahristan","country":"AFG","province":"Daykundi"},"geometry":{"type":"MultiPolygon","coordinates":[[[[66.6528,34.0032],[66.654,33.9979],[66.6582,33.9911],[66.6664,33.9848],[66.6811,33.9819],[66.704,33.9842],[66.7511,33.9973],[66.7735,34.0002],[66.8044,34.0006],[66.8335,33.9979],[66.8919,33.981],[66.9401,33.9776],[66.9769,33.9683],[67.0121,33.9674],[67.0234,33.9693],[67.0324,33.9729],[67.0415,33.9797],[67.0459,33.9852],[67.0506,33.9995],[67.0577,34.0116],[67.0841,34.0266],[67.1085,34.0349],[67.1342,34.0412],[67.1566,34.0446],[67.1661,34.0423],[67.1721,34.0292],[67.1764,34.0256],[67.1862,34.0243],[67.2049,34.0318],[67.2173,34.0305],[67.2183,34.0053],[67.229,33.9874],[67.2497,33.9726],[67.2628,33.9663],[67.2813,33.9508],[67.3053,33.936],[67.3212,33.9286],[67.3316,33.9218],[67.354,33.9117],[67.3755,33.9042],[67.3868,33.8972],[67.4045,33.878],[67.4176,33.8443],[67.4228,33.8244],[67.4225,33.8134],[67.4182,33.8012],[67.4009,33.7845],[67.3681,33.7675],[67.3514,33.7525],[67.3436,33.7418],[67.3232,33.7282],[67.2961,33.7214],[67.2887,33.7231],[67.2366,33.7244],[67.219,33.7222],[67.2092,33.7163],[67.1962,33.6976],[67.1847,33.6892],[67.1575,33.6743],[67.1134,33.6614],[67.0511,33.6323],[67.0231,33.6214],[67.013,33.62],[66.9975,33.6234],[66.9864,33.6205],[66.9773,33.615],[66.9597,33.6173],[66.9268,33.6157],[66.8744,33.5943],[66.8587,33.5832],[66.8009,33.559],[66.7757,33.5527],[66.7609,33.5415],[66.7431,33.5324],[66.739,33.5246],[66.7291,33.5183],[66.7201,33.5177],[66.6547,33.5253],[66.6264,33.5271],[66.5764,33.5276],[66.5185,33.5356],[66.437,33.5564],[66.4152,33.5654],[66.3902,33.5882],[66.3753,33.6055],[66.3682,33.6179],[66.3646,33.6373],[66.3649,33.6605],[66.3829,33.7271],[66.3835,33.7467],[66.3773,33.7893],[66.3791,33.7988],[66.3838,33.8078],[66.4017,33.8209],[66.4129,33.8348],[66.438,33.8507],[66.4573,33.8652],[66.4649,33.8736],[66.4834,33.9005],[66.5181,33.9251],[66.5369,33.9464],[66.5575,33.9642],[66.5825,33.9773],[66.5928,33.9844],[66.6049,33.9888],[66.628,33.9891],[66.6385,33.992],[66.6528,34.0032]]]]}},{"type":"Feature","properties":{"district_id":"af-farah-anardara","name":"AnarDara","country":"AFG","province":"Farah"},"geometry":{"type":"MultiPolygon","coordinates":[[[[61.6727,33.5241],[61.6821,33.5105],[61.6898,33.4882],[61.6937,33.4705],[61.6945,33.455],[61.7036,33.4149],[61.725,33.3396],[61.7424,33.2931],[61.7607,33.2322],[61.7712,33.1764],[61.782,33.1469],[61.79,33.1087],[61.7988,33.082],[61.8111,33.0294],[61.8194,33.0013],[61.8207,32.9744],[61.8158,32.9468],[61.8187,32.9249],[61.8267,32.9043],[61.8283,32.8765],[61.8312,32.8583],[61.8406,32.8338],[61.8619,32.8046],[61.8713,32.795],[61.8812,32.7876],[61.8908,32.7761],[61.9034,32.7667],[61.8935,32.743],[61.8867,32.7366],[61.8775,32.7328],[61.8607,32.7299],[61.8522,32.7317],[61.841,32.7383],[61.8351,32.7384],[61.8314,32.7356],[61.8298,32.7309],[61.8295,32.7075],[61.8355,32.6834],[61.837,32.6679],[61.8372,32.6527],[61.8325,32.6146],[61.8341,32.6041],[61.8458,32.5775],[61.8519,32.5592],[61.8496,32.5428],[61.842,32.524],[61.8055,32.5125],[61.7816,32.5123],[61.7474,32.5177],[61.5895,32.5229],[61.5405,32.5292],[61.5109,32.5356],[61.4497,32.5393],[61.3822,32.5366],[61.3231,32.5429],[61.218,32.5611],[61.1902,32.5626],[61.1653,32.5623],[61.1467,32.5579],[61.0961,32.5558],[61.083,32.5507],[61.0754,32.5498],[61.0537,32.5511],[61.0263,32.5572],[61.0097,32.5577],[60.8915,32.5426],[60.8635,32.5415],[60.8288,32.5431],[60.7806,32.5496],[60.7088,32.7068],[60.6193,33.0043],[60.608,33.0154],[60.5949,33.0333],[60.5841,33.1275],[60.6368,33.2265],[60.8273,33.398],[60.8683,33.4189],[60.8658,33.4595],[60.8536,33.4843],[60.8844,33.5033],[60.9056,33.4988],[60.9301,33.4967],[60.9346,33.5005],[60.9635,33.4983],[60.9951,33.4897],[61.0105,33.4882],[61.0331,33.4915],[61.0687,33.4905],[61.0906,33.4879],[61.122,33.4796],[61.1837,33.467],[61.2058,33.4648],[61.2391,33.4646],[61.3027,33.4714],[61.3617,33.481],[61.3749,33.4814],[61.3897,33.4794],[61.4011,33.4753],[61.4196,33.4723],[61.4465,33.4746],[61.4762,33.4869],[61.5055,33.5033],[61.5167,33.5129],[61.5264,33.5323],[61.5355,33.5411],[61.5489,33.5473],[61.559,33.5484],[61.5823,33.544],[61.6226,33.5285],[61.6312,33.5281],[61.6558,33.5313],[61.6627,33.5294],[61.6727,33.5241]]]]}},{"type":"Feature","properties":{"district_id":"af-farah-bakwa","name":"Bakwa","country":"AFG","province":"Farah"},"geometry":{"type":"MultiPolygon","coordinates":[[[[63.2429,32.2362],[63.1969,32.2294],[63.1824,32.2217],[63.1616,32.2044],[63.1401,32.1933],[63.1187,32.1772],[63.0829,32.1393],[63.0507,32.0885],[63.0303,32.0385],[63.0232,32.0274],[63.0149,32.0199],[63.0083,32.0179],[62.9885,32.0194],[62.9437,32.0343],[62.9134,32.0409],[62.8814,32.0514],[62.7984,32.0666],[62.7691,32.0742],[62.7313,32.0788],[62.6984,32.0803],[62.652,32.0851],[62.6494,32.0974],[62.6532,32.1191],[62.6465,32.1579],[62.6388,32.1859],[62.6365,32.2412],[62.6277,32.277],[62.6243,32.3022],[62.6203,32.3146],[62.5888,32.3501],[62.5707,32.379],[62.5663,32.3896],[62.5785,32.3921],[62.5834,32.3946],[62.6076,32.4093],[62.6537,32.4429],[62.6763,32.4527],[62.7162,32.4608],[62.7228,32.4596],[62.7317,32.4525],[62.7435,32.4472],[62.7685,32.4488],[62.7785,32.4556],[62.7851,32.4687],[62.7981,32.4809],[62.8045,32.4832],[62.8174,32.4835],[62.8358,32.4739],[62.8512,32.4686],[62.8842,32.4624],[62.8909,32.458],[62.9104,32.4385],[62.9257,32.434],[62.9413,32.4347],[62.9515,32.437],[62.9748,32.4478],[62.9966,32.4643],[63.0344,32.4877],[63.0979,32.5222],[63.1091,32.5197],[63.1227,32.5208],[63.1658,32.5309],[63.1752,32.535],[63.1816,32.5406],[63.1884,32.544],[63.202,32.5471],[63.2118,32.5524],[63.2189,32.553],[63.2267,32.5485],[63.2299,32.5419],[63.2332,32.5174],[63.2262,32.5059],[63.2261,32.4956],[63.2324,32.4861],[63.2386,32.4813],[63.2463,32.4713],[63.2519,32.4498],[63.2507,32.434],[63.2451,32.4159],[63.2305,32.3836],[63.2276,32.367],[63.2289,32.3525],[63.2265,32.3331],[63.2295,32.3134],[63.2279,32.2958],[63.2237,32.2748],[63.224,32.2639],[63.2299,32.2513],[63.2429,32.2362]]]]}},{"type":"Feature","properties":{"district_id":"af-farah-balabuluk","name":"BalaBuluk","country":"AFG","province":"Farah"},"geometry":{"type":"MultiPolygon","coordinates":[[[[63.0979,32.5222],[63.0344,32.4877],[62.9966,32.4643],[62.9748,32.4478],[62.9515,32.437],[62.9413,32.4347],[62.9257,32.434],[62.9104,32.4385],[62.8909,32.458],[62.8842,32.4624],[62.8512,32.4686],[62.8358,32.4739],[62.8174,32.4835],[62.8045,32.4832],[62.7981,32.4809],[62.7851,32.4687],[62.7785,32.4556],[62.7685,32.4488],[62.7435,32.4472],[62.7317,32.4525],[62.7228,32.4596],[62.7162,32.4608],[62.6763,32.4527],[62.6537,32.4429],[62.6076,32.4093],[62.5834,32.3946],[62.5785,32.3921],[62.5663,32.3896],[62.5621,32.392],[62.5596,32.4007],[62.5514,32.4068],[62.5282,32.4093],[62.5139,32.4166],[62.4988,32.4373],[62.4869,32.462],[62.4846,32.4741],[62.4896,32.4905],[62.4966,32.5025],[62.4977,32.513],[62.4964,32.5196],[62.4926,32.5261],[62.4854,32.5311],[62.4737,32.5327],[62.4339,32.5292],[62.4181,32.5261],[62.4053,32.5263],[62.3938,32.5285],[62.3735,32.5383],[62.3663,32.5457],[62.3541,32.56],[62.3531,32.5644],[62.3466,32.5755],[62.3336,32.5882],[62.3247,32.6016],[62.3237,32.6157],[62.3284,32.63],[62.3272,32.6391],[62.3207,32.6568],[62.3006,32.6992],[62.2953,32.7148],[62.292,32.7559],[62.2889,32.7713],[62.2798,32.7944],[62.2747,32.8207],[62.2641,32.8431],[62.2636,32.8478],[62.3039,32.8602],[62.32,32.8666],[62.3782,32.8984],[62.3896,32.9064],[62.4004,32.9224],[62.4007,32.9417],[62.3978,32.9487],[62.396,32.965],[62.3958,32.9889],[62.4,33.0045],[62.4135,33.0268],[62.4215,33.0345],[62.4388,33.0455],[62.4485,33.05],[62.4816,33.0592],[62.5053,33.0724],[62.5247,33.0779],[62.5858,33.0784],[62.6062,33.0795],[62.6289,33.0832],[62.6525,33.0824],[62.6729,33.0836],[62.6856,33.0872],[62.6999,33.0989],[62.7127,33.1041],[62.7373,33.1192],[62.7488,33.1236],[62.8114,33.1222],[62.8366,33.1175],[62.8627,33.1164],[62.8928,33.1232],[62.9198,33.1355],[62.9593,33.1491],[62.9884,33.1526],[62.9992,33.1555],[63.012,33.1516],[63.0337,33.1392],[63.0511,33.1332],[63.0645,33.1207],[63.0739,33.1158],[63.0854,33.113],[63.1125,33.1117],[63.1301,33.1045],[63.1582,33.0981],[63.1681,33.0913],[63.1702,33.0861],[63.1702,33.0799],[63.1632,33.0554],[63.1622,33.0405],[63.1637,33.0317],[63.1669,33.0252],[63.177,33.0166],[63.1815,33.0081],[63.1853,32.9915],[63.1852,32.9657],[63.1771,32.9249],[63.1711,32.9116],[63.1435,32.8799],[63.1236,32.8319],[63.1036,32.8105],[63.0811,32.7995],[63.0756,32.7937],[63.0664,32.7748],[63.0599,32.7456],[63.0557,32.7346],[63.0439,32.7211],[63.0415,32.7124],[63.0439,32.6918],[63.0592,32.6509],[63.061,32.6307],[63.0589,32.6027],[63.0608,32.5906],[63.0731,32.5719],[63.0808,32.5568],[63.0957,32.5438],[63.0986,32.5353],[63.0979,32.5222]]]]}},{"type":"Feature","properties":{"district_id":"af-farah-farahcity","name":"FarahCity","country":"AFG","province":"Farah"},"geometry":{"type":"MultiPolygon","coordinates":[[[[62.5663,32.3896],[62.5707,32.379],[62.5888,32.3501],[62.6203,32.3146],[62.6243,32.3022],[62.6277,32.277],[62.6365,32.2412],[62.6388,32.1859],[62.6465,32.1579],[62.6532,32.1191],[62.6494,32.0974],[62.652,32.0851],[62.6302,32.0767],[62.595,32.055],[62.5687,32.0435],[62.5112,32.0443],[62.4984,32.0471],[62.4477,32.0506],[62.3071,32.0422],[62.212,32.0415],[62.1095,32.0439],[62.0623,32.0508],[62.0147,32.0523],[61.9664,32.0486],[61.9559,32.0441],[61.9468,32.0364],[61.9402,32.0448],[61.9287,32.0505],[61.915,32.0502],[61.9061,32.0903],[61.9082,32.1089],[61.9158,32.124],[61.9259,32.1305],[61.9378,32.141],[61.9394,32.1687],[61.9113,32.2768],[61.8942,32.3707],[61.9518,32.3914],[62.0045,32.4005],[62.0348,32.4026],[62.1161,32.4029],[62.1793,32.4079],[62.2021,32.4074],[62.2768,32.3994],[62.3748,32.4024],[62.4102,32.4064],[62.4344,32.4064],[62.477,32.4012],[62.4911,32.3979],[62.5621,32.392],[62.5663,32.3896]]]]}},{"type":"Feature","properties":{"district_id":"af-farah-gulistan","name":"Gulistan","country":"AFG","province":"Farah"},"geometry":{"type":"MultiPolygon","coordinates":[[[[63.2429,32.2362],[63.2299,32.2513],[63.224,32.2639],[63.2237,32.2748],[63.2279,32.2958],[63.2295,32.3134],[63.2265,32.3331],[63.2289,32.3525],[63.2276,32.367],[63.2305,32.3836],[63.2451,32.4159],[63.2507,32.434],[63.2519,32.4498],[63.2463,32.4713],[63.2386,32.4813],[63.2324,32.4861],[63.2261,32.4956],[63.2262,32.5059],[63.2332,32.5174],[63.2299,32.5419],[63.2267,32.5485],[63.2189,32.553],[63.2118,32.5524],[63.202,32.5471],[63.1884,32.544],[63.1816,32.5406],[63.1752,32.535],[63.1658,32.5309],[63.1227,32.5208],[63.1091,32.5197],[63.0979,32.5222],[63.0986,32.5353],[63.0957,32.5438],[63.0808,32.5568],[63.0731,32.5719],[63.0608,32.5906],[63.0589,32.6027],[63.061,32.6307],[63.0592,32.6509],[63.0439,32.6918],[63.0415,32.7124],[63.0439,32.7211],[63.0557,32.7346],[63.0599,32.7456],[63.0664,32.7748],[63.0756,32.7937],[63.0811,32.7995],[63.1036,32.8105],[63.1236,32.8319],[63.1435,32.8799],[63.1711,32.9116],[63.1771,32.9249],[63.1852,32.9657],[63.1853,32.9915],[63.1815,33.0081],[63.177,33.0166],[63.1721,33.0204],[63.2215,33.0427],[63.2469,33.0602],[63.2556,33.0638],[63.2631,33.0647],[63.2816,33.0605],[63.3038,33.0653],[63.3127,33.0645],[63.3433,33.047],[63.3689,33.0283],[63.3788,33.023],[63.3885,33.0209],[63.4128,33.0223],[63.4419,33.0331],[63.4605,33.035],[63.497,33.0186],[63.5271,33.0003],[63.5355,32.9984],[63.5636,32.984],[63.574,32.9815],[63.579,32.9786],[63.597,32.9749],[63.6109,32.9776],[63.6425,32.9911],[63.6825,32.9993],[63.6959,33.0078],[63.7044,33.0174],[63.7156,33.023],[63.7227,33.0228],[63.7301,33.0186],[63.7309,33.013],[63.7299,33.0033],[63.7265,32.9978],[63.7238,32.9814],[63.7237,32.9699],[63.7287,32.9565],[63.7382,32.9474],[63.746,32.9437],[63.7806,32.9394],[63.798,32.93],[63.8063,32.9278],[63.8145,32.9279],[63.8248,32.9309],[63.8643,32.9312],[63.8801,32.9333],[63.9165,32.947],[63.9323,32.9551],[63.9752,32.9708],[63.9928,32.973],[64.0031,32.9722],[64.0168,32.9675],[64.0235,32.9617],[64.0349,32.9552],[64.0511,32.9515],[64.061,32.9475],[64.0634,32.9416],[64.063,32.9371],[64.0531,32.9275],[64.0378,32.9205],[64.016,32.902],[64.001,32.8949],[63.9966,32.8887],[64.0006,32.8752],[64.0205,32.8677],[64.0265,32.8542],[64.0395,32.8432],[64.0399,32.8217],[64.0306,32.8046],[64.0286,32.796],[64.0306,32.7842],[64.0386,32.7721],[64.0513,32.7655],[64.0619,32.7634],[64.0746,32.7651],[64.0885,32.7693],[64.1012,32.7697],[64.1263,32.7662],[64.1494,32.76],[64.1658,32.7517],[64.1758,32.7441],[64.1819,32.7362],[64.1832,32.7278],[64.1827,32.7162],[64.1789,32.6984],[64.1814,32.6924],[64.1959,32.6886],[64.2181,32.6941],[64.243,32.6882],[64.2651,32.6891],[64.2764,32.6867],[64.2824,32.6812],[64.2868,32.6718],[64.2898,32.6551],[64.2892,32.6414],[64.2819,32.6332],[64.2693,32.6265],[64.2513,32.6239],[64.2398,32.6195],[64.211,32.5946],[64.1825,32.5596],[64.1318,32.5078],[64.1128,32.4817],[64.1032,32.4729],[64.0955,32.4683],[64.0581,32.464],[64.0401,32.4595],[64.0046,32.4441],[63.901,32.3864],[63.8689,32.3672],[63.8354,32.3426],[63.8026,32.3249],[63.7889,32.3219],[63.7509,32.3205],[63.7305,32.3153],[63.7078,32.3016],[63.6695,32.2715],[63.6462,32.2555],[63.6241,32.2463],[63.585,32.2378],[63.5588,32.2288],[63.5315,32.214],[63.5217,32.2063],[63.4596,32.1997],[63.4434,32.199],[63.4272,32.2024],[63.4051,32.2104],[63.3793,32.2221],[63.3561,32.2288],[63.3277,32.2311],[63.31,32.2307],[63.2881,32.2375],[63.2734,32.2403],[63.263,32.24],[63.2429,32.2362]]]]}},{"type":"Feature","properties":{"district_id":"af-farah-khakisafed","name":"KhakiSafed","country":"AFG","province":"Farah"},"geometry":{"type":"MultiPolygon","coordinates":[[[[61.842,32.524],[61.8496,32.5428],[61.8519,32.5592],[61.8458,32.5775],[61.8341,32.6041],[61.8325,32.6146],[61.8372,32.6527],[61.8355,32.6834],[61.8295,32.7075],[61.8289,32.7194],[61.8314,32.7356],[61.8351,32.7384],[61.841,32.7383],[61.8522,32.7317],[61.8607,32.7299],[61.8775,32.7328],[61.8867,32.7366],[61.8935,32.743],[61.9034,32.7667],[61.9182,32.7606],[61.9395,32.7581],[61.9754,32.7584],[62.021,32.7631],[62.0417,32.7711],[62.0603,32.7887],[62.0742,32.7947],[62.0848,32.7962],[62.1045,32.7952],[62.1159,32.7973],[62.133,32.8039],[62.1616,32.8209],[62.1836,32.8307],[62.2034,32.8365],[62.2636,32.8478],[62.2641,32.8431],[62.2747,32.8207],[62.2798,32.7944],[62.2889,32.7713],[62.292,32.7559],[62.2953,32.7148],[62.3006,32.6992],[62.3207,32.6568],[62.3272,32.6391],[62.3284,32.63],[62.3237,32.6157],[62.3247,32.6016],[62.3336,32.5882],[62.3466,32.5755],[62.3531,32.5644],[62.3541,32.56],[62.3663,32.5457],[62.3339,32.5447],[62.3132,32.5465],[62.2733,32.5571],[62.2375,32.5636],[62.2006,32.5623],[62.113,32.5726],[62.0721,32.5748],[62.0508,32.5681],[62.0176,32.5488],[61.9713,32.5134],[61.9469,32.5133],[61.8825,32.5236],[61.842,32.524]]]]}},{"type":"Feature","properties":{"district_id":"af-farah-lashwajuwayn","name":"LashWaJuwayn","country":"AFG","province":"Farah"},"geometry":{"type":"MultiPolygon","coordinates":[[[[61.915,32.0502],[61.9287,32.0505],[61.9402,32.0448],[61.9468,32.0364],[61.9333,32.0033],[61.9156,31.9724],[61.9121,31.9593],[61.9103,31.9392],[61.9076,31.9284],[61.8895,31.8977],[61.8736,31.8611],[61.8658,31.84],[61.8484,31.7777],[61.8288,31.7332],[61.8097,31.7075],[61.7785,31.6763],[61.756,31.6617],[61.7259,31.65],[61.7024,31.6429],[61.6863,31.635],[61.6781,31.6263],[61.6757,31.6138],[61.6789,31.6076],[61.6925,31.5982],[61.701,31.5901],[61.7047,31.5741],[61.701,31.5606],[61.6956,31.5532],[61.6842,31.5431],[61.6552,31.5293],[61.6499,31.5189],[61.6511,31.5045],[61.6616,31.482],[61.6632,31.4725],[61.6591,31.4438],[61.6512,31.4196],[61.6535,31.4],[61.6483,31.3849],[61.1734,31.4466],[60.8457,31.4869],[60.8306,31.5065],[60.7926,31.6217],[60.7826,31.681],[60.775,31.7425],[60.7772,31.8051],[60.7812,31.8428],[60.8017,31.958],[60.8224,32.0266],[60.8342,32.0486],[60.8782,32.044],[60.904,32.0451],[60.9259,32.0509],[60.9464,32.0515],[60.965,32.0456],[60.9851,32.0461],[61.0028,32.0507],[61.011,32.051],[61.0952,32.0422],[61.1866,32.0423],[61.2375,32.0445],[61.2526,32.0432],[61.2835,32.0488],[61.3678,32.0451],[61.4264,32.0541],[61.4427,32.0518],[61.5013,32.0532],[61.551,32.0635],[61.5761,32.0644],[61.598,32.0617],[61.63,32.0611],[61.6917,32.0553],[61.7435,32.0554],[61.8777,32.0435],[61.915,32.0502]]]]}},{"type":"Feature","properties":{"district_id":"af-farah-purchaman","name":"Purchaman","country":"AFG","province":"Farah"},"geometry":{"type":"MultiPolygon","coordinates":[[[[63.1721,33.0204],[63.1669,33.0252],[63.1637,33.0317],[63.1622,33.0405],[63.1632,33.0554],[63.1702,33.0799],[63.1702,33.0861],[63.1681,33.0913],[63.1582,33.0981],[63.1301,33.1045],[63.1125,33.1117],[63.0854,33.113],[63.0739,33.1158],[63.0645,33.1207],[63.0511,33.1332],[63.0337,33.1392],[63.012,33.1516],[62.9992,33.1555],[63.0161,33.1655],[63.0356,33.1881],[63.0563,33.2208],[63.0714,33.2702],[63.0774,33.2814],[63.0946,33.2991],[63.1147,33.3065],[63.1325,33.3087],[63.1336,33.2993],[63.1399,33.2894],[63.1611,33.2849],[63.1876,33.2849],[63.2059,33.2867],[63.2318,33.2926],[63.2413,33.2968],[63.252,33.3047],[63.2649,33.3112],[63.2842,33.3175],[63.3091,33.3175],[63.3233,33.312],[63.3414,33.3088],[63.3917,33.3155],[63.4496,33.3158],[63.4849,33.3189],[63.5262,33.312],[63.5445,33.3162],[63.5552,33.3228],[63.5751,33.343],[63.6219,33.3789],[63.6592,33.4001],[63.683,33.4046],[63.7171,33.4012],[63.7327,33.4021],[63.74,33.4051],[63.757,33.4159],[63.7683,33.4194],[63.773,33.4193],[63.7769,33.4172],[63.7809,33.4092],[63.788,33.4051],[63.7954,33.4049],[63.823,33.4127],[63.8428,33.4234],[63.8558,33.4348],[63.863,33.4448],[63.8705,33.4643],[63.8808,33.4738],[63.9601,33.5087],[63.9685,33.5104],[63.9771,33.5096],[63.9857,33.5059],[64.0053,33.4931],[64.0257,33.472],[64.0405,33.4645],[64.0565,33.4504],[64.063,33.4404],[64.0667,33.4255],[64.0741,33.4098],[64.0908,33.3901],[64.1089,33.3634],[64.1252,33.3535],[64.1427,33.3477],[64.1708,33.3283],[64.1746,33.3213],[64.1745,33.3135],[64.1718,33.3072],[64.1596,33.2916],[64.1423,33.2553],[64.1407,33.247],[64.1414,33.2414],[64.146,33.2327],[64.1511,33.2271],[64.1818,33.2075],[64.1944,33.1929],[64.222,33.1809],[64.2411,33.1774],[64.2643,33.178],[64.2782,33.1807],[64.2978,33.1874],[64.3042,33.1847],[64.3086,33.1797],[64.3139,33.1791],[64.3279,33.1848],[64.3472,33.1896],[64.3819,33.195],[64.4028,33.1951],[64.4273,33.1894],[64.4341,33.19],[64.4423,33.1932],[64.4491,33.2011],[64.4607,33.229],[64.4724,33.2401],[64.4856,33.2581],[64.4942,33.2747],[64.494,33.2863],[64.4902,33.3062],[64.4919,33.3227],[64.4968,33.3273],[64.5059,33.3314],[64.5283,33.3264],[64.546,33.3195],[64.5551,33.3134],[64.5706,33.2852],[64.5841,33.2705],[64.597,33.2623],[64.604,33.2603],[64.6115,33.2606],[64.6153,33.2647],[64.6192,33.2805],[64.6283,33.29],[64.635,33.2927],[64.6462,33.2916],[64.6703,33.2767],[64.6758,33.2706],[64.6712,33.2609],[64.6713,33.2555],[64.6771,33.2442],[64.6817,33.2389],[64.6891,33.2175],[64.6868,33.2045],[64.6799,33.1908],[64.6805,33.1679],[64.687,33.1538],[64.6953,33.1517],[64.7098,33.1527],[64.7148,33.1487],[64.7129,33.1392],[64.7017,33.1265],[64.6755,33.1126],[64.6396,33.0983],[64.6084,33.0807],[64.5905,33.0629],[64.5728,33.037],[64.56,33.0074],[64.5549,32.9842],[64.5522,32.9577],[64.5468,32.9412],[64.5183,32.9037],[64.5068,32.8953],[64.4926,32.8905],[64.4753,32.8888],[64.4478,32.8714],[64.3737,32.8432],[64.3602,32.832],[64.3511,32.8218],[64.3103,32.7562],[64.3019,32.7488],[64.2841,32.7395],[64.2693,32.7296],[64.2646,32.7166],[64.2651,32.6891],[64.243,32.6882],[64.2181,32.6941],[64.1959,32.6886],[64.1814,32.6924],[64.1789,32.6984],[64.1827,32.7162],[64.1832,32.7278],[64.1819,32.7362],[64.1758,32.7441],[64.1658,32.7517],[64.1494,32.76],[64.1263,32.7662],[64.1012,32.7697],[64.0885,32.7693],[64.0746,32.7651],[64.0619,32.7634],[64.0513,32.7655],[64.0386,32.7721],[64.0306,32.7842],[64.0286,32.796],[64.0306,32.8046],[64.0399,32.8217],[64.0395,32.8432],[64.0265,32.8542],[64.0205,32.8677],[64.0006,32.8752],[63.9966,32.8887],[64.001,32.8949],[64.016,32.902],[64.0378,32.9205],[64.0531,32.9275],[64.063,32.9371],[64.0634,32.9416],[64.061,32.9475],[64.0511,32.9515],[64.0349,32.9552],[64.0235,32.9617],[64.0168,32.9675],[64.0031,32.9722],[63.9928,32.973],[63.9752,32.9708],[63.9323,32.9551],[63.9165,32.947],[63.8801,32.9333],[63.8643,32.9312],[63.8248,32.9309],[63.8145,32.9279],[63.8063,32.9278],[63.798,32.93],[63.7806,32.9394],[63.746,32.9437],[63.7382,32.9474],[63.7287,32.9565],[63.7237,32.9699],[63.7238,32.9814],[63.7265,32.9978],[63.7299,33.0033],[63.7309,33.013],[63.7301,33.0186],[63.7227,33.0228],[63.7156,33.023],[63.7044,33.0174],[63.6959,33.0078],[63.6825,32.9993],[63.6425,32.9911],[63.6109,32.9776],[63.597,32.9749],[63.579,32.9786],[63.574,32.9815],[63.5636,32.984],[63.5355,32.9984],[63.5271,33.0003],[63.497,33.0186],[63.4605,33.035],[63.4419,33.0331],[63.4128,33.0223],[63.3885,33.0209],[63.3788,33.023],[63.3689,33.0283],[63.3433,33.047],[63.3127,33.0645],[63.3038,33.0653],[63.2816,33.0605],[63.2631,33.0647],[63.2556,33.0638],[63.2469,33.0602],[63.2215,33.0427],[63.1721,33.0204]]]]}},{"type":"Feature","properties":{"district_id":"af-farah-pushtrod","name":"PushtRod","country":"AFG","province":"Farah"},"geometry":{"type":"MultiPolygon","coordinates":[[[[62.3663,32.5457],[62.3735,32.5383],[62.3938,32.5285],[62.4053,32.5263],[62.4181,32.5261],[62.4339,32.5292],[62.4737,32.5327],[62.4854,32.5311],[62.4926,32.5261],[62.4964,32.5196],[62.4977,32.513],[62.4966,32.5025],[62.4896,32.4905],[62.4846,32.4741],[62.4869,32.462],[62.4988,32.4373],[62.5139,32.4166],[62.5282,32.4093],[62.5514,32.4068],[62.5596,32.4007],[62.5621,32.392],[62.4911,32.3979],[62.477,32.4012],[62.4344,32.4064],[62.4102,32.4064],[62.3748,32.4024],[62.2768,32.3994],[62.2021,32.4074],[62.1793,32.4079],[62.1161,32.4029],[62.0348,32.4026],[62.0045,32.4005],[61.9518,32.3914],[61.8942,32.3707],[61.8914,32.3923],[61.8935,32.4236],[61.9008,32.4411],[61.9099,32.4568],[61.9302,32.4787],[61.9443,32.4892],[61.9475,32.4934],[61.9713,32.5134],[62.0176,32.5488],[62.0508,32.5681],[62.0721,32.5748],[62.113,32.5726],[62.2006,32.5623],[62.2375,32.5636],[62.2733,32.5571],[62.3132,32.5465],[62.3339,32.5447],[62.3663,32.5457]]]]}},{"type":"Feature","properties":{"district_id":"af-farah-qala-i-kah","name":"Qala-I-Kah","country":"AFG","province":"Farah"},"geometry":{"type":"MultiPolygon","coordinates":[[[[60.7806,32.5496],[60.8288,32.5431],[60.8635,32.5415],[60.8915,32.5426],[61.0097,32.5577],[61.0263,32.5572],[61.0537,32.5511],[61.0754,32.5498],[61.083,32.5507],[61.0961,32.5558],[61.1467,32.5579],[61.1653,32.5623],[61.1902,32.5626],[61.218,32.5611],[61.3231,32.5429],[61.3822,32.5366],[61.4497,32.5393],[61.5109,32.5356],[61.5405,32.5292],[61.5895,32.5229],[61.7474,32.5177],[61.7816,32.5123],[61.8055,32.5125],[61.842,32.524],[61.8825,32.5236],[61.9469,32.5133],[61.9713,32.5134],[61.9475,32.4934],[61.9443,32.4892],[61.9302,32.4787],[61.9099,32.4568],[61.9008,32.4411],[61.8935,32.4236],[61.8914,32.3923],[61.8942,32.3707],[61.9113,32.2768],[61.9394,32.1687],[61.9378,32.141],[61.9259,32.1305],[61.9158,32.124],[61.9082,32.1089],[61.9061,32.0903],[61.915,32.0502],[61.8777,32.0435],[61.7435,32.0554],[61.6917,32.0553],[61.63,32.0611],[61.6306,32.1137],[61.6396,32.1652],[61.6376,32.177],[61.6299,32.1858],[61.6241,32.2095],[61.616,32.2143],[61.6045,32.2155],[61.5895,32.2142],[61.4935,32.2201],[61.4613,32.2172],[61.4092,32.2075],[61.3611,32.2038],[61.3095,32.2027],[61.2171,32.2081],[61.1357,32.2077],[61.0659,32.2129],[61.0267,32.214],[61.0224,32.2127],[60.9955,32.212],[60.935,32.217],[60.9226,32.215],[60.9014,32.2083],[60.8766,32.211],[60.8577,32.2669],[60.8159,32.4724],[60.7806,32.5496]]]]}},{"type":"Feature","properties":{"district_id":"af-farah-shibkoh","name":"ShibKoh","country":"AFG","province":"Farah"},"geometry":{"type":"MultiPolygon","coordinates":[[[[61.63,32.0611],[61.598,32.0617],[61.5761,32.0644],[61.551,32.0635],[61.5013,32.0532],[61.4427,32.0518],[61.4264,32.0541],[61.3678,32.0451],[61.2835,32.0488],[61.2526,32.0432],[61.2375,32.0445],[61.1866,32.0423],[61.0952,32.0422],[61.011,32.051],[61.0028,32.0507],[60.9851,32.0461],[60.965,32.0456],[60.9464,32.0515],[60.9259,32.0509],[60.904,32.0451],[60.8782,32.044],[60.8342,32.0486],[60.8443,32.0674],[60.8802,32.2004],[60.8766,32.211],[60.9014,32.2083],[60.9226,32.215],[60.935,32.217],[60.9955,32.212],[61.0224,32.2127],[61.0267,32.214],[61.0659,32.2129],[61.1357,32.2077],[61.2171,32.2081],[61.3095,32.2027],[61.3611,32.2038],[61.4092,32.2075],[61.4613,32.2172],[61.4935,32.2201],[61.5895,32.2142],[61.6045,32.2155],[61.616,32.2143],[61.6241,32.2095],[61.6299,32.1858],[61.6376,32.177],[61.6396,32.1652],[61.6306,32.1137],[61.63,32.0611]]]]}},{"type":"Feature","properties":{"district_id":"af-faryab-almar","name":"Almar","country":"AFG","province":"Faryab"},"geometry":{"type":"MultiPolygon","coordinates":[[[[63.9057,35.8761],[63.9041,35.9096],[63.8994,35.943],[63.8901,35.9692],[63.8938,35.98],[63.9024,35.9889],[63.9062,35.9953],[63.9056,35.9999],[64.0025,36.0019],[64.0025,36.0321],[64.0619,36.0019],[64.0694,36.0029],[64.0686,36.0099],[64.071,36.021],[64.0701,36.0233],[64.0647,36.023],[64.0598,36.0339],[64.0601,36.0398],[64.0571,36.0548],[64.0571,36.0703],[64.0597,36.0753],[64.0574,36.0806],[64.0572,36.0963],[64.0654,36.1016],[64.081,36.1073],[64.0948,36.1269],[64.1001,36.1262],[64.1067,36.1198],[64.1152,36.1222],[64.1306,36.1359],[64.1342,36.1367],[64.1435,36.1428],[64.1567,36.1463],[64.1591,36.1551],[64.1659,36.1596],[64.1847,36.1577],[64.1972,36.1621],[64.2069,36.1633],[64.2136,36.1622],[64.2361,36.1496],[64.2396,36.1497],[64.2493,36.156],[64.264,36.1592],[64.2682,36.1517],[64.2734,36.1514],[64.2807,36.14],[64.2993,36.1309],[64.3118,36.1286],[64.3281,36.1214],[64.3782,36.09],[64.4304,36.0506],[64.4639,36.0219],[64.4764,36.007],[64.4816,35.9929],[64.4829,35.9767],[64.4858,35.9671],[64.5,35.9443],[64.5103,35.931],[64.5228,35.923],[64.5498,35.9138],[64.5624,35.9073],[64.5723,35.8966],[64.5803,35.8793],[64.5844,35.8652],[64.5828,35.8124],[64.5849,35.7897],[64.5861,35.7793],[64.5933,35.7519],[64.5966,35.7443],[64.5733,35.7557],[64.536,35.7673],[64.5112,35.7711],[64.4861,35.7775],[64.4453,35.7819],[64.4175,35.7811],[64.3938,35.7782],[64.3721,35.7704],[64.3317,35.751],[64.2991,35.7424],[64.2665,35.7371],[64.2449,35.7365],[64.2151,35.738],[64.1988,35.7413],[64.1812,35.7485],[64.1692,35.7539],[64.1572,35.7627],[64.1354,35.7941],[64.1012,35.8166],[64.0983,35.8219],[64.1003,35.8344],[64.0975,35.8443],[64.0839,35.8594],[64.0742,35.8735],[64.0698,35.8774],[64.0604,35.882],[64.041,35.885],[63.9174,35.8783],[63.9057,35.8761]]]]}},{"type":"Feature","properties":{"district_id":"af-faryab-andkhoy","name":"Andkhoy","country":"AFG","province":"Faryab"},"geometry":{"type":"MultiPolygon","coordinates":[[[[65.1833,36.9434],[65.1123,36.9347],[65.0966,36.9306],[65.0701,36.917],[65.0384,36.9057],[65.0222,36.9038],[64.9967,36.9066],[64.9139,36.9241],[64.8891,36.9272],[64.8398,36.9278],[64.8237,36.93],[64.7931,36.9376],[64.7537,37.1116],[64.9764,37.2125],[64.9808,37.1907],[64.9996,37.1692],[65.0064,37.1662],[65.0133,37.1591],[65.0169,37.1472],[65.0216,37.1157],[65.03,37.0862],[65.0449,37.0536],[65.0603,37.0318],[65.0899,37.0011],[65.1211,36.9808],[65.1419,36.9594],[65.1615,36.9542],[65.1772,36.9476],[65.1833,36.9434]]]]}},{"type":"Feature","properties":{"district_id":"af-faryab-bilchiragh","name":"Bilchiragh","country":"AFG","province":"Faryab"},"geometry":{"type":"MultiPolygon","coordinates":[[[[65.7846,35.891],[65.7959,35.8841],[65.81,35.8698],[65.8343,35.8365],[65.8396,35.8237],[65.841,35.8144],[65.8398,35.8083],[65.8327,35.8033],[65.8226,35.7993],[65.7922,35.7923],[65.7541,35.7892],[65.7294,35.7898],[65.7018,35.7941],[65.6737,35.8025],[65.6526,35.8064],[65.637,35.8048],[65.6308,35.7999],[65.6286,35.7941],[65.6269,35.7782],[65.6339,35.7465],[65.6347,35.7312],[65.632,35.7201],[65.6266,35.7112],[65.6158,35.7032],[65.5982,35.6934],[65.5263,35.6628],[65.5094,35.6504],[65.5021,35.6354],[65.4907,35.627],[65.486,35.6198],[65.4832,35.6096],[65.4817,35.5951],[65.4728,35.5796],[65.4557,35.5647],[65.437,35.5549],[65.4203,35.5424],[65.4157,35.5298],[65.4177,35.5228],[65.4291,35.5116],[65.4307,35.5024],[65.4299,35.4962],[65.4206,35.4867],[65.411,35.4806],[65.4,35.4768],[65.3828,35.4639],[65.3744,35.4417],[65.3087,35.4648],[65.2735,35.4667],[65.2267,35.4784],[65.219,35.4778],[65.2129,35.4735],[65.2079,35.4673],[65.2003,35.4424],[65.1974,35.438],[65.1867,35.4346],[65.1657,35.4356],[65.1461,35.4435],[65.1273,35.456],[65.0804,35.4797],[65.0176,35.4991],[64.9393,35.52],[64.9129,35.5301],[64.9014,35.5381],[64.8978,35.5427],[64.8939,35.5563],[64.8949,35.5693],[64.9122,35.5989],[64.9136,35.6088],[64.9127,35.6196],[64.8975,35.6442],[64.8953,35.6584],[64.9,35.6739],[64.9114,35.6856],[64.935,35.6998],[64.9535,35.7201],[64.9721,35.734],[64.9956,35.7418],[65.0382,35.7429],[65.0597,35.7463],[65.0835,35.7541],[65.0962,35.7612],[65.1087,35.7784],[65.1131,35.7884],[65.1153,35.8036],[65.113,35.852],[65.105,35.8861],[65.1198,35.9085],[65.1056,35.9149],[65.1113,35.9306],[65.1073,35.9388],[65.116,35.9501],[65.1416,35.9532],[65.179,35.9477],[65.1992,35.947],[65.2252,35.9505],[65.2395,35.95],[65.2778,35.9377],[65.33,35.9291],[65.3754,35.9158],[65.3938,35.9165],[65.4229,35.9241],[65.4484,35.9264],[65.4799,35.9367],[65.4913,35.9385],[65.5405,35.9357],[65.5675,35.9361],[65.5969,35.942],[65.6498,35.9677],[65.6667,35.9684],[65.7065,35.9635],[65.7226,35.958],[65.7314,35.9497],[65.7397,35.9368],[65.7438,35.9166],[65.7513,35.9066],[65.7623,35.8999],[65.7706,35.8979],[65.7846,35.891]]]]}},{"type":"Feature","properties":{"district_id":"af-faryab-dawlatabad","name":"Dawlatabad","country":"AFG","province":"Faryab"},"geometry":{"type":"MultiPolygon","coordinates":[[[[65.4115,36.6986],[65.406,36.6823],[65.4024,36.6523],[65.4072,36.6333],[65.4229,36.5998],[65.4461,36.5634],[65.4599,36.5349],[65.464,36.5177],[65.4631,36.4878],[65.455,36.4537],[65.4559,36.4211],[65.4646,36.3997],[65.4826,36.3743],[65.494,36.3618],[65.4954,36.3573],[65.4942,36.353],[65.4867,36.3492],[65.4695,36.3492],[65.4436,36.3522],[65.4224,36.3579],[65.3908,36.3616],[65.3524,36.3507],[65.3377,36.3495],[65.3201,36.352],[65.2653,36.3671],[65.2401,36.3723],[65.2246,36.3729],[65.2016,36.3685],[65.1739,36.3498],[65.1571,36.3517],[65.1342,36.3627],[65.1185,36.3677],[65.0725,36.3643],[65.0615,36.3601],[65.0517,36.3536],[65.0398,36.3428],[65.0285,36.3364],[65.0205,36.3343],[64.9884,36.3344],[64.9571,36.3293],[64.9296,36.3269],[64.9176,36.3275],[64.8866,36.3346],[64.8724,36.3411],[64.86,36.3491],[64.8487,36.3681],[64.8363,36.4358],[64.8312,36.4481],[64.8206,36.4619],[64.8087,36.4653],[64.8008,36.4644],[64.7937,36.4614],[64.7738,36.4457],[64.7423,36.429],[64.7329,36.4219],[64.7124,36.4125],[64.6884,36.4049],[64.6571,36.3912],[64.6271,36.3803],[64.601,36.3763],[64.5905,36.3783],[64.6353,36.4383],[64.6166,36.5801],[64.6208,36.5963],[64.6169,36.6309],[64.6205,36.6375],[64.6351,36.6425],[64.6551,36.6525],[64.666,36.6603],[64.6756,36.67],[64.6905,36.6774],[64.78,36.7016],[64.8172,36.7055],[64.849,36.712],[64.8704,36.7105],[64.9127,36.7019],[64.9581,36.6993],[64.9708,36.6969],[65.0017,36.6967],[65.0305,36.6982],[65.0657,36.7044],[65.1025,36.7159],[65.1176,36.7181],[65.149,36.7191],[65.202,36.7125],[65.2218,36.7121],[65.2479,36.7148],[65.2731,36.7214],[65.2967,36.7232],[65.3125,36.7214],[65.3386,36.7127],[65.3609,36.7109],[65.4023,36.6994],[65.4115,36.6986]]]]}},{"type":"Feature","properties":{"district_id":"af-faryab-khancharbagh","name":"KhanCharBagh","country":"AFG","province":"Faryab"},"geometry":{"type":"MultiPolygon","coordinates":[[[[65.1833,36.9434],[65.1772,36.9476],[65.1615,36.9542],[65.1419,36.9594],[65.1211,36.9808],[65.0899,37.0011],[65.0603,37.0318],[65.0449,37.0536],[65.03,37.0862],[65.0216,37.1157],[65.0169,37.1472],[65.0133,37.1591],[65.0064,37.1662],[64.9996,37.1692],[64.9808,37.1907],[64.9764,37.2125],[64.9904,37.2188],[65.131,37.2472],[65.1884,37.2365],[65.2271,37.2514],[65.2685,37.2336],[65.4926,37.2389],[65.4811,37.2148],[65.4657,37.2012],[65.4557,37.1877],[65.4445,37.1625],[65.4343,37.1493],[65.4245,37.1329],[65.4035,37.1108],[65.3914,37.0925],[65.3856,37.0864],[65.3756,37.0614],[65.3734,37.0477],[65.3638,37.0264],[65.3615,37.0129],[65.3582,37.0056],[65.3436,36.9844],[65.3416,36.9771],[65.3373,36.9291],[65.3043,36.9489],[65.2885,36.9539],[65.2747,36.9553],[65.2545,36.9541],[65.208,36.9449],[65.1833,36.9434]]]]}},{"type":"Feature","properties":{"district_id":"af-faryab-khwajasabzposh","name":"KhwajaSabzPosh","country":"AFG","province":"Faryab"},"geometry":{"type":"MultiPolygon","coordinates":[[[[64.5966,35.7443],[64.5933,35.7519],[64.5861,35.7793],[64.5849,35.7897],[64.5828,35.8124],[64.5844,35.8652],[64.5803,35.8793],[64.5723,35.8966],[64.5624,35.9073],[64.5498,35.9138],[64.5228,35.923],[64.5103,35.931],[64.5,35.9443],[64.4858,35.9671],[64.4829,35.9767],[64.4816,35.9929],[64.4764,36.007],[64.4639,36.0219],[64.4304,36.0506],[64.3782,36.09],[64.4016,36.0922],[64.493,36.1152],[64.5302,36.12],[64.5736,36.1293],[64.5869,36.1294],[64.6438,36.1161],[64.699,36.1104],[64.7785,36.0915],[64.8023,36.0842],[64.8247,36.0816],[64.8294,36.077],[64.8339,36.0647],[64.8502,36.0378],[64.8814,36.0097],[64.8851,36.0043],[64.8885,35.9839],[64.8839,35.9721],[64.8834,35.958],[64.8877,35.9431],[64.8698,35.93],[64.8508,35.9208],[64.7777,35.9042],[64.765,35.8988],[64.7508,35.8866],[64.734,35.8569],[64.7254,35.8458],[64.7181,35.8397],[64.7018,35.8302],[64.6912,35.8204],[64.6694,35.7931],[64.6618,35.7861],[64.6539,35.7732],[64.6463,35.7652],[64.6313,35.7566],[64.5966,35.7443]]]]}},{"type":"Feature","properties":{"district_id":"af-faryab-kohistan","name":"Kohistan","country":"AFG","province":"Faryab"},"geometry":{"type":"MultiPolygon","coordinates":[[[[64.7174,35.2102],[64.6917,35.2103],[64.6504,35.2074],[64.5826,35.2055],[64.543,35.2059],[64.5194,35.2107],[64.4938,35.2229],[64.4803,35.2316],[64.4519,35.2544],[64.446,35.2615],[64.4419,35.2713],[64.4406,35.2893],[64.4473,35.349],[64.4548,35.3912],[64.4632,35.4148],[64.4737,35.4262],[64.4874,35.4294],[64.5238,35.4329],[64.5863,35.4297],[64.6019,35.4308],[64.6163,35.4343],[64.6334,35.4436],[64.6586,35.462],[64.666,35.4693],[64.672,35.459],[64.6772,35.4547],[64.6915,35.4498],[64.7081,35.4492],[64.7423,35.4569],[64.8014,35.4537],[64.8249,35.4577],[64.8481,35.469],[64.8844,35.4774],[64.8937,35.4852],[64.9265,35.5246],[65.0176,35.4991],[65.0804,35.4797],[65.1273,35.456],[65.1461,35.4435],[65.1657,35.4356],[65.1867,35.4346],[65.1974,35.438],[65.2003,35.4424],[65.2079,35.4673],[65.2129,35.4735],[65.219,35.4778],[65.2267,35.4784],[65.2735,35.4667],[65.3087,35.4648],[65.3744,35.4417],[65.3727,35.3901],[65.374,35.3597],[65.376,35.3517],[65.3822,35.3409],[65.3912,35.3329],[65.405,35.3274],[65.4197,35.3184],[65.4285,35.3027],[65.4393,35.2885],[65.4601,35.2684],[65.4703,35.2606],[65.4016,35.2245],[65.3655,35.211],[65.3438,35.2007],[65.3217,35.1988],[65.2976,35.2003],[65.2733,35.1962],[65.2565,35.1973],[65.2429,35.2001],[65.2295,35.207],[65.2114,35.2261],[65.2036,35.2318],[65.1719,35.247],[65.1504,35.2544],[65.1329,35.2637],[65.1151,35.2687],[65.1049,35.2677],[65.0336,35.2428],[64.9997,35.234],[64.9848,35.2323],[64.9303,35.2349],[64.9125,35.2319],[64.8981,35.2323],[64.8539,35.2408],[64.8411,35.2449],[64.8244,35.2467],[64.8065,35.2432],[64.788,35.2342],[64.7792,35.2286],[64.7732,35.2228],[64.7547,35.2135],[64.7174,35.2102]]]]}},{"type":"Feature","properties":{"district_id":"af-faryab-maymana","name":"Maymana","country":"AFG","province":"Faryab"},"geometry":{"type":"MultiPolygon","coordinates":[[[[65.116,35.9501],[65.1073,35.9388],[65.1113,35.9306],[65.1056,35.9149],[65.1198,35.9085],[65.105,35.8861],[65.113,35.852],[65.1141,35.8364],[65.1044,35.8398],[65.0923,35.8413],[65.0521,35.8412],[65.0283,35.8453],[65.002,35.846],[64.9857,35.8479],[64.9621,35.8537],[64.9485,35.8641],[64.9315,35.8985],[64.9192,35.9107],[64.9021,35.9235],[64.8877,35.9431],[64.8834,35.958],[64.8839,35.9721],[64.8885,35.9839],[64.8851,36.0043],[64.8814,36.0097],[64.8502,36.0378],[64.8339,36.0647],[64.8294,36.077],[64.8247,36.0816],[64.8527,36.0841],[64.8877,36.0909],[64.927,36.0919],[64.9609,36.0882],[64.9968,36.0775],[65.0216,36.0683],[65.1384,36.0618],[65.1702,36.0647],[65.1801,36.0669],[65.183,36.0592],[65.1824,36.0519],[65.1787,36.0447],[65.1567,36.0206],[65.143,36.0106],[65.1119,35.994],[65.0989,35.9835],[65.0945,35.9746],[65.0949,35.9669],[65.0995,35.9593],[65.1091,35.9524],[65.116,35.9501]]]]}},{"type":"Feature","properties":{"district_id":"af-faryab-pashtunkot","name":"PashtunKot","country":"AFG","province":"Faryab"},"geometry":{"type":"MultiPolygon","coordinates":[[[[65.1141,35.8364],[65.1153,35.8036],[65.1131,35.7884],[65.1087,35.7784],[65.0962,35.7612],[65.0835,35.7541],[65.0597,35.7463],[65.0382,35.7429],[64.9956,35.7418],[64.9721,35.734],[64.9535,35.7201],[64.935,35.6998],[64.9114,35.6856],[64.9,35.6739],[64.8953,35.6584],[64.8975,35.6442],[64.9127,35.6196],[64.9136,35.6088],[64.9122,35.5989],[64.8949,35.5693],[64.8939,35.5563],[64.8978,35.5427],[64.9014,35.5381],[64.9129,35.5301],[64.9265,35.5246],[64.8937,35.4852],[64.8844,35.4774],[64.8481,35.469],[64.8249,35.4577],[64.8014,35.4537],[64.7423,35.4569],[64.7081,35.4492],[64.6915,35.4498],[64.6772,35.4547],[64.672,35.459],[64.666,35.4693],[64.6708,35.4806],[64.685,35.4984],[64.7225,35.5294],[64.7344,35.5418],[64.7415,35.5522],[64.7451,35.5643],[64.7435,35.5795],[64.7359,35.5917],[64.7108,35.617],[64.6985,35.6335],[64.6893,35.6499],[64.6773,35.6787],[64.677,35.685],[64.6732,35.6944],[64.6653,35.7048],[64.6428,35.7228],[64.6204,35.735],[64.5966,35.7443],[64.6313,35.7566],[64.6463,35.7652],[64.6539,35.7732],[64.6618,35.7861],[64.6694,35.7931],[64.6912,35.8204],[64.7018,35.8302],[64.7181,35.8397],[64.7254,35.8458],[64.734,35.8569],[64.7508,35.8866],[64.765,35.8988],[64.7777,35.9042],[64.8508,35.9208],[64.8698,35.93],[64.8877,35.9431],[64.9021,35.9235],[64.9192,35.9107],[64.9315,35.8985],[64.9485,35.8641],[64.9621,35.8537],[64.9857,35.8479],[65.002,35.846],[65.0283,35.8453],[65.0521,35.8412],[65.0923,35.8413],[65.1044,35.8398],[65.1141,35.8364]]]]}},{"type":"Feature","properties":{"district_id":"af-faryab-qaramqol","name":"QaramQol","country":"AFG","province":"Faryab"},"geometry":{"type":"MultiPolygon","coordinates":[[[[64.7931,36.9376],[64.8237,36.93],[64.8398,36.9278],[64.8891,36.9272],[64.9139,36.9241],[64.9967,36.9066],[65.0222,36.9038],[65.0384,36.9057],[65.0701,36.917],[65.0966,36.9306],[65.1123,36.9347],[65.1833,36.9434],[65.208,36.9449],[65.2545,36.9541],[65.2682,36.9554],[65.2885,36.9539],[65.3043,36.9489],[65.3373,36.9291],[65.3382,36.9137],[65.3476,36.8825],[65.3659,36.8456],[65.395,36.8129],[65.428,36.7836],[65.4386,36.771],[65.4448,36.7584],[65.4428,36.75],[65.4358,36.7333],[65.4264,36.7174],[65.4115,36.6986],[65.4023,36.6994],[65.3609,36.7109],[65.3386,36.7127],[65.3125,36.7214],[65.2967,36.7232],[65.2731,36.7214],[65.2479,36.7148],[65.2218,36.7121],[65.202,36.7125],[65.149,36.7191],[65.1176,36.7181],[65.1025,36.7159],[65.0657,36.7044],[65.0305,36.6982],[65.0017,36.6967],[64.9708,36.6969],[64.9581,36.6993],[64.9127,36.7019],[64.8704,36.7105],[64.849,36.712],[64.8172,36.7055],[64.78,36.7016],[64.6905,36.6774],[64.6756,36.67],[64.666,36.6603],[64.6551,36.6525],[64.6351,36.6425],[64.6205,36.6375],[64.6761,36.7383],[64.7112,36.7982],[64.7961,36.9161],[64.7931,36.9376]]]]}},{"type":"Feature","properties":{"district_id":"af-faryab-qaysar","name":"Qaysar","country":"AFG","province":"Faryab"},"geometry":{"type":"MultiPolygon","coordinates":[[[[64.0238,35.4901],[64.0148,35.4988],[64.0089,35.5095],[64.0074,35.517],[64.01,35.5453],[64.0177,35.5802],[64.0174,35.5994],[64.0088,35.6637],[64.0038,35.6711],[63.9924,35.6782],[63.9257,35.708],[63.9134,35.718],[63.8887,35.732],[63.8832,35.7381],[63.8837,35.751],[63.9032,35.791],[63.9086,35.8114],[63.9092,35.8326],[63.9047,35.8496],[63.9057,35.8761],[63.9174,35.8783],[64.041,35.885],[64.0604,35.882],[64.0698,35.8774],[64.0742,35.8735],[64.0839,35.8594],[64.0975,35.8443],[64.1003,35.8344],[64.0983,35.8219],[64.1012,35.8166],[64.1354,35.7941],[64.1572,35.7627],[64.1692,35.7539],[64.1812,35.7485],[64.1988,35.7413],[64.2151,35.738],[64.2449,35.7365],[64.2665,35.7371],[64.2991,35.7424],[64.3317,35.751],[64.3721,35.7704],[64.3938,35.7782],[64.4175,35.7811],[64.4453,35.7819],[64.4861,35.7775],[64.5112,35.7711],[64.536,35.7673],[64.5733,35.7557],[64.5966,35.7443],[64.6204,35.735],[64.6428,35.7228],[64.6653,35.7048],[64.6732,35.6944],[64.677,35.685],[64.6773,35.6787],[64.6893,35.6499],[64.6985,35.6335],[64.7108,35.617],[64.7359,35.5917],[64.7435,35.5795],[64.7451,35.5643],[64.7415,35.5522],[64.7344,35.5418],[64.7225,35.5294],[64.685,35.4984],[64.6708,35.4806],[64.666,35.4693],[64.6586,35.462],[64.6334,35.4436],[64.6163,35.4343],[64.6019,35.4308],[64.5863,35.4297],[64.5238,35.4329],[64.4874,35.4294],[64.4737,35.4262],[64.4717,35.4329],[64.4659,35.4421],[64.4592,35.4465],[64.4433,35.4447],[64.4328,35.4408],[64.4044,35.4254],[64.3716,35.403],[64.3475,35.3951],[64.3159,35.3907],[64.2948,35.3929],[64.2906,35.3951],[64.2797,35.408],[64.2743,35.4217],[64.2693,35.4502],[64.2628,35.4683],[64.2495,35.4796],[64.2392,35.4833],[64.2261,35.4856],[64.2068,35.4855],[64.1758,35.4829],[64.1422,35.4901],[64.1079,35.4878],[64.077,35.4889],[64.0575,35.4876],[64.0238,35.4901]]]]}},{"type":"Feature","properties":{"district_id":"af-faryab-shirintagab","name":"ShirinTagab","country":"AFG","province":"Faryab"},"geometry":{"type":"MultiPolygon","coordinates":[[[[64.3782,36.09],[64.3281,36.1214],[64.3118,36.1286],[64.2993,36.1309],[64.2807,36.14],[64.2764,36.1476],[64.2832,36.1505],[64.2923,36.1627],[64.2978,36.167],[64.299,36.1768],[64.3061,36.1868],[64.3145,36.2045],[64.3257,36.2045],[64.3396,36.2098],[64.3506,36.2155],[64.354,36.2222],[64.3636,36.2267],[64.4041,36.2296],[64.409,36.2329],[64.4171,36.2335],[64.4284,36.2393],[64.4379,36.2385],[64.4458,36.241],[64.5079,36.2873],[64.521,36.2998],[64.5499,36.3218],[64.5796,36.3491],[64.5905,36.3783],[64.601,36.3763],[64.6271,36.3803],[64.6571,36.3912],[64.6884,36.4049],[64.7124,36.4125],[64.7329,36.4219],[64.7423,36.429],[64.7738,36.4457],[64.7937,36.4614],[64.8008,36.4644],[64.8087,36.4653],[64.8206,36.4619],[64.8312,36.4481],[64.8363,36.4358],[64.8487,36.3681],[64.86,36.3491],[64.8724,36.3411],[64.8866,36.3346],[64.9176,36.3275],[64.9296,36.3269],[64.9571,36.3293],[64.9884,36.3344],[65.0205,36.3343],[65.0285,36.3364],[65.0398,36.3428],[65.0517,36.3536],[65.0615,36.3601],[65.0725,36.3643],[65.1185,36.3677],[65.1342,36.3627],[65.1571,36.3517],[65.1739,36.3498],[65.2016,36.3685],[65.2246,36.3729],[65.2401,36.3723],[65.2653,36.3671],[65.2585,36.3389],[65.256,36.3185],[65.2529,36.3099],[65.2483,36.3033],[65.2237,36.2833],[65.2068,36.2673],[65.1993,36.257],[65.1977,36.2504],[65.2057,36.2249],[65.2016,36.1715],[65.1992,36.1575],[65.1795,36.1064],[65.1775,36.0915],[65.1801,36.0669],[65.1702,36.0647],[65.1384,36.0618],[65.0216,36.0683],[64.9968,36.0775],[64.9609,36.0882],[64.927,36.0919],[64.8877,36.0909],[64.8527,36.0841],[64.8247,36.0816],[64.8023,36.0842],[64.7785,36.0915],[64.699,36.1104],[64.6438,36.1161],[64.5869,36.1294],[64.5809,36.1297],[64.5302,36.12],[64.493,36.1152],[64.4016,36.0922],[64.3782,36.09]]]]}},{"type":"Feature","properties":{"district_id":"af-ghazni-abband","name":"AbBand","country":"AFG","province":"Ghazni"},"geometry":{"type":"MultiPolygon","coordinates":[[[[68.1376,33.0195],[68.1539,33.0155],[68.1691,33.0143],[68.1777,33.0114],[68.1871,33.0035],[68.1917,32.9915],[68.1891,32.9838],[68.1844,32.9781],[68.1542,32.9536],[68.1506,32.9474],[68.1474,32.9342],[68.1478,32.9238],[68.1512,32.9174],[68.1654,32.9052],[68.175,32.9005],[68.2223,32.8905],[68.3158,32.8799],[68.3282,32.8772],[68.3253,32.8713],[68.3181,32.8632],[68.303,32.8507],[68.2918,32.8441],[68.2766,32.8392],[68.2602,32.8288],[68.256,32.8198],[68.2558,32.8117],[68.2588,32.8017],[68.2592,32.7921],[68.2537,32.7805],[68.2475,32.7737],[68.2343,32.7644],[68.1552,32.7255],[68.1395,32.7215],[68.1132,32.7193],[68.0937,32.7223],[68.0698,32.7209],[68.0593,32.7234],[68.0399,32.7328],[68.0119,32.7338],[68.0012,32.7365],[67.9865,32.7441],[67.9673,32.7574],[67.9502,32.7722],[67.9414,32.7772],[67.9183,32.7857],[67.9148,32.7944],[67.9054,32.8074],[67.8956,32.8256],[67.8861,32.8675],[67.8732,32.8898],[67.8703,32.9016],[67.874,32.9223],[67.8879,32.9462],[67.8933,32.9637],[67.8944,32.9897],[67.8876,33.0062],[67.8763,33.0218],[67.8407,33.0583],[67.8175,33.0768],[67.8006,33.0937],[67.8759,33.1128],[67.8931,33.1131],[67.8987,33.1116],[67.913,33.1036],[67.9294,33.0896],[67.9537,33.0754],[67.9657,33.0663],[67.9945,33.052],[68.0211,33.0478],[68.0976,33.0528],[68.1069,33.051],[68.117,33.046],[68.1209,33.0407],[68.122,33.0245],[68.125,33.0195],[68.1309,33.0177],[68.1376,33.0195]]]]}},{"type":"Feature","properties":{"district_id":"af-ghazni-ajristan","name":"Ajristan","country":"AFG","province":"Ghazni"},"geometry":{"type":"MultiPolygon","coordinates":[[[[66.7495,33.3207],[66.7459,33.3252],[66.7419,33.3398],[66.7456,33.3542],[66.7528,33.3626],[66.7759,33.3736],[66.7866,33.3817],[66.8177,33.3918],[66.8334,33.4022],[66.8516,33.4089],[66.8818,33.4263],[66.8973,33.4403],[66.9186,33.4545],[66.9325,33.4684],[66.9396,33.4803],[66.9586,33.4942],[66.9657,33.5013],[66.9674,33.5095],[66.9654,33.5203],[66.9579,33.5305],[66.9383,33.5509],[66.9365,33.5549],[66.9374,33.5645],[66.9461,33.5731],[66.9489,33.5823],[66.9527,33.5884],[66.9669,33.5992],[66.9733,33.6063],[66.9773,33.615],[66.9864,33.6205],[66.9975,33.6234],[67.013,33.62],[67.0231,33.6214],[67.0511,33.6323],[67.1134,33.6614],[67.1575,33.6743],[67.1847,33.6892],[67.1962,33.6976],[67.2092,33.7163],[67.219,33.7222],[67.2366,33.7244],[67.2887,33.7231],[67.2961,33.7214],[67.2912,33.7115],[67.2918,33.6928],[67.3006,33.681],[67.3316,33.673],[67.3795,33.672],[67.4066,33.6689],[67.4227,33.6654],[67.4358,33.6605],[67.4485,33.6525],[67.4574,33.642],[67.4625,33.6297],[67.4607,33.6089],[67.4483,33.5988],[67.4236,33.588],[67.4125,33.5799],[67.4061,33.5721],[67.4012,33.5626],[67.3875,33.5457],[67.3725,33.5367],[67.347,33.528],[67.3345,33.5216],[67.3216,33.5115],[67.3129,33.5024],[67.2924,33.4659],[67.2854,33.4576],[67.2794,33.4472],[67.2451,33.4071],[67.2018,33.3763],[67.1015,33.3124],[67.0883,33.3054],[67.0814,33.3035],[67.0731,33.3084],[67.063,33.3106],[67.0482,33.3103],[66.9994,33.3046],[66.9706,33.2996],[66.9444,33.2885],[66.9244,33.2834],[66.8836,33.2841],[66.8341,33.2783],[66.8212,33.2751],[66.7918,33.263],[66.7723,33.2612],[66.7578,33.2644],[66.753,33.2694],[66.7522,33.2802],[66.7589,33.2957],[66.7593,33.3018],[66.7563,33.3124],[66.7495,33.3207]]]]}},{"type":"Feature","properties":{"district_id":"af-ghazni-andar","name":"Andar","country":"AFG","province":"Ghazni"},"geometry":{"type":"MultiPolygon","coordinates":[[[[68.512,33.4337],[68.5178,33.4299],[68.5285,33.4182],[68.5412,33.3971],[68.5568,33.3781],[68.5878,33.36],[68.5916,33.354],[68.6068,33.34],[68.6168,33.327],[68.6291,33.3151],[68.6319,33.3035],[68.6407,33.2983],[68.6525,33.299],[68.6497,33.2917],[68.6488,33.283],[68.6577,33.2517],[68.6571,33.2424],[68.6537,33.2336],[68.6373,33.2139],[68.6161,33.1993],[68.5989,33.1901],[68.5675,33.1663],[68.5585,33.1614],[68.5542,33.1646],[68.5276,33.1749],[68.5062,33.189],[68.4931,33.1932],[68.4725,33.2081],[68.4616,33.2114],[68.4501,33.2118],[68.4375,33.2145],[68.42,33.2109],[68.4022,33.2132],[68.3923,33.2115],[68.3531,33.1975],[68.3379,33.1978],[68.3326,33.1996],[68.3244,33.2053],[68.2976,33.2333],[68.2947,33.2389],[68.279,33.2562],[68.275,33.2635],[68.2613,33.2801],[68.251,33.2897],[68.236,33.2996],[68.2092,33.3283],[68.2062,33.3397],[68.2059,33.3491],[68.2024,33.3565],[68.1977,33.3602],[68.1965,33.3652],[68.1986,33.3805],[68.202,33.3869],[68.2167,33.4013],[68.2438,33.4116],[68.2658,33.4223],[68.2913,33.4294],[68.3183,33.4394],[68.3362,33.4501],[68.3504,33.4642],[68.353,33.4693],[68.3846,33.4471],[68.4325,33.4244],[68.4496,33.4194],[68.4844,33.4189],[68.4972,33.4215],[68.512,33.4337]]]]}},{"type":"Feature","properties":{"district_id":"af-ghazni-dihyak","name":"Dihyak","country":"AFG","province":"Ghazni"},"geometry":{"type":"MultiPolygon","coordinates":[[[[68.6525,33.299],[68.6407,33.2983],[68.6319,33.3035],[68.6291,33.3151],[68.6168,33.327],[68.6068,33.34],[68.5916,33.354],[68.5878,33.36],[68.5568,33.3781],[68.5412,33.3971],[68.5285,33.4182],[68.5178,33.4299],[68.512,33.4337],[68.5021,33.4501],[68.4982,33.4637],[68.4982,33.478],[68.5048,33.5034],[68.5077,33.5324],[68.5121,33.5474],[68.5166,33.5544],[68.5369,33.57],[68.5609,33.5791],[68.5713,33.5859],[68.5948,33.5946],[68.6144,33.605],[68.6288,33.61],[68.6576,33.6117],[68.6795,33.6036],[68.7094,33.5997],[68.7387,33.5998],[68.7494,33.6014],[68.7597,33.6051],[68.7555,33.5877],[68.7554,33.5643],[68.765,33.5469],[68.7658,33.4992],[68.7692,33.4857],[68.7751,33.4713],[68.7936,33.4414],[68.7925,33.4313],[68.7878,33.426],[68.7713,33.3978],[68.7679,33.3839],[68.7365,33.3671],[68.6667,33.3194],[68.6525,33.299]]]]}},{"type":"Feature","properties":{"district_id":"af-ghazni-gelan","name":"Gelan","country":"AFG","province":"Ghazni"},"geometry":{"type":"MultiPolygon","coordinates":[[[[67.8603,32.7056],[67.865,32.6941],[67.8908,32.6621],[67.9019,32.6379],[67.8909,32.6288],[67.8773,32.5973],[67.8683,32.5811],[67.857,32.5693],[67.8441,32.5601],[67.8117,32.5268],[67.7829,32.5123],[67.7556,32.5017],[67.7327,32.4963],[67.6916,32.4933],[67.6419,32.4934],[67.5833,32.4995],[67.61,32.5245],[67.6542,32.5606],[67.6665,32.5675],[67.687,32.5823],[67.6912,32.5917],[67.6899,32.6005],[67.6804,32.6107],[67.6644,32.6203],[67.6329,32.6306],[67.5955,32.6378],[67.5475,32.6398],[67.498,32.6472],[67.4799,32.6527],[67.4668,32.66],[67.4523,32.6746],[67.4469,32.6832],[67.4429,32.6963],[67.4464,32.7119],[67.4508,32.7204],[67.4666,32.741],[67.4695,32.7672],[67.4653,32.7773],[67.4791,32.7839],[67.4962,32.8025],[67.513,32.8244],[67.5235,32.8346],[67.5318,32.8397],[67.554,32.8452],[67.5889,32.8505],[67.61,32.8622],[67.6205,32.8749],[67.6573,32.8533],[67.6987,32.8192],[67.7882,32.771],[67.8447,32.7229],[67.8603,32.7056]]]]}},{"type":"Feature","properties":{"district_id":"af-ghazni-ghazni","name":"Ghazni","country":"AFG","province":"Ghazni"},"geometry":{"type":"MultiPolygon","coordinates":[[[[68.512,33.4337],[68.4972,33.4215],[68.4844,33.4189],[68.4496,33.4194],[68.4325,33.4244],[68.3846,33.4471],[68.353,33.4693],[68.3558,33.5052],[68.3543,33.5304],[68.3557,33.5409],[68.3656,33.5666],[68.3706,33.5921],[68.3712,33.6073],[68.3672,33.6254],[68.3742,33.631],[68.384,33.6339],[68.4151,33.6289],[68.4826,33.6248],[68.5036,33.629],[68.5447,33.6057],[68.559,33.5876],[68.5713,33.5859],[68.5609,33.5791],[68.5369,33.57],[68.5166,33.5544],[68.5121,33.5474],[68.5077,33.5324],[68.5048,33.5034],[68.4982,33.478],[68.4982,33.4637],[68.5021,33.4501],[68.512,33.4337]]]]}},{"type":"Feature","properties":{"district_id":"af-ghazni-giro","name":"Giro","country":"AFG","province":"Ghazni"},"geometry":{"type":"MultiPolygon","coordinates":[[[[68.3282,32.8772],[68.3158,32.8799],[68.2223,32.8905],[68.175,32.9005],[68.1654,32.9052],[68.1512,32.9174],[68.1478,32.9238],[68.1474,32.9342],[68.1506,32.9474],[68.1542,32.9536],[68.1844,32.9781],[68.1891,32.9838],[68.1917,32.9915],[68.1871,33.0035],[68.1777,33.0114],[68.1691,33.0143],[68.1539,33.0155],[68.1376,33.0195],[68.1455,33.0271],[68.1892,33.0841],[68.2024,33.0942],[68.2241,33.1152],[68.2321,33.1206],[68.2475,33.1426],[68.2687,33.1669],[68.2915,33.1861],[68.3089,33.1952],[68.3326,33.1996],[68.3379,33.1978],[68.3531,33.1975],[68.3923,33.2115],[68.4022,33.2132],[68.42,33.2109],[68.4375,33.2145],[68.4501,33.2118],[68.4616,33.2114],[68.4725,33.2081],[68.4931,33.1932],[68.5062,33.189],[68.5276,33.1749],[68.5542,33.1646],[68.5585,33.1614],[68.544,33.154],[68.5352,33.1431],[68.5175,33.1318],[68.5058,33.1221],[68.4947,33.1071],[68.4898,33.0863],[68.4807,33.069],[68.4769,33.0224],[68.4747,33.0123],[68.4675,32.9992],[68.4472,32.9815],[68.4161,32.967],[68.3961,32.9553],[68.3726,32.9305],[68.3552,32.9074],[68.3282,32.8772]]]]}},{"type":"Feature","properties":{"district_id":"af-ghazni-jaghatu","name":"Jaghatu","country":"AFG","province":"Ghazni"},"geometry":{"type":"MultiPolygon","coordinates":[[[[68.353,33.4693],[68.3504,33.4642],[68.3362,33.4501],[68.3183,33.4394],[68.2913,33.4294],[68.2658,33.4223],[68.2438,33.4116],[68.2167,33.4013],[68.202,33.3869],[68.1986,33.3805],[68.1965,33.3652],[68.1706,33.385],[68.1619,33.396],[68.143,33.409],[68.1272,33.4159],[68.1229,33.4153],[68.1147,33.4098],[68.1019,33.3775],[68.0982,33.3727],[68.0922,33.3703],[68.0802,33.3703],[68.041,33.3836],[67.9968,33.4125],[67.9883,33.4153],[67.9832,33.4155],[67.9761,33.4131],[67.9511,33.4024],[67.8807,33.3878],[67.8696,33.387],[67.88,33.3969],[67.8872,33.4135],[67.888,33.4436],[67.8848,33.4521],[67.8784,33.488],[67.8786,33.5084],[67.8821,33.5218],[67.889,33.5296],[67.9031,33.5386],[67.9212,33.5772],[67.9403,33.6018],[67.9596,33.6159],[67.9673,33.6196],[68.0045,33.6309],[68.0223,33.6396],[68.0336,33.6488],[68.0498,33.6665],[68.0636,33.6864],[68.0745,33.6964],[68.0797,33.7033],[68.0682,33.7095],[68.0621,33.7189],[68.0632,33.735],[68.0702,33.7563],[68.0761,33.7672],[68.092,33.7865],[68.1151,33.8028],[68.1379,33.8158],[68.15,33.8213],[68.1896,33.8342],[68.2311,33.8538],[68.2961,33.8911],[68.3099,33.9033],[68.3236,33.922],[68.3322,33.9307],[68.3469,33.9419],[68.3962,33.9634],[68.4203,33.9701],[68.4451,33.9728],[68.4512,33.972],[68.4611,33.9689],[68.482,33.9515],[68.499,33.9442],[68.5159,33.9316],[68.5238,33.9232],[68.5255,33.9115],[68.517,33.882],[68.5038,33.8499],[68.4705,33.7839],[68.4652,33.7647],[68.4639,33.7445],[68.468,33.7143],[68.4845,33.7046],[68.4973,33.702],[68.5114,33.7027],[68.532,33.7002],[68.5171,33.6793],[68.5064,33.6461],[68.5036,33.629],[68.4826,33.6248],[68.4151,33.6289],[68.384,33.6339],[68.3742,33.631],[68.3672,33.6254],[68.3712,33.6073],[68.3706,33.5921],[68.3656,33.5666],[68.3557,33.5409],[68.3543,33.5304],[68.3558,33.5052],[68.353,33.4693]]]]}},{"type":"Feature","properties":{"district_id":"af-ghazni-jaghuri","name":"Jaghuri","country":"AFG","province":"Ghazni"},"geometry":{"type":"MultiPolygon","coordinates":[[[[67.6205,32.8749],[67.61,32.8622],[67.5889,32.8505],[67.554,32.8452],[67.5318,32.8397],[67.5235,32.8346],[67.513,32.8244],[67.4962,32.8025],[67.4791,32.7839],[67.4653,32.7773],[67.418,32.8096],[67.413,32.8177],[67.4133,32.8312],[67.4256,32.8674],[67.4265,32.8806],[67.4258,32.8878],[67.4215,32.8955],[67.4167,32.9127],[67.4188,32.9292],[67.4234,32.9384],[67.4326,32.9499],[67.4352,32.9574],[67.4494,32.9719],[67.4516,32.9847],[67.4481,32.9997],[67.44,33.0084],[67.4204,33.0228],[67.4087,33.0271],[67.4021,33.0282],[67.3918,33.0266],[67.3728,33.0307],[67.3038,33.0292],[67.2794,33.0355],[67.2508,33.0516],[67.2306,33.066],[67.2066,33.0792],[67.202,33.0992],[67.2022,33.1071],[67.2119,33.1416],[67.2372,33.19],[67.242,33.2052],[67.2446,33.2329],[67.2466,33.2388],[67.257,33.2469],[67.2716,33.2521],[67.3156,33.2591],[67.3565,33.2705],[67.3765,33.2782],[67.3994,33.293],[67.4098,33.3025],[67.4207,33.3164],[67.4256,33.333],[67.426,33.3454],[67.4307,33.35],[67.4458,33.3579],[67.471,33.3679],[67.5415,33.392],[67.5611,33.4018],[67.5923,33.4206],[67.6174,33.4085],[67.6376,33.4012],[67.7096,33.3788],[67.7603,33.3606],[67.7536,33.3497],[67.7323,33.3337],[67.7091,33.3087],[67.6819,33.2956],[67.6634,33.2825],[67.6534,33.2731],[67.6445,33.268],[67.6293,33.2476],[67.6272,33.2421],[67.627,33.2314],[67.6485,33.1714],[67.6595,33.1537],[67.664,33.149],[67.632,33.0997],[67.6249,33.0732],[67.6213,33.0445],[67.6213,33.0316],[67.6288,32.9915],[67.6312,32.9162],[67.63,32.9013],[67.6266,32.8887],[67.6205,32.8749]]]]}},{"type":"Feature","properties":{"district_id":"af-ghazni-malistan","name":"Malistan","country":"AFG","province":"Ghazni"},"geometry":{"type":"MultiPolygon","coordinates":[[[[67.0814,33.3035],[67.0883,33.3054],[67.1015,33.3124],[67.2018,33.3763],[67.2451,33.4071],[67.2794,33.4472],[67.2854,33.4576],[67.2924,33.4659],[67.3129,33.5024],[67.3216,33.5115],[67.3345,33.5216],[67.347,33.528],[67.3725,33.5367],[67.3875,33.5457],[67.4012,33.5626],[67.4061,33.5721],[67.4125,33.5799],[67.4236,33.588],[67.4483,33.5988],[67.4607,33.6089],[67.4779,33.5925],[67.4899,33.5852],[67.5301,33.5733],[67.5655,33.5574],[67.5816,33.5442],[67.5926,33.5253],[67.5946,33.5082],[67.5862,33.4742],[67.5783,33.4619],[67.5718,33.4455],[67.5709,33.4394],[67.5724,33.434],[67.5923,33.4206],[67.5611,33.4018],[67.5415,33.392],[67.471,33.3679],[67.4458,33.3579],[67.4307,33.35],[67.426,33.3454],[67.4256,33.333],[67.4207,33.3164],[67.4098,33.3025],[67.3994,33.293],[67.3765,33.2782],[67.3565,33.2705],[67.3156,33.2591],[67.2716,33.2521],[67.257,33.2469],[67.2466,33.2388],[67.2446,33.2329],[67.242,33.2052],[67.2372,33.19],[67.2119,33.1416],[67.2022,33.1071],[67.203,33.0925],[67.2066,33.0792],[67.1945,33.0845],[67.1857,33.0862],[67.1673,33.0842],[67.1475,33.0797],[67.1251,33.0791],[67.1068,33.0844],[67.0868,33.084],[67.0525,33.072],[67.0346,33.0715],[67.0201,33.0776],[67.0071,33.0979],[66.9941,33.1116],[66.9788,33.1206],[66.9492,33.1271],[66.9535,33.1421],[66.9587,33.1477],[66.964,33.1506],[66.969,33.1572],[66.9841,33.1602],[66.9989,33.1597],[67.0045,33.1568],[67.0218,33.1595],[67.038,33.1672],[67.054,33.1851],[67.0829,33.2034],[67.0983,33.2243],[67.102,33.2351],[67.1027,33.2458],[67.1013,33.2542],[67.0955,33.2674],[67.0895,33.2901],[67.0814,33.3035]]]]}},{"type":"Feature","properties":{"district_id":"af-ghazni-muqur","name":"Muqur","country":"AFG","province":"Ghazni"},"geometry":{"type":"MultiPolygon","coordinates":[[[[67.8006,33.0937],[67.8175,33.0768],[67.8407,33.0583],[67.8763,33.0218],[67.8876,33.0062],[67.8944,32.9897],[67.8933,32.9637],[67.8879,32.9462],[67.874,32.9223],[67.8703,32.9016],[67.8732,32.8898],[67.8861,32.8675],[67.8956,32.8256],[67.9054,32.8074],[67.9148,32.7944],[67.9183,32.7857],[67.9097,32.7833],[67.9044,32.7801],[67.894,32.7695],[67.8895,32.7604],[67.885,32.7447],[67.8759,32.7328],[67.8643,32.722],[67.8599,32.7114],[67.8603,32.7056],[67.8447,32.7229],[67.7882,32.771],[67.6987,32.8192],[67.6573,32.8533],[67.6205,32.8749],[67.6266,32.8887],[67.63,32.9013],[67.6312,32.9162],[67.6288,32.9915],[67.6213,33.0316],[67.6213,33.0445],[67.6249,33.0732],[67.632,33.0997],[67.664,33.149],[67.6793,33.1323],[67.7009,33.1165],[67.7472,33.0969],[67.7749,33.0891],[67.7863,33.0893],[67.8006,33.0937]]]]}},{"type":"Feature","properties":{"district_id":"af-ghazni-nawa","name":"Nawa","country":"AFG","province":"Ghazni"},"geometry":{"type":"MultiPolygon","coordinates":[[[[67.5833,32.4995],[67.6419,32.4934],[67.6916,32.4933],[67.7327,32.4963],[67.7556,32.5017],[67.7829,32.5123],[67.8117,32.5268],[67.8441,32.5601],[67.857,32.5693],[67.8683,32.5811],[67.8773,32.5973],[67.8909,32.6288],[67.9019,32.6379],[67.9076,32.6109],[67.9124,32.6029],[67.9404,32.5856],[67.9491,32.5756],[67.9665,32.5658],[67.9815,32.5604],[68.0063,32.5559],[68.0237,32.5457],[68.0378,32.5256],[68.0429,32.5149],[68.0487,32.4957],[68.0654,32.4751],[68.0695,32.4647],[68.0745,32.4359],[68.0949,32.3899],[68.0938,32.3762],[68.0823,32.3521],[68.081,32.3334],[68.0727,32.3133],[68.0724,32.2998],[68.0624,32.2716],[68.0629,32.2505],[68.0668,32.233],[68.0818,32.2043],[68.0868,32.1821],[68.0873,32.1681],[68.0855,32.1498],[68.0792,32.1326],[68.0759,32.1089],[68.0706,32.0965],[68.064,32.0873],[68.0631,32.0763],[67.9523,32.0686],[67.9385,32.0706],[67.9165,32.0764],[67.9078,32.0802],[67.8915,32.0915],[67.8719,32.1123],[67.8494,32.1426],[67.8377,32.1495],[67.8167,32.1479],[67.7864,32.1396],[67.747,32.1377],[67.6959,32.128],[67.6474,32.1226],[67.5865,32.1048],[67.5066,32.0786],[67.4945,32.0768],[67.484,32.0788],[67.4681,32.0859],[67.4542,32.088],[67.3835,32.0841],[67.3762,32.085],[67.3691,32.0919],[67.3544,32.1113],[67.341,32.1236],[67.3355,32.132],[67.3211,32.1432],[67.3094,32.1554],[67.3424,32.1803],[67.3684,32.1942],[67.3759,32.2016],[67.3936,32.209],[67.4118,32.2241],[67.4354,32.2578],[67.4423,32.2727],[67.446,32.2956],[67.4514,32.3073],[67.4629,32.3245],[67.4809,32.3398],[67.5182,32.3799],[67.5393,32.4064],[67.5449,32.4179],[67.5464,32.4429],[67.5496,32.4523],[67.5685,32.4752],[67.5833,32.4995]]]]}},{"type":"Feature","properties":{"district_id":"af-ghazni-nawur","name":"Nawur","country":"AFG","province":"Ghazni"},"geometry":{"type":"MultiPolygon","coordinates":[[[[67.2173,34.0305],[67.2489,34.0628],[67.2528,34.0727],[67.2597,34.0814],[67.2686,34.0891],[67.2819,34.0939],[67.3147,34.1],[67.3735,34.1277],[67.4074,34.1382],[67.4116,34.1425],[67.4209,34.1684],[67.4267,34.1737],[67.4342,34.1756],[67.451,34.1757],[67.5563,34.2037],[67.604,34.226],[67.6115,34.2331],[67.6152,34.2413],[67.627,34.2308],[67.6436,34.222],[67.6688,34.2165],[67.6905,34.2173],[67.7058,34.215],[67.7583,34.2002],[67.7857,34.1854],[67.8114,34.1649],[67.8396,34.1494],[67.8482,34.1485],[67.8571,34.1482],[67.878,34.1581],[67.9363,34.1734],[67.9753,34.1891],[68.0078,34.2051],[68.0537,34.2227],[68.0578,34.2206],[68.0744,34.1856],[68.0851,34.1699],[68.1053,34.1535],[68.1187,34.1451],[68.1337,34.1291],[68.1512,34.1199],[68.1577,34.1131],[68.176,34.1054],[68.1844,34.0968],[68.195,34.0658],[68.1974,34.0577],[68.1922,34.0508],[68.1701,34.0282],[68.1364,33.9994],[68.1321,33.9878],[68.1334,33.9805],[68.1407,33.9704],[68.1589,33.9567],[68.1732,33.952],[68.2014,33.9468],[68.2159,33.942],[68.2292,33.935],[68.2339,33.93],[68.2471,33.8994],[68.2555,33.8916],[68.2653,33.8867],[68.2813,33.8837],[68.2311,33.8538],[68.1896,33.8342],[68.15,33.8213],[68.1379,33.8158],[68.1151,33.8028],[68.092,33.7865],[68.0761,33.7672],[68.0702,33.7563],[68.0632,33.735],[68.0621,33.7189],[68.0682,33.7095],[68.0797,33.7033],[68.0745,33.6964],[68.0636,33.6864],[68.0498,33.6665],[68.0336,33.6488],[68.0223,33.6396],[68.0045,33.6309],[67.9673,33.6196],[67.9596,33.6159],[67.9403,33.6018],[67.9212,33.5772],[67.9031,33.5386],[67.889,33.5296],[67.8821,33.5218],[67.8786,33.5084],[67.8784,33.488],[67.8848,33.4521],[67.888,33.4436],[67.8872,33.4135],[67.88,33.3969],[67.8748,33.391],[67.854,33.3753],[67.8392,33.3505],[67.8297,33.3422],[67.8245,33.3403],[67.8129,33.3408],[67.7976,33.3454],[67.7491,33.3655],[67.7266,33.3717],[67.7096,33.3788],[67.6174,33.4085],[67.5923,33.4206],[67.5724,33.434],[67.5709,33.4394],[67.5718,33.4455],[67.5783,33.4619],[67.5862,33.4742],[67.5946,33.5082],[67.5926,33.5253],[67.5816,33.5442],[67.5655,33.5574],[67.5301,33.5733],[67.4899,33.5852],[67.4779,33.5925],[67.4607,33.6089],[67.4625,33.6297],[67.4574,33.642],[67.4485,33.6525],[67.4358,33.6605],[67.4227,33.6654],[67.4066,33.6689],[67.3795,33.672],[67.3316,33.673],[67.3006,33.681],[67.2918,33.6928],[67.2912,33.7115],[67.2961,33.7214],[67.3232,33.7282],[67.3436,33.7418],[67.3514,33.7525],[67.3681,33.7675],[67.4009,33.7845],[67.4182,33.8012],[67.4225,33.8134],[67.4228,33.8244],[67.4176,33.8443],[67.4045,33.878],[67.3868,33.8972],[67.3755,33.9042],[67.354,33.9117],[67.3316,33.9218],[67.3212,33.9286],[67.3053,33.936],[67.2813,33.9508],[67.2628,33.9663],[67.2497,33.9726],[67.229,33.9874],[67.2183,34.0053],[67.2173,34.0305]]]]}},{"type":"Feature","properties":{"district_id":"af-ghazni-qarabagh","name":"Qarabagh","country":"AFG","province":"Ghazni"},"geometry":{"type":"MultiPolygon","coordinates":[[[[68.1376,33.0195],[68.1309,33.0177],[68.125,33.0195],[68.122,33.0245],[68.1209,33.0407],[68.117,33.046],[68.1069,33.051],[68.0976,33.0528],[68.0211,33.0478],[67.9945,33.052],[67.9657,33.0663],[67.9537,33.0754],[67.9294,33.0896],[67.913,33.1036],[67.8987,33.1116],[67.8931,33.1131],[67.8759,33.1128],[67.7863,33.0893],[67.7749,33.0891],[67.7472,33.0969],[67.7009,33.1165],[67.6793,33.1323],[67.6595,33.1537],[67.6485,33.1714],[67.627,33.2314],[67.6272,33.2421],[67.6293,33.2476],[67.6445,33.268],[67.6534,33.2731],[67.6634,33.2825],[67.6819,33.2956],[67.7091,33.3087],[67.7323,33.3337],[67.7536,33.3497],[67.7603,33.3606],[67.7976,33.3454],[67.8129,33.3408],[67.8245,33.3403],[67.8297,33.3422],[67.8392,33.3505],[67.854,33.3753],[67.8696,33.387],[67.8807,33.3878],[67.9511,33.4024],[67.9832,33.4155],[67.9968,33.4125],[68.041,33.3836],[68.0802,33.3703],[68.0922,33.3703],[68.0982,33.3727],[68.1019,33.3775],[68.1147,33.4098],[68.1229,33.4153],[68.1272,33.4159],[68.1328,33.4142],[68.143,33.409],[68.1619,33.396],[68.1706,33.385],[68.1965,33.3652],[68.1977,33.3602],[68.2024,33.3565],[68.2059,33.3491],[68.2062,33.3397],[68.2092,33.3283],[68.236,33.2996],[68.251,33.2897],[68.2613,33.2801],[68.275,33.2635],[68.279,33.2562],[68.2947,33.2389],[68.2976,33.2333],[68.3244,33.2053],[68.3326,33.1996],[68.3089,33.1952],[68.2915,33.1861],[68.2687,33.1669],[68.2475,33.1426],[68.2321,33.1206],[68.2241,33.1152],[68.2024,33.0942],[68.1892,33.0841],[68.1455,33.0271],[68.1376,33.0195]]]]}},{"type":"Feature","properties":{"district_id":"af-ghazni-zanakhan","name":"ZanaKhan","country":"AFG","province":"Ghazni"},"geometry":{"type":"MultiPolygon","coordinates":[[[[68.7597,33.6051],[68.7494,33.6014],[68.7387,33.5998],[68.7094,33.5997],[68.6795,33.6036],[68.6576,33.6117],[68.6288,33.61],[68.6144,33.605],[68.5948,33.5946],[68.5713,33.5859],[68.559,33.5876],[68.5447,33.6057],[68.5036,33.629],[68.5064,33.6461],[68.5171,33.6793],[68.5306,33.6741],[68.5444,33.6755],[68.5629,33.6787],[68.5979,33.6908],[68.6115,33.698],[68.6393,33.7178],[68.6707,33.7474],[68.6813,33.7515],[68.7265,33.7057],[68.7455,33.6897],[68.7568,33.6777],[68.7661,33.6624],[68.7689,33.6539],[68.7696,33.6433],[68.7681,33.6298],[68.7597,33.6051]]]]}},{"type":"Feature","properties":{"district_id":"af-ghor-chaghcharan","name":"Chaghcharan","country":"AFG","province":"Ghor"},"geometry":{"type":"MultiPolygon","coordinates":[[[[64.4599,34.6158],[64.4655,34.6717],[64.4747,34.6852],[64.4876,34.6945],[64.529,34.7118],[64.548,34.722],[64.5732,34.7271],[64.5883,34.7277],[64.6084,34.7243],[64.6263,34.718],[64.6502,34.7148],[64.6665,34.7161],[64.7236,34.7356],[64.7362,34.7383],[64.7989,34.7435],[64.8938,34.7697],[64.947,34.7764],[64.9569,34.7798],[64.9673,34.7857],[64.9824,34.7907],[64.9943,34.7899],[65.0189,34.7815],[65.0404,34.7782],[65.0592,34.7793],[65.0735,34.7849],[65.0785,34.7885],[65.0868,34.8032],[65.0868,34.8221],[65.0798,34.8404],[65.0724,34.8509],[65.0626,34.8705],[65.0606,34.8877],[65.0609,34.9237],[65.0573,34.9432],[65.0483,34.9566],[65.0408,34.9642],[65.0259,34.9713],[65.0123,34.983],[65.0073,34.9904],[65.0067,34.9961],[65.0112,35.0272],[65.0067,35.0371],[64.985,35.0647],[64.971,35.0778],[64.9181,35.1139],[64.8892,35.1301],[64.8081,35.1667],[64.7995,35.1685],[64.7611,35.1842],[64.7174,35.2102],[64.7547,35.2135],[64.7732,35.2228],[64.7792,35.2286],[64.788,35.2342],[64.8065,35.2432],[64.8244,35.2467],[64.8411,35.2449],[64.8539,35.2408],[64.8981,35.2323],[64.9125,35.2319],[64.9303,35.2349],[64.9848,35.2323],[64.9997,35.234],[65.0336,35.2428],[65.1049,35.2677],[65.1151,35.2687],[65.1329,35.2637],[65.1504,35.2544],[65.1719,35.247],[65.2036,35.2318],[65.2114,35.2261],[65.2295,35.207],[65.2429,35.2001],[65.2565,35.1973],[65.2733,35.1962],[65.2976,35.2003],[65.3217,35.1988],[65.3438,35.2007],[65.3655,35.211],[65.4016,35.2245],[65.4703,35.2606],[65.493,35.2589],[65.5295,35.2604],[65.571,35.2643],[65.6028,35.2758],[65.6122,35.2766],[65.6211,35.2747],[65.629,35.2694],[65.6416,35.2504],[65.652,35.2385],[65.6867,35.2131],[65.7347,35.1877],[65.7657,35.1672],[65.774,35.1564],[65.7799,35.138],[65.7918,35.1165],[65.8018,35.1104],[65.8306,35.1066],[65.86,35.1069],[65.9344,35.0846],[65.9757,35.0768],[65.9953,35.08],[66.0021,35.0853],[66.0128,35.0977],[66.0377,35.1035],[66.0484,35.1031],[66.0597,35.1063],[66.0682,35.1116],[66.0823,35.1155],[66.089,35.1158],[66.0982,35.1111],[66.1096,35.0993],[66.1203,35.0736],[66.1339,35.0047],[66.1338,34.997],[66.1275,34.9713],[66.1183,34.9534],[66.115,34.9429],[66.1144,34.913],[66.1234,34.896],[66.1415,34.8891],[66.1646,34.8872],[66.1786,34.8893],[66.1916,34.894],[66.1876,34.8724],[66.1788,34.857],[66.1645,34.8424],[66.1394,34.8263],[66.1277,34.8131],[66.1238,34.8009],[66.1249,34.7869],[66.1275,34.7785],[66.1241,34.7687],[66.1176,34.7575],[66.0969,34.7381],[66.0767,34.7243],[66.0629,34.7043],[66.0544,34.687],[66.0476,34.6478],[66.0396,34.6191],[66.0372,34.5995],[66.0357,34.5642],[66.0304,34.5288],[66.0244,34.5192],[66.0125,34.5077],[65.998,34.4987],[65.9807,34.4965],[65.9385,34.4967],[65.9163,34.4894],[65.9026,34.4795],[65.894,34.4694],[65.8817,34.4488],[65.8428,34.3468],[65.8126,34.3531],[65.7814,34.3541],[65.7277,34.3463],[65.702,34.3472],[65.642,34.353],[65.6194,34.3525],[65.6007,34.3542],[65.5327,34.3536],[65.5219,34.3515],[65.5115,34.3462],[65.5074,34.3405],[65.5064,34.3345],[65.5084,34.3225],[65.52,34.2978],[65.5207,34.2843],[65.5151,34.2686],[65.4997,34.2509],[65.4862,34.2394],[65.4669,34.2122],[65.4612,34.2002],[65.4578,34.1867],[65.4563,34.157],[65.4659,34.1264],[65.4739,34.0917],[65.4775,34.0843],[65.4707,34.084],[65.4497,34.0778],[65.4393,34.0764],[65.3864,34.0622],[65.3687,34.0537],[65.3602,34.0528],[65.2924,34.0576],[65.2813,34.1061],[65.2659,34.1441],[65.2571,34.1611],[65.2447,34.1982],[65.2379,34.2354],[65.2379,34.2526],[65.2351,34.2727],[65.2215,34.3365],[65.211,34.3425],[65.1971,34.3434],[65.1706,34.3397],[65.1437,34.3395],[65.1199,34.335],[65.0971,34.3234],[65.0852,34.315],[65.0702,34.3109],[65.0543,34.3105],[65.0259,34.3159],[64.9881,34.3316],[64.9731,34.3426],[64.9709,34.3475],[64.9712,34.3618],[64.9821,34.4005],[64.9908,34.4123],[65.0024,34.4224],[65.0187,34.4283],[65.0223,34.4319],[65.0254,34.4408],[65.0236,34.4958],[65.0144,34.5047],[64.9931,34.5129],[64.9202,34.5311],[64.8969,34.5293],[64.8731,34.5231],[64.8313,34.5094],[64.764,34.4937],[64.7343,34.4894],[64.6991,34.4887],[64.6821,34.4917],[64.6711,34.4982],[64.6603,34.512],[64.657,34.5263],[64.6415,34.5467],[64.6316,34.5547],[64.6215,34.5581],[64.5984,34.561],[64.5718,34.5596],[64.5503,34.5611],[64.5192,34.5685],[64.4804,34.5806],[64.4624,34.5822],[64.4599,34.6158]]]]}},{"type":"Feature","properties":{"district_id":"af-ghor-lalwasarjangal","name":"LalWaSarjangal","country":"AFG","province":"Ghor"},"geometry":{"type":"MultiPolygon","coordinates":[[[[66.7621,34.5086],[66.7523,34.5011],[66.7168,34.4806],[66.7127,34.4772],[66.7077,34.4682],[66.6956,34.4563],[66.6755,34.4432],[66.6579,34.4367],[66.5915,34.4263],[66.5428,34.4217],[66.5059,34.42],[66.4865,34.4289],[66.4786,34.4314],[66.4681,34.4322],[66.4615,34.4307],[66.4515,34.4235],[66.4487,34.418],[66.446,34.4051],[66.4387,34.3943],[66.432,34.3917],[66.4256,34.3928],[66.4217,34.4066],[66.4156,34.4133],[66.3841,34.4272],[66.3697,34.4297],[66.3433,34.4254],[66.333,34.4199],[66.3305,34.4148],[66.327,34.397],[66.3194,34.3913],[66.309,34.392],[66.2829,34.4063],[66.2725,34.41],[66.2678,34.4101],[66.2545,34.4066],[66.2334,34.396],[66.1927,34.382],[66.1791,34.376],[66.1655,34.3675],[66.1554,34.364],[66.1394,34.3667],[66.1236,34.3788],[66.1152,34.3795],[66.0951,34.3669],[66.0869,34.3653],[66.07,34.3665],[66.0469,34.3775],[66.0359,34.3771],[66.0298,34.3746],[66.0213,34.3676],[66.0004,34.3423],[65.9671,34.3195],[65.9578,34.3161],[65.9352,34.3181],[65.9099,34.3299],[65.8912,34.3366],[65.8428,34.3468],[65.8817,34.4488],[65.894,34.4694],[65.9026,34.4795],[65.9163,34.4894],[65.9385,34.4967],[65.9807,34.4965],[65.998,34.4987],[66.0125,34.5077],[66.0244,34.5192],[66.0304,34.5288],[66.0357,34.5642],[66.0372,34.5995],[66.0396,34.6191],[66.0476,34.6478],[66.0544,34.687],[66.0629,34.7043],[66.0767,34.7243],[66.0969,34.7381],[66.1176,34.7575],[66.1241,34.7687],[66.1275,34.7785],[66.1249,34.7869],[66.1238,34.8009],[66.1277,34.8131],[66.1394,34.8263],[66.1645,34.8424],[66.1788,34.857],[66.1876,34.8724],[66.1916,34.894],[66.2496,34.9179],[66.2681,34.9231],[66.3039,34.9294],[66.3311,34.9318],[66.3887,34.9313],[66.4327,34.9178],[66.4471,34.9113],[66.4628,34.894],[66.4947,34.8733],[66.5068,34.8607],[66.5267,34.8332],[66.5492,34.8205],[66.5834,34.8042],[66.5951,34.7961],[66.6002,34.7873],[66.6022,34.7777],[66.5958,34.7644],[66.5781,34.7436],[66.576,34.7342],[66.5811,34.7273],[66.591,34.7251],[66.6147,34.732],[66.6261,34.7327],[66.6359,34.7314],[66.6444,34.727],[66.6496,34.721],[66.6521,34.7077],[66.6581,34.7012],[66.6903,34.6966],[66.7479,34.6725],[66.7688,34.6579],[66.7864,34.6357],[66.7865,34.6255],[66.7828,34.6169],[66.773,34.6089],[66.7495,34.596],[66.736,34.585],[66.7184,34.5674],[66.7136,34.5564],[66.7131,34.5503],[66.7155,34.5382],[66.7206,34.533],[66.7313,34.5297],[66.7385,34.5292],[66.7531,34.5315],[66.7645,34.5268],[66.7664,34.5169],[66.7621,34.5086]]]]}},{"type":"Feature","properties":{"district_id":"af-ghor-pasaband","name":"Pasaband","country":"AFG","province":"Ghor"},"geometry":{"type":"MultiPolygon","coordinates":[[[[65.4775,34.0843],[65.4957,34.0544],[65.5271,34.0144],[65.5358,33.9864],[65.5369,33.9773],[65.534,33.9702],[65.528,33.9646],[65.512,33.9589],[65.4511,33.9524],[65.4422,33.9465],[65.4388,33.9394],[65.4329,33.9152],[65.4306,33.9115],[65.4044,33.8878],[65.3957,33.8736],[65.3963,33.8566],[65.402,33.836],[65.4092,33.8225],[65.4298,33.8076],[65.4366,33.7968],[65.464,33.7857],[65.4769,33.7733],[65.4842,33.7688],[65.4871,33.7615],[65.487,33.7566],[65.4842,33.7514],[65.4746,33.743],[65.4679,33.7141],[65.4732,33.6984],[65.4828,33.6847],[65.4925,33.6646],[65.493,33.6333],[65.4963,33.6299],[65.5363,33.6095],[65.5366,33.6034],[65.5331,33.5989],[65.481,33.5718],[65.476,33.5666],[65.4694,33.5566],[65.4676,33.5503],[65.4569,33.5364],[65.3922,33.4937],[65.3735,33.4794],[65.365,33.4698],[65.36,33.4482],[65.3535,33.4309],[65.3485,33.4274],[65.3296,33.4242],[65.2997,33.4069],[65.2584,33.3943],[65.2463,33.3853],[65.2361,33.3712],[65.2282,33.3713],[65.2093,33.3773],[65.1947,33.3789],[65.1656,33.3692],[65.124,33.3689],[65.1136,33.3651],[65.1042,33.3607],[65.0961,33.3541],[65.0883,33.3443],[65.0768,33.3246],[65.0707,33.3186],[65.0525,33.3061],[65.03,33.2982],[64.9982,33.2982],[64.9732,33.2881],[64.9433,33.2811],[64.9329,33.2762],[64.9174,33.2628],[64.9048,33.2553],[64.8977,33.253],[64.8887,33.2527],[64.8822,33.2543],[64.8692,33.2618],[64.8572,33.2802],[64.8509,33.2868],[64.8466,33.2884],[64.8345,33.2875],[64.7927,33.2794],[64.7611,33.2783],[64.7348,33.2806],[64.7183,33.2796],[64.703,33.2748],[64.6889,33.2739],[64.6758,33.2706],[64.6703,33.2767],[64.6559,33.2868],[64.6462,33.2916],[64.635,33.2927],[64.6283,33.29],[64.6192,33.2805],[64.6153,33.2647],[64.6115,33.2606],[64.604,33.2603],[64.597,33.2623],[64.5841,33.2705],[64.5706,33.2852],[64.5551,33.3134],[64.546,33.3195],[64.5283,33.3264],[64.5804,33.3688],[64.6078,33.382],[64.6354,33.39],[64.6759,33.3982],[64.7032,33.3992],[64.7166,33.4035],[64.739,33.3996],[64.7622,33.4092],[64.7867,33.4026],[64.797,33.4064],[64.8071,33.4165],[64.8111,33.4261],[64.8126,33.4431],[64.8116,33.4516],[64.7991,33.4802],[64.7917,33.5104],[64.793,33.5324],[64.8006,33.561],[64.8077,33.5736],[64.8263,33.5954],[64.8303,33.6096],[64.8279,33.6213],[64.8223,33.6263],[64.8138,33.6288],[64.7381,33.6309],[64.6949,33.6339],[64.6833,33.6371],[64.6736,33.6426],[64.6579,33.6656],[64.6488,33.7018],[64.6443,33.7096],[64.64,33.7129],[64.6357,33.7354],[64.639,33.744],[64.6444,33.7509],[64.6809,33.7727],[64.7062,33.7832],[64.7317,33.7963],[64.8009,33.8402],[64.8398,33.8603],[64.8635,33.8707],[64.9396,33.8927],[64.9572,33.8914],[64.9848,33.8783],[65.0002,33.8689],[65.0206,33.8621],[65.0669,33.8643],[65.0848,33.8704],[65.1019,33.8824],[65.1165,33.8893],[65.1773,33.9265],[65.197,33.9338],[65.2771,33.9537],[65.3272,33.9709],[65.3476,33.9796],[65.3589,33.9867],[65.363,33.9915],[65.3632,33.997],[65.3618,34.0034],[65.3544,34.0139],[65.3401,34.0262],[65.3091,34.0404],[65.2949,34.0531],[65.2924,34.0576],[65.3602,34.0528],[65.3687,34.0537],[65.3864,34.0622],[65.4393,34.0764],[65.4497,34.0778],[65.4707,34.084],[65.4775,34.0843]]]]}},{"type":"Feature","properties":{"district_id":"af-ghor-saghar","name":"Saghar","country":"AFG","province":"Ghor"},"geometry":{"type":"MultiPolygon","coordinates":[[[[63.9857,33.5059],[63.9771,33.5096],[63.9685,33.5104],[63.9601,33.5087],[63.8808,33.4738],[63.8705,33.4643],[63.863,33.4448],[63.8558,33.4348],[63.8428,33.4234],[63.823,33.4127],[63.7954,33.4049],[63.788,33.4051],[63.7809,33.4092],[63.7769,33.4172],[63.773,33.4193],[63.7683,33.4194],[63.757,33.4159],[63.74,33.4051],[63.7327,33.4021],[63.7171,33.4012],[63.683,33.4046],[63.6592,33.4001],[63.6219,33.3789],[63.5751,33.343],[63.5552,33.3228],[63.5445,33.3162],[63.5262,33.312],[63.4849,33.3189],[63.4496,33.3158],[63.3917,33.3155],[63.3414,33.3088],[63.3233,33.312],[63.3091,33.3175],[63.2842,33.3175],[63.2649,33.3112],[63.252,33.3047],[63.2413,33.2968],[63.2318,33.2926],[63.2059,33.2867],[63.1876,33.2849],[63.1611,33.2849],[63.1399,33.2894],[63.1336,33.2993],[63.1325,33.3087],[63.136,33.3172],[63.1506,33.3361],[63.1523,33.3433],[63.153,33.3516],[63.1489,33.3641],[63.1319,33.3818],[63.122,33.3952],[63.0826,33.4556],[63.064,33.491],[63.0535,33.5203],[63.0564,33.5297],[63.0647,33.5405],[63.078,33.5492],[63.1174,33.5638],[63.1296,33.5738],[63.1485,33.5839],[63.1826,33.5953],[63.2343,33.618],[63.2807,33.6329],[63.3298,33.642],[63.366,33.6558],[63.3851,33.6595],[63.4044,33.6612],[63.4462,33.6595],[63.4684,33.661],[63.4853,33.6648],[63.5016,33.6711],[63.5121,33.6647],[63.5259,33.6613],[63.5428,33.6602],[63.5531,33.662],[63.5696,33.669],[63.5747,33.6728],[63.593,33.6988],[63.6006,33.7037],[63.6117,33.7073],[63.6416,33.7114],[63.6744,33.7216],[63.6994,33.7256],[63.7298,33.7375],[63.7439,33.7404],[63.795,33.765],[63.8362,33.7809],[63.8613,33.7871],[63.9155,33.7963],[63.9067,33.7861],[63.9051,33.78],[63.9067,33.7745],[63.9117,33.7687],[63.9231,33.7679],[63.9412,33.7754],[63.947,33.7715],[63.9463,33.7631],[63.9511,33.7602],[63.9592,33.7608],[63.9724,33.7673],[63.9815,33.763],[63.9835,33.756],[63.9899,33.7455],[63.9944,33.745],[64.0238,33.7577],[64.0407,33.759],[64.0541,33.7548],[64.0784,33.7422],[64.1065,33.7394],[64.1381,33.7443],[64.1833,33.7583],[64.1965,33.7597],[64.2163,33.7569],[64.233,33.7478],[64.2439,33.736],[64.2684,33.7141],[64.2809,33.6994],[64.2907,33.6791],[64.292,33.6615],[64.2739,33.6662],[64.2541,33.6675],[64.2229,33.6631],[64.2137,33.6601],[64.1927,33.6488],[64.1711,33.6279],[64.1652,33.6241],[64.1461,33.6178],[64.1398,33.6171],[64.1279,33.6198],[64.1222,33.6249],[64.1131,33.6286],[64.1059,33.6353],[64.0884,33.6401],[64.0732,33.6382],[64.0691,33.6349],[64.0656,33.6287],[64.0634,33.6161],[64.0635,33.5917],[64.0606,33.578],[64.0501,33.5539],[64.04,33.5435],[64.0138,33.5373],[64.0004,33.5301],[63.9884,33.5152],[63.9857,33.5059]]]]}},{"type":"Feature","properties":{"district_id":"af-ghor-shahrak","name":"Shahrak","country":"AFG","province":"Ghor"},"geometry":{"type":"MultiPolygon","coordinates":[[[[64.4624,34.5822],[64.4804,34.5806],[64.5192,34.5685],[64.5503,34.5611],[64.5718,34.5596],[64.5984,34.561],[64.6215,34.5581],[64.6316,34.5547],[64.6415,34.5467],[64.657,34.5263],[64.6603,34.512],[64.6711,34.4982],[64.6821,34.4917],[64.6991,34.4887],[64.7343,34.4894],[64.764,34.4937],[64.8313,34.5094],[64.8731,34.5231],[64.8969,34.5293],[64.9202,34.5311],[64.9931,34.5129],[65.0144,34.5047],[65.0236,34.4958],[65.0254,34.4408],[65.0223,34.4319],[65.0187,34.4283],[65.0024,34.4224],[64.9908,34.4123],[64.9821,34.4005],[64.9712,34.3618],[64.9709,34.3475],[64.9731,34.3426],[64.9881,34.3316],[65.0259,34.3159],[65.0543,34.3105],[65.0702,34.3109],[65.0852,34.315],[65.0971,34.3234],[65.1199,34.335],[65.1437,34.3395],[65.1706,34.3397],[65.1971,34.3434],[65.211,34.3425],[65.2215,34.3365],[65.2351,34.2727],[65.2379,34.2526],[65.2379,34.2354],[65.2447,34.1982],[65.2571,34.1611],[65.2659,34.1441],[65.2813,34.1061],[65.2924,34.0576],[65.2949,34.0531],[65.3091,34.0404],[65.3401,34.0262],[65.3544,34.0139],[65.3618,34.0034],[65.363,33.9915],[65.3589,33.9867],[65.3476,33.9796],[65.3272,33.9709],[65.2771,33.9537],[65.197,33.9338],[65.1773,33.9265],[65.1165,33.8893],[65.1019,33.8824],[65.0848,33.8704],[65.0669,33.8643],[65.0206,33.8621],[65.0002,33.8689],[64.9848,33.8783],[64.9572,33.8914],[64.9396,33.8927],[64.8635,33.8707],[64.8398,33.8603],[64.8009,33.8402],[64.7317,33.7963],[64.7062,33.7832],[64.6809,33.7727],[64.6444,33.7509],[64.639,33.744],[64.6357,33.7354],[64.64,33.7129],[64.6293,33.7077],[64.5892,33.6951],[64.5661,33.6931],[64.5426,33.6953],[64.5295,33.6999],[64.5207,33.6999],[64.4972,33.6919],[64.4521,33.6678],[64.4163,33.6535],[64.3973,33.6481],[64.3707,33.644],[64.3399,33.6448],[64.3226,33.6493],[64.292,33.6615],[64.2907,33.6791],[64.2809,33.6994],[64.2684,33.7141],[64.2439,33.736],[64.233,33.7478],[64.2163,33.7569],[64.1965,33.7597],[64.1833,33.7583],[64.1381,33.7443],[64.1065,33.7394],[64.0784,33.7422],[64.0541,33.7548],[64.0407,33.759],[64.0238,33.7577],[63.9944,33.745],[63.9899,33.7455],[63.9835,33.756],[63.9815,33.763],[63.9724,33.7673],[63.9592,33.7608],[63.9511,33.7602],[63.9463,33.7631],[63.947,33.7715],[63.9412,33.7754],[63.9231,33.7679],[63.9117,33.7687],[63.9067,33.7745],[63.9051,33.78],[63.9067,33.7861],[63.9155,33.7963],[63.9198,33.7987],[63.9391,33.8034],[63.9465,33.8072],[63.9995,33.8205],[64.0122,33.825],[64.0212,33.8318],[64.0278,33.841],[64.0294,33.8499],[64.0273,33.8894],[64.0328,33.9377],[64.028,34.0093],[64.0318,34.0268],[64.0411,34.0543],[64.0429,34.0712],[64.0393,34.0902],[64.0297,34.1053],[64.0248,34.1162],[64.0219,34.129],[64.0244,34.1884],[64.0226,34.2037],[64.017,34.224],[64.0136,34.2287],[63.997,34.2358],[63.986,34.2353],[63.9772,34.232],[63.9608,34.2296],[63.9393,34.2319],[63.9296,34.2382],[63.9196,34.2516],[63.9529,34.2526],[63.9683,34.2551],[63.9741,34.2583],[63.9865,34.2737],[63.9968,34.2785],[64.0101,34.2818],[64.0578,34.2804],[64.078,34.2784],[64.1352,34.2646],[64.1555,34.264],[64.1771,34.2682],[64.1882,34.2738],[64.2027,34.2845],[64.2059,34.2936],[64.2038,34.3012],[64.1878,34.3214],[64.183,34.3364],[64.1833,34.3566],[64.1964,34.4058],[64.1969,34.414],[64.1962,34.4233],[64.1885,34.4404],[64.1807,34.4657],[64.1841,34.4837],[64.1941,34.4911],[64.2213,34.4959],[64.3146,34.4928],[64.3577,34.4882],[64.382,34.4888],[64.3954,34.4919],[64.4324,34.4945],[64.4459,34.4921],[64.4602,34.487],[64.4671,34.4882],[64.4738,34.4933],[64.4748,34.5019],[64.4731,34.5153],[64.4641,34.547],[64.4618,34.5635],[64.4624,34.5822]]]]}},{"type":"Feature","properties":{"district_id":"af-ghor-taywara","name":"Taywara","country":"AFG","province":"Ghor"},"geometry":{"type":"MultiPolygon","coordinates":[[[[64.5283,33.3264],[64.5059,33.3314],[64.4968,33.3273],[64.4919,33.3227],[64.4902,33.3062],[64.494,33.2863],[64.4942,33.2747],[64.4856,33.2581],[64.4724,33.2401],[64.4607,33.229],[64.4491,33.2011],[64.4423,33.1932],[64.4341,33.19],[64.4273,33.1894],[64.4028,33.1951],[64.3819,33.195],[64.3472,33.1896],[64.3279,33.1848],[64.3139,33.1791],[64.3086,33.1797],[64.3042,33.1847],[64.2978,33.1874],[64.2782,33.1807],[64.2643,33.178],[64.2411,33.1774],[64.222,33.1809],[64.1944,33.1929],[64.1818,33.2075],[64.1511,33.2271],[64.146,33.2327],[64.1414,33.2414],[64.1407,33.247],[64.1423,33.2553],[64.1596,33.2916],[64.1718,33.3072],[64.1745,33.3135],[64.1746,33.3213],[64.1708,33.3283],[64.1427,33.3477],[64.1252,33.3535],[64.1089,33.3634],[64.0908,33.3901],[64.0741,33.4098],[64.0667,33.4255],[64.063,33.4404],[64.0565,33.4504],[64.0405,33.4645],[64.0257,33.472],[64.0053,33.4931],[63.9857,33.5059],[63.9884,33.5152],[64.0004,33.5301],[64.0059,33.5337],[64.0138,33.5373],[64.04,33.5435],[64.0501,33.5539],[64.0606,33.578],[64.0635,33.5917],[64.0634,33.6161],[64.0656,33.6287],[64.0691,33.6349],[64.0732,33.6382],[64.0884,33.6401],[64.1059,33.6353],[64.1131,33.6286],[64.1222,33.6249],[64.1279,33.6198],[64.1398,33.6171],[64.1461,33.6178],[64.1652,33.6241],[64.1711,33.6279],[64.1927,33.6488],[64.2137,33.6601],[64.2229,33.6631],[64.2541,33.6675],[64.2739,33.6662],[64.292,33.6615],[64.3226,33.6493],[64.3399,33.6448],[64.3707,33.644],[64.3973,33.6481],[64.4163,33.6535],[64.4521,33.6678],[64.4972,33.6919],[64.5207,33.6999],[64.5295,33.6999],[64.5426,33.6953],[64.5661,33.6931],[64.5892,33.6951],[64.6293,33.7077],[64.64,33.7129],[64.6443,33.7096],[64.6488,33.7018],[64.6579,33.6656],[64.6736,33.6426],[64.6833,33.6371],[64.6949,33.6339],[64.7381,33.6309],[64.8138,33.6288],[64.8223,33.6263],[64.8279,33.6213],[64.8303,33.6096],[64.8263,33.5954],[64.8077,33.5736],[64.8006,33.561],[64.793,33.5324],[64.7917,33.5104],[64.7927,33.5047],[64.7991,33.4802],[64.8116,33.4516],[64.8126,33.4431],[64.8111,33.4261],[64.8071,33.4165],[64.797,33.4064],[64.7867,33.4026],[64.7622,33.4092],[64.739,33.3996],[64.7166,33.4035],[64.7032,33.3992],[64.6759,33.3982],[64.6354,33.39],[64.6078,33.382],[64.5804,33.3688],[64.5283,33.3264]]]]}},{"type":"Feature","properties":{"district_id":"af-ghor-tulak","name":"Tulak","country":"AFG","province":"Ghor"},"geometry":{"type":"MultiPolygon","coordinates":[[[[63.9155,33.7963],[63.8613,33.7871],[63.8362,33.7809],[63.795,33.765],[63.7439,33.7404],[63.7298,33.7375],[63.6994,33.7256],[63.6744,33.7216],[63.6416,33.7114],[63.6117,33.7073],[63.6006,33.7037],[63.593,33.6988],[63.5747,33.6728],[63.5696,33.669],[63.5531,33.662],[63.5428,33.6602],[63.5259,33.6613],[63.5121,33.6647],[63.5016,33.6711],[63.5138,33.6919],[63.5152,33.7092],[63.513,33.7289],[63.4906,33.7988],[63.4642,33.8648],[63.454,33.8847],[63.4323,33.9146],[63.4254,33.931],[63.4258,33.9421],[63.4346,33.9711],[63.4431,33.9874],[63.4527,33.9984],[63.454,34.0062],[63.4308,34.025],[63.4086,34.039],[63.4011,34.0478],[63.379,34.0645],[63.3767,34.0714],[63.3769,34.0779],[63.3816,34.0863],[63.3902,34.0938],[63.4155,34.1043],[63.4263,34.1124],[63.448,34.1377],[63.4743,34.1736],[63.4926,34.1936],[63.512,34.2236],[63.5161,34.2383],[63.5143,34.2456],[63.5006,34.2623],[63.4937,34.2676],[63.4897,34.2737],[63.4921,34.2829],[63.5916,34.2837],[63.6478,34.2906],[63.6707,34.2912],[63.6924,34.2872],[63.716,34.2806],[63.7361,34.2699],[63.7469,34.2617],[63.7575,34.2583],[63.8137,34.2529],[63.9196,34.2516],[63.9296,34.2382],[63.9393,34.2319],[63.9608,34.2296],[63.9772,34.232],[63.986,34.2353],[63.997,34.2358],[64.0136,34.2287],[64.017,34.224],[64.0226,34.2037],[64.0244,34.1884],[64.0219,34.129],[64.0248,34.1162],[64.0297,34.1053],[64.0393,34.0902],[64.0429,34.0712],[64.0411,34.0543],[64.0318,34.0268],[64.028,34.0093],[64.0328,33.9377],[64.0273,33.8894],[64.0294,33.8499],[64.0278,33.841],[64.0212,33.8318],[64.0122,33.825],[63.9995,33.8205],[63.9465,33.8072],[63.9391,33.8034],[63.9198,33.7987],[63.9155,33.7963]]]]}},{"type":"Feature","properties":{"district_id":"af-hilmand-bughran","name":"Bughran","country":"AFG","province":"Hilmand"},"geometry":{"type":"MultiPolygon","coordinates":[[[[65.2361,33.3712],[65.2412,33.3656],[65.2613,33.3286],[65.2735,33.3163],[65.2879,33.2909],[65.3222,33.2443],[65.3471,33.2383],[65.3513,33.236],[65.358,33.2268],[65.3553,33.2041],[65.3433,33.1779],[65.3235,33.1213],[65.3183,33.115],[65.3108,33.0974],[65.2747,33.0541],[65.261,33.0352],[65.2504,33.0167],[65.2377,32.9753],[65.2306,32.9587],[65.2243,32.9532],[65.222,32.9481],[65.1984,32.9172],[65.1853,32.8911],[65.1849,32.88],[65.1872,32.8659],[65.1933,32.8433],[65.1921,32.8298],[65.1937,32.8202],[65.1993,32.8079],[65.2086,32.7956],[65.2124,32.7842],[65.2152,32.758],[65.2171,32.7062],[65.2052,32.7062],[65.1767,32.7019],[65.1685,32.7034],[65.1444,32.7149],[65.1344,32.7152],[65.1269,32.7133],[65.118,32.7086],[65.1081,32.6987],[65.0953,32.672],[65.0892,32.6552],[65.0853,32.6501],[65.0681,32.6405],[65.0495,32.6382],[65.0347,32.6426],[65.015,32.643],[64.9829,32.6385],[64.9759,32.6354],[64.9699,32.6304],[64.9672,32.6122],[64.9705,32.6019],[64.98,32.5846],[64.9792,32.5649],[64.9694,32.5494],[64.9612,32.5441],[64.9559,32.5442],[64.9451,32.5585],[64.9258,32.5693],[64.9194,32.5786],[64.8775,32.6135],[64.8639,32.6176],[64.8479,32.618],[64.8435,32.6285],[64.8421,32.6362],[64.828,32.6361],[64.824,32.6455],[64.8354,32.6575],[64.8387,32.6698],[64.8255,32.6804],[64.8192,32.6881],[64.8136,32.7031],[64.8025,32.7213],[64.7985,32.7332],[64.7999,32.7534],[64.7976,32.7594],[64.7839,32.779],[64.7819,32.7901],[64.7938,32.842],[64.8012,32.8554],[64.8017,32.8625],[64.7983,32.8727],[64.7918,32.8787],[64.7579,32.8949],[64.7277,32.9013],[64.7201,32.9048],[64.6907,32.9273],[64.6825,32.9287],[64.6636,32.9195],[64.6614,32.9157],[64.6369,32.8967],[64.6209,32.8919],[64.6027,32.8921],[64.5756,32.9025],[64.564,32.9013],[64.5498,32.8898],[64.5386,32.885],[64.5205,32.8862],[64.512,32.8903],[64.5068,32.8953],[64.5183,32.9037],[64.5468,32.9412],[64.5522,32.9577],[64.5549,32.9842],[64.56,33.0074],[64.5728,33.037],[64.5905,33.0629],[64.6084,33.0807],[64.6396,33.0983],[64.6755,33.1126],[64.7017,33.1265],[64.7129,33.1392],[64.7148,33.1487],[64.7098,33.1527],[64.6953,33.1517],[64.687,33.1538],[64.6805,33.1679],[64.6799,33.1908],[64.6868,33.2045],[64.6891,33.2175],[64.6817,33.2389],[64.6771,33.2442],[64.6713,33.2555],[64.6712,33.2609],[64.6758,33.2706],[64.6889,33.2739],[64.703,33.2748],[64.7183,33.2796],[64.7348,33.2806],[64.7611,33.2783],[64.7927,33.2794],[64.8345,33.2875],[64.8466,33.2884],[64.8509,33.2868],[64.8572,33.2802],[64.8692,33.2618],[64.8822,33.2543],[64.8887,33.2527],[64.8977,33.253],[64.9048,33.2553],[64.9174,33.2628],[64.9329,33.2762],[64.9433,33.2811],[64.9732,33.2881],[64.9982,33.2982],[65.03,33.2982],[65.0525,33.3061],[65.0707,33.3186],[65.0768,33.3246],[65.0883,33.3443],[65.0961,33.3541],[65.1042,33.3607],[65.124,33.3689],[65.1656,33.3692],[65.1947,33.3789],[65.2093,33.3773],[65.2282,33.3713],[65.2361,33.3712]]]]}},{"type":"Feature","properties":{"district_id":"af-hilmand-disho","name":"Disho","country":"AFG","province":"Hilmand"},"geometry":{"type":"MultiPolygon","coordinates":[[[[63.6649,29.4764],[63.66,29.4723],[63.6258,29.4694],[63.5893,29.4732],[63.5319,29.4731],[63.5109,29.4702],[63.4943,29.4699],[63.47,29.4662],[63.4247,29.4659],[63.3748,29.4623],[63.3589,29.4586],[63.3433,29.4492],[63.3363,29.447],[63.2974,29.4422],[63.2576,29.4423],[63.2373,29.4472],[63.1969,29.4474],[63.1715,29.4467],[63.1476,29.4425],[63.1318,29.4437],[63.1162,29.4426],[63.1018,29.4396],[63.0549,29.4366],[62.8486,29.4123],[62.7677,29.4058],[62.696,29.3976],[62.6708,29.5061],[62.6468,29.6952],[62.6414,29.8288],[62.6385,29.8648],[62.6419,29.9286],[62.6471,29.9463],[62.6906,30.0179],[62.7153,30.0775],[62.725,30.0948],[62.7462,30.1403],[62.7649,30.1736],[62.8177,30.1906],[62.8303,30.1968],[62.8555,30.1997],[62.8771,30.2137],[62.9113,30.2215],[62.9299,30.2374],[62.9444,30.2456],[62.985,30.2548],[62.9988,30.2611],[63.01,30.2692],[63.0176,30.2719],[63.0371,30.2711],[63.0561,30.267],[63.0632,30.2679],[63.0772,30.2764],[63.0837,30.2832],[63.0916,30.286],[63.1028,30.287],[63.1082,30.2964],[63.1189,30.3048],[63.1262,30.3081],[63.1446,30.309],[63.1571,30.3137],[63.1752,30.3114],[63.1813,30.3121],[63.1887,30.3189],[63.1981,30.324],[63.2079,30.3332],[63.2191,30.3364],[63.2258,30.3411],[63.2299,30.3489],[63.2532,30.3696],[63.2611,30.3845],[63.2768,30.4012],[63.2793,30.4092],[63.2866,30.4207],[63.2933,30.4264],[63.3158,30.4341],[63.3232,30.4407],[63.3266,30.4491],[63.3302,30.4533],[63.3433,30.4565],[63.3477,30.4553],[63.3518,30.4511],[63.3657,30.4462],[63.3733,30.4463],[63.3902,30.4544],[63.399,30.4707],[63.4044,30.4744],[63.4113,30.476],[63.4174,30.4805],[63.4338,30.485],[63.4517,30.4954],[63.4686,30.4968],[63.4875,30.5029],[63.4944,30.5091],[63.5053,30.5118],[63.5283,30.5297],[63.5321,30.5346],[63.5477,30.5425],[63.5863,30.5532],[63.6285,30.5536],[63.6114,30.5385],[63.605,30.5262],[63.5986,30.4857],[63.6013,30.4014],[63.6121,30.3499],[63.6237,30.2505],[63.625,30.1235],[63.6233,30.0997],[63.6245,30.0835],[63.6239,30.0552],[63.6254,30.0427],[63.6376,29.99],[63.6393,29.9586],[63.647,29.9307],[63.6438,29.9106],[63.6445,29.8984],[63.6515,29.8709],[63.6513,29.8502],[63.6479,29.8347],[63.6525,29.8054],[63.6529,29.7499],[63.6613,29.6851],[63.6765,29.6344],[63.6873,29.618],[63.6964,29.6108],[63.714,29.5844],[63.7187,29.566],[63.7182,29.5532],[63.7142,29.5384],[63.7002,29.5138],[63.6649,29.4764]]]]}},{"type":"Feature","properties":{"district_id":"af-hilmand-garmser","name":"Garmser","country":"AFG","province":"Hilmand"},"geometry":{"type":"MultiPolygon","coordinates":[[[[63.6649,29.4764],[63.7002,29.5138],[63.7142,29.5384],[63.7182,29.5532],[63.7187,29.566],[63.714,29.5844],[63.6964,29.6108],[63.6873,29.618],[63.6765,29.6344],[63.6613,29.6851],[63.6554,29.7261],[63.6529,29.7499],[63.6525,29.8054],[63.6479,29.8347],[63.6513,29.8502],[63.6515,29.8709],[63.6445,29.8984],[63.6438,29.9106],[63.647,29.9307],[63.6393,29.9586],[63.6376,29.99],[63.6254,30.0427],[63.6239,30.0552],[63.6245,30.0835],[63.6233,30.0997],[63.625,30.1235],[63.6237,30.2505],[63.6121,30.3499],[63.6013,30.4014],[63.5986,30.4857],[63.605,30.5262],[63.6114,30.5385],[63.6285,30.5536],[63.6681,30.5496],[63.7077,30.5433],[63.7302,30.5351],[63.7547,30.5301],[63.7631,30.526],[63.7811,30.5228],[63.8064,30.5238],[63.8353,30.5199],[63.8625,30.5234],[63.8997,30.5226],[63.922,30.5277],[63.9536,30.5396],[63.9682,30.5479],[63.991,30.5729],[64.0,30.5868],[64.0189,30.6044],[64.0416,30.6332],[64.0524,30.6648],[64.0614,30.6729],[64.0702,30.6761],[64.075,30.6813],[64.0817,30.6947],[64.0954,30.71],[64.1058,30.7369],[64.115,30.7524],[64.1194,30.7721],[64.1222,30.7991],[64.1266,30.8053],[64.1293,30.8128],[64.13,30.839],[64.1367,30.8544],[64.1425,30.8629],[64.1461,30.8819],[64.1454,30.8899],[64.128,30.9156],[64.1115,30.9277],[64.0644,30.9976],[64.051,31.0426],[64.0477,31.075],[64.051,31.1231],[64.0542,31.2492],[64.0567,31.258],[64.0577,31.2712],[64.0778,31.2689],[64.1398,31.2676],[64.1818,31.2606],[64.2508,31.2611],[64.2591,31.2619],[64.2793,31.2676],[64.3942,31.2724],[64.4025,31.2711],[64.4293,31.2618],[64.4454,31.2614],[64.4767,31.2661],[64.5064,31.2579],[64.5204,31.2558],[64.532,31.2571],[64.5547,31.2643],[64.5754,31.2685],[64.639,31.2653],[64.6657,31.2676],[64.6955,31.2731],[64.7147,31.2743],[64.7038,31.2136],[64.703,31.2001],[64.6927,31.1475],[64.687,31.0544],[64.6792,31.0168],[64.6695,30.9547],[64.6407,30.8199],[64.6341,30.7734],[64.626,30.7378],[64.6103,30.6548],[64.6063,30.6062],[64.5916,30.5534],[64.5843,30.4866],[64.5725,30.4408],[64.5646,30.4004],[64.5598,30.3636],[64.5473,30.3094],[64.5441,30.2706],[64.5305,30.2032],[64.5217,30.1824],[64.5179,30.1672],[64.5169,30.1395],[64.5129,30.1178],[64.5139,30.0726],[64.4969,30.0109],[64.4936,29.9867],[64.489,29.969],[64.4768,29.8572],[64.4679,29.8122],[64.4554,29.7306],[64.4526,29.6849],[64.4479,29.6452],[64.4462,29.5372],[64.4226,29.5308],[64.4007,29.5307],[64.3639,29.5195],[64.3422,29.51],[64.3261,29.5051],[64.2995,29.5092],[64.2896,29.5064],[64.2701,29.506],[64.2633,29.5034],[64.253,29.4877],[64.2427,29.4789],[64.1887,29.4619],[64.1743,29.4506],[64.1672,29.4413],[64.1645,29.4342],[64.1733,29.4205],[64.1753,29.4042],[64.174,29.3983],[64.1566,29.3702],[64.1408,29.3621],[64.1361,29.3616],[64.1137,29.3619],[64.0938,29.3643],[64.0801,29.3712],[64.0702,29.3832],[64.0658,29.3859],[64.0476,29.3929],[64.0435,29.3915],[64.0383,29.3921],[64.0295,29.4001],[64.0107,29.4075],[64.0027,29.4154],[63.9911,29.4167],[63.9695,29.4258],[63.911,29.4359],[63.8931,29.4377],[63.8329,29.4523],[63.8204,29.4527],[63.6649,29.4764]]]]}},{"type":"Feature","properties":{"district_id":"af-hilmand-kajaki","name":"Kajaki","country":"AFG","province":"Hilmand"},"geometry":{"type":"MultiPolygon","coordinates":[[[[64.8479,32.618],[64.8639,32.6176],[64.8775,32.6135],[64.9194,32.5786],[64.9258,32.5693],[64.9451,32.5585],[64.9559,32.5442],[64.9612,32.5441],[64.9694,32.5494],[64.9792,32.5649],[64.98,32.5846],[64.9705,32.6019],[64.9672,32.6122],[64.9699,32.6304],[64.9759,32.6354],[64.9829,32.6385],[65.015,32.643],[65.0347,32.6426],[65.0495,32.6382],[65.0681,32.6405],[65.0853,32.6501],[65.0892,32.6552],[65.0953,32.672],[65.1081,32.6987],[65.118,32.7086],[65.1269,32.7133],[65.1344,32.7152],[65.1444,32.7149],[65.1685,32.7034],[65.1767,32.7019],[65.2052,32.7062],[65.2171,32.7062],[65.2209,32.6804],[65.2297,32.6577],[65.2413,32.6402],[65.2761,32.6003],[65.2788,32.5875],[65.2729,32.5538],[65.2682,32.4995],[65.2583,32.4568],[65.2588,32.4523],[65.2305,32.369],[65.2206,32.3512],[65.2135,32.3334],[65.2099,32.3149],[65.2115,32.2918],[65.2068,32.264],[65.1997,32.2586],[65.193,32.2501],[65.183,32.244],[65.1647,32.2285],[65.1572,32.2191],[65.1433,32.1952],[65.1303,32.1635],[65.123,32.1204],[65.0746,32.1554],[65.0596,32.1857],[65.0508,32.1967],[65.0278,32.216],[65.0215,32.2249],[65.0171,32.2358],[65.0048,32.2464],[64.9928,32.247],[64.9778,32.245],[64.9537,32.239],[64.9235,32.2203],[64.9153,32.2104],[64.9136,32.2051],[64.9104,32.2014],[64.9034,32.2137],[64.8928,32.2242],[64.8872,32.2342],[64.888,32.2554],[64.88,32.2827],[64.8798,32.2953],[64.8867,32.3345],[64.885,32.3546],[64.879,32.3752],[64.8782,32.4071],[64.8679,32.4384],[64.8641,32.4612],[64.8561,32.4776],[64.8361,32.5038],[64.8269,32.5134],[64.8015,32.5298],[64.7972,32.5377],[64.7972,32.5449],[64.8057,32.5599],[64.8167,32.5686],[64.834,32.5881],[64.8391,32.5912],[64.8475,32.6028],[64.8479,32.618]]]]}},{"type":"Feature","properties":{"district_id":"af-hilmand-lashkargah","name":"Lashkargah","country":"AFG","province":"Hilmand"},"geometry":{"type":"MultiPolygon","coordinates":[[[[64.7147,31.2743],[64.6955,31.2731],[64.6657,31.2676],[64.639,31.2653],[64.5754,31.2685],[64.5547,31.2643],[64.532,31.2571],[64.5204,31.2558],[64.5064,31.2579],[64.4767,31.2661],[64.4454,31.2614],[64.4293,31.2618],[64.4025,31.2711],[64.3942,31.2724],[64.2793,31.2676],[64.2591,31.2619],[64.2508,31.2611],[64.2574,31.2718],[64.2612,31.2827],[64.2669,31.2882],[64.2744,31.2994],[64.2955,31.3145],[64.3115,31.348],[64.3207,31.3553],[64.3308,31.3602],[64.3391,31.3691],[64.3467,31.3955],[64.354,31.4081],[64.3648,31.4177],[64.3699,31.4263],[64.3727,31.4378],[64.3707,31.4536],[64.3579,31.4699],[64.3545,31.4892],[64.3456,31.5041],[64.3463,31.5282],[64.3366,31.5612],[64.3369,31.5659],[64.3313,31.5965],[64.3238,31.6101],[64.3201,31.6136],[64.3129,31.6297],[64.3138,31.6378],[64.3246,31.6585],[64.3266,31.681],[64.3312,31.6932],[64.355,31.7212],[64.3593,31.7316],[64.36,31.7432],[64.3645,31.7386],[64.3705,31.7263],[64.3754,31.7094],[64.3903,31.6903],[64.3934,31.6839],[64.402,31.6489],[64.4133,31.6358],[64.4253,31.631],[64.4385,31.6296],[64.4493,31.6312],[64.4694,31.6415],[64.4753,31.6486],[64.4894,31.6565],[64.5026,31.6579],[64.5511,31.6536],[64.5833,31.6479],[64.6242,31.6357],[64.6491,31.6346],[64.6637,31.6394],[64.6688,31.6427],[64.6781,31.6653],[64.6829,31.6675],[64.7104,31.6627],[64.7269,31.6638],[64.7603,31.6713],[64.7999,31.6845],[64.8156,31.6921],[64.7962,31.6375],[64.7853,31.5862],[64.7771,31.5589],[64.7707,31.5435],[64.7587,31.4904],[64.7466,31.4598],[64.7365,31.4196],[64.7363,31.3754],[64.7263,31.3329],[64.7241,31.3112],[64.7146,31.2796],[64.7147,31.2743]]]]}},{"type":"Feature","properties":{"district_id":"af-hilmand-musaqala","name":"MusaQala","country":"AFG","province":"Hilmand"},"geometry":{"type":"MultiPolygon","coordinates":[[[[64.4213,32.8604],[64.4478,32.8714],[64.4753,32.8888],[64.4926,32.8905],[64.5068,32.8953],[64.512,32.8903],[64.5205,32.8862],[64.5386,32.885],[64.5498,32.8898],[64.564,32.9013],[64.5756,32.9025],[64.6027,32.8921],[64.6209,32.8919],[64.6369,32.8967],[64.6614,32.9157],[64.6636,32.9195],[64.6825,32.9287],[64.6907,32.9273],[64.7201,32.9048],[64.7277,32.9013],[64.7579,32.8949],[64.7918,32.8787],[64.7983,32.8727],[64.8017,32.8625],[64.8012,32.8554],[64.7938,32.842],[64.7836,32.7992],[64.7819,32.7901],[64.7839,32.779],[64.7976,32.7594],[64.7999,32.7534],[64.7985,32.7332],[64.8025,32.7213],[64.8136,32.7031],[64.8192,32.6881],[64.8255,32.6804],[64.8387,32.6698],[64.8354,32.6575],[64.824,32.6455],[64.828,32.6361],[64.8421,32.6362],[64.8435,32.6285],[64.8479,32.618],[64.8475,32.6028],[64.8391,32.5912],[64.834,32.5881],[64.8167,32.5686],[64.8057,32.5599],[64.7972,32.5449],[64.7972,32.5377],[64.8015,32.5298],[64.8269,32.5134],[64.8361,32.5038],[64.8561,32.4776],[64.8641,32.4612],[64.8679,32.4384],[64.8782,32.4071],[64.879,32.3752],[64.885,32.3546],[64.8867,32.3345],[64.8798,32.2953],[64.88,32.2827],[64.888,32.2554],[64.8872,32.2342],[64.8928,32.2242],[64.9034,32.2137],[64.9064,32.2088],[64.9193,32.1863],[64.92,32.1773],[64.9134,32.158],[64.9059,32.149],[64.8937,32.1384],[64.8747,32.128],[64.8646,32.1262],[64.8387,32.1254],[64.8323,32.1215],[64.8229,32.1087],[64.8168,32.0859],[64.8124,32.079],[64.8061,32.0737],[64.797,32.0699],[64.782,32.0679],[64.7585,32.0742],[64.753,32.0781],[64.752,32.0847],[64.749,32.0902],[64.7267,32.1119],[64.7189,32.1241],[64.7088,32.1349],[64.7036,32.1542],[64.6978,32.1624],[64.6887,32.1885],[64.6806,32.2022],[64.6773,32.2172],[64.6705,32.2273],[64.6614,32.2346],[64.6561,32.2438],[64.6544,32.2558],[64.6558,32.2769],[64.6541,32.2812],[64.6653,32.3362],[64.6649,32.3798],[64.6616,32.3984],[64.6581,32.4076],[64.6504,32.4199],[64.6398,32.429],[64.6231,32.4387],[64.6086,32.4537],[64.5963,32.4613],[64.5835,32.476],[64.5799,32.4967],[64.5761,32.5012],[64.5601,32.5081],[64.5535,32.5136],[64.5511,32.5221],[64.5552,32.5467],[64.5783,32.6118],[64.5802,32.6278],[64.5913,32.6677],[64.5928,32.7194],[64.5893,32.7441],[64.5837,32.76],[64.5781,32.7667],[64.5613,32.775],[64.5352,32.7948],[64.5052,32.8109],[64.487,32.8296],[64.467,32.8416],[64.4447,32.8477],[64.4317,32.8533],[64.4213,32.8604]]]]}},{"type":"Feature","properties":{"district_id":"af-hilmand-nadali","name":"NadAli","country":"AFG","province":"Hilmand"},"geometry":{"type":"MultiPolygon","coordinates":[[[[64.36,31.7432],[64.3593,31.7316],[64.355,31.7212],[64.3312,31.6932],[64.3266,31.681],[64.3246,31.6585],[64.3138,31.6378],[64.3129,31.6297],[64.3147,31.625],[64.3201,31.6136],[64.3238,31.6101],[64.3313,31.5965],[64.3369,31.5659],[64.3366,31.5612],[64.3294,31.5407],[64.3258,31.5351],[64.3136,31.5253],[64.2977,31.5217],[64.25,31.5214],[64.1851,31.5149],[64.1731,31.5119],[64.152,31.5024],[64.1117,31.4979],[64.0873,31.4976],[64.0756,31.494],[64.0702,31.4868],[64.0672,31.4722],[64.0645,31.4417],[64.0601,31.4296],[64.0601,31.4084],[64.0519,31.387],[64.0544,31.3512],[64.052,31.3349],[64.0577,31.2712],[64.0078,31.2737],[64.0011,31.2726],[63.9864,31.2663],[63.979,31.2657],[63.9541,31.271],[63.9249,31.264],[63.8964,31.2617],[63.875,31.2637],[63.861,31.2688],[63.8459,31.2712],[63.817,31.268],[63.6511,31.2808],[63.5865,31.2813],[63.5597,31.2838],[63.5321,31.2812],[63.4633,31.2852],[63.4276,31.2844],[63.3712,31.2912],[63.2962,31.2932],[63.2802,31.2861],[63.2809,31.3029],[63.2775,31.3196],[63.276,31.3376],[63.279,31.3641],[63.2883,31.4018],[63.2927,31.4472],[63.2914,31.522],[63.2983,31.6266],[63.2979,31.6524],[63.295,31.6713],[63.2958,31.6818],[63.2998,31.7004],[63.3351,31.7819],[63.3421,31.7847],[63.3619,31.7879],[63.4092,31.7892],[63.4398,31.7991],[63.4666,31.8051],[63.4938,31.8074],[63.576,31.8093],[63.6467,31.8169],[63.6837,31.816],[63.7747,31.8181],[63.8106,31.8163],[63.831,31.8181],[63.8648,31.8265],[63.8877,31.8235],[63.9007,31.8282],[63.9131,31.8373],[63.9227,31.8395],[63.9605,31.8282],[63.9998,31.8278],[64.0212,31.8386],[64.0363,31.8419],[64.0519,31.8379],[64.0669,31.8378],[64.081,31.8405],[64.1538,31.8411],[64.1772,31.8368],[64.1982,31.8385],[64.2155,31.8483],[64.2323,31.854],[64.2618,31.8564],[64.3376,31.8565],[64.3548,31.8542],[64.3422,31.8156],[64.3405,31.8027],[64.3453,31.7827],[64.3557,31.7653],[64.36,31.7432]]]]}},{"type":"Feature","properties":{"district_id":"af-hilmand-nahrisarraj","name":"NahriSarraj","country":"AFG","province":"Hilmand"},"geometry":{"type":"MultiPolygon","coordinates":[[[[64.8156,31.6921],[64.7999,31.6845],[64.7603,31.6713],[64.7269,31.6638],[64.7104,31.6627],[64.6829,31.6675],[64.6781,31.6653],[64.6688,31.6427],[64.6637,31.6394],[64.6491,31.6346],[64.6242,31.6357],[64.5833,31.6479],[64.5511,31.6536],[64.5026,31.6579],[64.4894,31.6565],[64.4753,31.6486],[64.4694,31.6415],[64.4493,31.6312],[64.4385,31.6296],[64.4253,31.631],[64.4133,31.6358],[64.402,31.6489],[64.3934,31.6839],[64.3903,31.6903],[64.3754,31.7094],[64.3705,31.7263],[64.3645,31.7386],[64.36,31.7432],[64.3557,31.7653],[64.3453,31.7827],[64.3405,31.8027],[64.3422,31.8156],[64.3548,31.8542],[64.3633,31.8984],[64.3808,31.9053],[64.4331,31.9161],[64.4524,31.9214],[64.497,31.9277],[64.522,31.9349],[64.5557,31.9537],[64.5929,31.9668],[64.6136,31.9799],[64.6482,31.9916],[64.6611,31.9989],[64.6741,32.0242],[64.6886,32.0435],[64.7084,32.0555],[64.7353,32.0632],[64.7513,32.0723],[64.753,32.0781],[64.7585,32.0742],[64.7682,32.0706],[64.782,32.0679],[64.797,32.0699],[64.8045,32.0472],[64.8137,32.0296],[64.8372,31.9715],[64.8884,31.8654],[64.9002,31.834],[64.8735,31.8151],[64.8549,31.7937],[64.8329,31.7594],[64.8263,31.7385],[64.8156,31.6921]]]]}},{"type":"Feature","properties":{"district_id":"af-hilmand-nawzad","name":"NawZad","country":"AFG","province":"Hilmand"},"geometry":{"type":"MultiPolygon","coordinates":[[[[64.0955,32.4683],[64.1032,32.4729],[64.1128,32.4817],[64.1318,32.5078],[64.1825,32.5596],[64.211,32.5946],[64.2398,32.6195],[64.2513,32.6239],[64.2693,32.6265],[64.2819,32.6332],[64.2892,32.6414],[64.2898,32.6551],[64.2868,32.6718],[64.2824,32.6812],[64.2764,32.6867],[64.2651,32.6891],[64.2646,32.7166],[64.2693,32.7296],[64.2841,32.7395],[64.3019,32.7488],[64.3103,32.7562],[64.3511,32.8218],[64.3602,32.832],[64.3737,32.8432],[64.3995,32.8539],[64.4213,32.8604],[64.4317,32.8533],[64.4447,32.8477],[64.467,32.8416],[64.487,32.8296],[64.5052,32.8109],[64.5352,32.7948],[64.5613,32.775],[64.5781,32.7667],[64.5837,32.76],[64.5893,32.7441],[64.5928,32.7194],[64.5913,32.6677],[64.5802,32.6278],[64.5783,32.6118],[64.5552,32.5467],[64.5511,32.5221],[64.5535,32.5136],[64.5601,32.5081],[64.5761,32.5012],[64.5799,32.4967],[64.5835,32.476],[64.5963,32.4613],[64.6086,32.4537],[64.6231,32.4387],[64.6398,32.429],[64.6504,32.4199],[64.6581,32.4076],[64.6616,32.3984],[64.6649,32.3798],[64.6653,32.3362],[64.6541,32.2812],[64.6558,32.2769],[64.6544,32.2558],[64.6561,32.2438],[64.6614,32.2346],[64.6705,32.2273],[64.6773,32.2172],[64.6806,32.2022],[64.6887,32.1885],[64.6978,32.1624],[64.7036,32.1542],[64.7088,32.1349],[64.7189,32.1241],[64.7267,32.1119],[64.749,32.0902],[64.752,32.0847],[64.753,32.0781],[64.7513,32.0723],[64.7353,32.0632],[64.7084,32.0555],[64.6886,32.0435],[64.6741,32.0242],[64.6611,31.9989],[64.6482,31.9916],[64.6136,31.9799],[64.5929,31.9668],[64.5557,31.9537],[64.522,31.9349],[64.497,31.9277],[64.4524,31.9214],[64.4331,31.9161],[64.3808,31.9053],[64.3633,31.8984],[64.3589,31.9208],[64.3432,31.9478],[64.3415,31.9581],[64.3296,31.9928],[64.3256,32.0108],[64.3281,32.0828],[64.3363,32.1067],[64.3504,32.1321],[64.3696,32.1607],[64.3965,32.1853],[64.4207,32.218],[64.4339,32.2404],[64.4374,32.2495],[64.436,32.2624],[64.432,32.266],[64.4184,32.2709],[64.3675,32.2766],[64.3463,32.2864],[64.338,32.296],[64.3185,32.3262],[64.3067,32.3329],[64.297,32.3343],[64.2832,32.3337],[64.2688,32.3297],[64.2527,32.3216],[64.2402,32.3173],[64.2236,32.3171],[64.2114,32.3199],[64.199,32.326],[64.1878,32.3359],[64.165,32.3455],[64.1574,32.3523],[64.1435,32.3715],[64.1308,32.4016],[64.1197,32.4194],[64.1178,32.4291],[64.1042,32.4601],[64.0955,32.4683]]]]}},{"type":"Feature","properties":{"district_id":"af-hilmand-nawa-i-barakzayi","name":"Nawa-i-BarakZayi","country":"AFG","province":"Hilmand"},"geometry":{"type":"MultiPolygon","coordinates":[[[[64.2508,31.2611],[64.1818,31.2606],[64.1398,31.2676],[64.0778,31.2689],[64.0577,31.2712],[64.052,31.3349],[64.0544,31.3512],[64.0519,31.387],[64.0601,31.4084],[64.0601,31.4296],[64.0645,31.4417],[64.0672,31.4722],[64.0702,31.4868],[64.0756,31.494],[64.0873,31.4976],[64.1117,31.4979],[64.152,31.5024],[64.1731,31.5119],[64.1851,31.5149],[64.25,31.5214],[64.2977,31.5217],[64.3136,31.5253],[64.3258,31.5351],[64.3294,31.5407],[64.3366,31.5612],[64.3463,31.5282],[64.3456,31.5041],[64.3545,31.4892],[64.3579,31.4699],[64.3707,31.4536],[64.3727,31.4378],[64.3699,31.4263],[64.3648,31.4177],[64.354,31.4081],[64.3467,31.3955],[64.3391,31.3691],[64.3308,31.3602],[64.3207,31.3553],[64.3115,31.348],[64.2955,31.3145],[64.2744,31.2994],[64.2669,31.2882],[64.2612,31.2827],[64.2574,31.2718],[64.2508,31.2611]]]]}},{"type":"Feature","properties":{"district_id":"af-hilmand-reg","name":"Reg","country":"AFG","province":"Hilmand"},"geometry":{"type":"MultiPolygon","coordinates":[[[[63.6285,30.5536],[63.5863,30.5532],[63.5477,30.5425],[63.5321,30.5346],[63.5283,30.5297],[63.5053,30.5118],[63.4944,30.5091],[63.4875,30.5029],[63.4686,30.4968],[63.4517,30.4954],[63.4338,30.485],[63.4174,30.4805],[63.4113,30.476],[63.4044,30.4744],[63.399,30.4707],[63.3902,30.4544],[63.3733,30.4463],[63.3657,30.4462],[63.3518,30.4511],[63.3477,30.4553],[63.3433,30.4565],[63.3302,30.4533],[63.3266,30.4491],[63.3232,30.4407],[63.3158,30.4341],[63.2933,30.4264],[63.2866,30.4207],[63.2793,30.4092],[63.2768,30.4012],[63.2611,30.3845],[63.2532,30.3696],[63.2299,30.3489],[63.2258,30.3411],[63.2191,30.3364],[63.2079,30.3332],[63.1981,30.324],[63.1887,30.3189],[63.1813,30.3121],[63.1752,30.3114],[63.1571,30.3137],[63.1446,30.309],[63.1262,30.3081],[63.1189,30.3048],[63.1082,30.2964],[63.1028,30.287],[63.0916,30.286],[63.0837,30.2832],[63.0772,30.2764],[63.0632,30.2679],[63.0561,30.267],[63.0371,30.2711],[63.0176,30.2719],[63.01,30.2692],[62.9988,30.2611],[62.985,30.2548],[62.9444,30.2456],[62.9299,30.2374],[62.9113,30.2215],[62.8771,30.2137],[62.8555,30.1997],[62.8303,30.1968],[62.8177,30.1906],[62.7649,30.1736],[62.7769,30.1979],[62.7946,30.2281],[62.8014,30.2443],[62.8663,30.3487],[62.8942,30.3993],[62.9198,30.433],[62.9388,30.4644],[62.9591,30.4926],[62.9607,30.4975],[62.9692,30.5089],[62.9897,30.5444],[63.011,30.5762],[63.0311,30.6027],[63.0721,30.6643],[63.0765,30.6771],[63.0827,30.7143],[63.0866,30.7269],[63.1048,30.7573],[63.1184,30.7764],[63.1298,30.7998],[63.1379,30.8307],[63.149,30.8613],[63.168,30.9463],[63.1724,30.9821],[63.1819,31.023],[63.2039,31.0874],[63.2196,31.1277],[63.2328,31.1689],[63.2395,31.1826],[63.2516,31.2243],[63.2644,31.2513],[63.2739,31.2654],[63.2785,31.2767],[63.2802,31.2861],[63.2962,31.2932],[63.3712,31.2912],[63.4276,31.2844],[63.4633,31.2852],[63.5321,31.2812],[63.5597,31.2838],[63.5865,31.2813],[63.6511,31.2808],[63.817,31.268],[63.8459,31.2712],[63.861,31.2688],[63.875,31.2637],[63.8964,31.2617],[63.9249,31.264],[63.9541,31.271],[63.979,31.2657],[63.9864,31.2663],[64.0011,31.2726],[64.0078,31.2737],[64.0577,31.2712],[64.0567,31.258],[64.0542,31.2492],[64.051,31.1231],[64.0477,31.075],[64.051,31.0426],[64.0644,30.9976],[64.1115,30.9277],[64.128,30.9156],[64.1454,30.8899],[64.1461,30.8819],[64.1425,30.8629],[64.1367,30.8544],[64.13,30.839],[64.1293,30.8128],[64.1266,30.8053],[64.1222,30.7991],[64.1194,30.7721],[64.115,30.7524],[64.1058,30.7369],[64.0954,30.71],[64.0817,30.6947],[64.075,30.6813],[64.0702,30.6761],[64.0614,30.6729],[64.0524,30.6648],[64.0416,30.6332],[64.0189,30.6044],[64.0,30.5868],[63.991,30.5729],[63.9682,30.5479],[63.9536,30.5396],[63.922,30.5277],[63.8997,30.5226],[63.8625,30.5234],[63.8353,30.5199],[63.8064,30.5238],[63.7811,30.5228],[63.7631,30.526],[63.7547,30.5301],[63.7302,30.5351],[63.7077,30.5433],[63.6681,30.5496],[63.6285,30.5536]]]]}},{"type":"Feature","properties":{"district_id":"af-hilmand-sangin","name":"Sangin","country":"AFG","province":"Hilmand"},"geometry":{"type":"MultiPolygon","coordinates":[[[[64.9104,32.2014],[64.9136,32.2051],[64.9153,32.2104],[64.9235,32.2203],[64.9537,32.239],[64.9778,32.245],[64.9928,32.247],[65.0048,32.2464],[65.0171,32.2358],[65.0215,32.2249],[65.0278,32.216],[65.0508,32.1967],[65.0596,32.1857],[65.0746,32.1554],[65.123,32.1204],[65.1209,32.0955],[65.1139,32.0685],[65.1029,32.0404],[65.0868,32.0088],[65.0781,31.9816],[65.0734,31.9717],[65.0436,31.925],[65.0054,31.8814],[64.981,31.8695],[64.9441,31.8569],[64.9372,31.8515],[64.9002,31.834],[64.8884,31.8654],[64.8372,31.9715],[64.8137,32.0296],[64.8045,32.0472],[64.797,32.0699],[64.8061,32.0737],[64.8124,32.079],[64.8168,32.0859],[64.8229,32.1087],[64.8323,32.1215],[64.8387,32.1254],[64.8646,32.1262],[64.8747,32.128],[64.8937,32.1384],[64.9059,32.149],[64.9134,32.158],[64.92,32.1773],[64.9193,32.1863],[64.9104,32.2014]]]]}},{"type":"Feature","properties":{"district_id":"af-hilmand-washer","name":"Washer","country":"AFG","province":"Hilmand"},"geometry":{"type":"MultiPolygon","coordinates":[[[[63.5217,32.2063],[63.5315,32.214],[63.5588,32.2288],[63.585,32.2378],[63.6241,32.2463],[63.6462,32.2555],[63.6695,32.2715],[63.7078,32.3016],[63.7305,32.3153],[63.7509,32.3205],[63.7889,32.3219],[63.8026,32.3249],[63.8354,32.3426],[63.8689,32.3672],[63.901,32.3864],[64.0046,32.4441],[64.0401,32.4595],[64.0581,32.464],[64.0955,32.4683],[64.1042,32.4601],[64.1178,32.4291],[64.1197,32.4194],[64.1308,32.4016],[64.1435,32.3715],[64.1574,32.3523],[64.165,32.3455],[64.1878,32.3359],[64.199,32.326],[64.2114,32.3199],[64.2236,32.3171],[64.2402,32.3173],[64.2527,32.3216],[64.2688,32.3297],[64.2832,32.3337],[64.297,32.3343],[64.3067,32.3329],[64.3185,32.3262],[64.338,32.296],[64.3463,32.2864],[64.3675,32.2766],[64.4184,32.2709],[64.432,32.266],[64.436,32.2624],[64.4374,32.2495],[64.4339,32.2404],[64.4207,32.218],[64.3965,32.1853],[64.3696,32.1607],[64.3504,32.1321],[64.3363,32.1067],[64.3281,32.0828],[64.3256,32.0108],[64.3296,31.9928],[64.3415,31.9581],[64.3432,31.9478],[64.3589,31.9208],[64.3633,31.8984],[64.3548,31.8542],[64.3376,31.8565],[64.2618,31.8564],[64.2323,31.854],[64.2155,31.8483],[64.1982,31.8385],[64.1772,31.8368],[64.1538,31.8411],[64.081,31.8405],[64.0669,31.8378],[64.0519,31.8379],[64.0363,31.8419],[64.0212,31.8386],[63.9998,31.8278],[63.9605,31.8282],[63.9227,31.8395],[63.9131,31.8373],[63.9007,31.8282],[63.8877,31.8235],[63.8648,31.8265],[63.831,31.8181],[63.8106,31.8163],[63.7747,31.8181],[63.6837,31.816],[63.6467,31.8169],[63.576,31.8093],[63.4938,31.8074],[63.4666,31.8051],[63.4398,31.7991],[63.4092,31.7892],[63.3619,31.7879],[63.3421,31.7847],[63.3351,31.7819],[63.3426,31.7999],[63.3722,31.8871],[63.388,31.9249],[63.4006,31.9686],[63.4121,31.9954],[63.4203,32.0139],[63.4357,32.0387],[63.4469,32.0735],[63.455,32.0922],[63.4881,32.1498],[63.4971,32.1693],[63.5124,32.1942],[63.5217,32.2063]]]]}},{"type":"Feature","properties":{"district_id":"af-hirat-adraskan","name":"Adraskan","country":"AFG","province":"Hirat"},"geometry":{"type":"MultiPolygon","coordinates":[[[[61.6727,33.5241],[61.6627,33.5294],[61.6558,33.5313],[61.6312,33.5281],[61.6226,33.5285],[61.5823,33.544],[61.559,33.5484],[61.5489,33.5473],[61.5355,33.5411],[61.5264,33.5323],[61.5167,33.5129],[61.5055,33.5033],[61.4762,33.4869],[61.4465,33.4746],[61.4196,33.4723],[61.4011,33.4753],[61.3897,33.4794],[61.3749,33.4814],[61.3617,33.481],[61.3027,33.4714],[61.2391,33.4646],[61.2058,33.4648],[61.1837,33.467],[61.122,33.4796],[61.0906,33.4879],[61.0687,33.4905],[61.0331,33.4915],[61.0105,33.4882],[60.9951,33.4897],[60.9717,33.4971],[60.9346,33.5005],[60.9488,33.5125],[60.9,33.5389],[60.7566,33.5301],[60.6728,33.5318],[60.5318,33.6502],[60.5264,33.7439],[60.6814,33.762],[60.7556,33.7626],[60.8375,33.773],[60.8795,33.783],[60.8971,33.7834],[60.955,33.7759],[60.9842,33.7764],[61.0052,33.78],[61.0244,33.7894],[61.0567,33.7916],[61.0763,33.7948],[61.0896,33.7994],[61.1029,33.8018],[61.1689,33.8033],[61.2037,33.8068],[61.2569,33.8194],[61.2773,33.8292],[61.3031,33.8489],[61.3314,33.8648],[61.3682,33.8748],[61.4008,33.8772],[61.4185,33.8819],[61.4468,33.8967],[61.492,33.9258],[61.5024,33.937],[61.5252,33.9721],[61.5592,34.0121],[61.5795,34.033],[61.617,34.0664],[61.6577,34.1097],[61.6685,34.1271],[61.6771,34.1578],[61.6942,34.182],[61.7071,34.1636],[61.7165,34.1345],[61.7216,34.1256],[61.7441,34.1059],[61.7644,34.0722],[61.7801,34.0508],[61.8221,34.0122],[61.8376,34.0008],[61.8487,33.9884],[61.8536,33.979],[61.8634,33.9668],[61.8694,33.9627],[61.882,33.9607],[61.8922,33.9639],[61.9022,33.9729],[61.907,33.9864],[61.905,34.0024],[61.9057,34.0118],[61.9103,34.0238],[61.9174,34.0313],[61.9268,34.0361],[61.9334,34.0371],[61.9368,34.04],[61.9483,34.0416],[61.9529,34.0365],[61.9654,34.0283],[61.9969,34.0125],[62.0046,34.0067],[62.0257,33.9971],[62.0497,33.9806],[62.0558,33.9722],[62.06,33.9511],[62.0648,33.9433],[62.0784,33.9317],[62.0991,33.9208],[62.1278,33.9137],[62.1536,33.9045],[62.19,33.9031],[62.2061,33.9071],[62.2166,33.9128],[62.2662,33.9589],[62.2777,33.9652],[62.3023,33.9734],[62.3991,33.9864],[62.4155,33.9902],[62.4262,33.9962],[62.4343,34.0054],[62.4396,34.017],[62.4473,34.0256],[62.4568,34.0327],[62.4856,34.0486],[62.4981,34.0632],[62.5013,34.0765],[62.507,34.0824],[62.5282,34.0753],[62.562,34.0687],[62.5862,34.0621],[62.6313,34.0439],[62.6613,34.0429],[62.6755,34.0375],[62.6861,34.0362],[62.6989,34.0396],[62.7332,34.0594],[62.7898,34.0682],[62.8117,34.0684],[62.8343,34.0666],[62.8549,34.06],[62.8638,34.0526],[62.8759,34.0368],[62.8979,34.002],[62.9129,33.9861],[62.9218,33.9823],[62.9384,33.984],[62.9402,33.9756],[62.9726,33.9715],[63.0373,33.9837],[63.0616,33.9918],[63.0783,33.9917],[63.0772,33.981],[63.0834,33.9551],[63.0768,33.9125],[63.0768,33.8814],[63.0883,33.8327],[63.0861,33.8023],[63.0849,33.7956],[63.0727,33.7631],[63.0639,33.7252],[63.0429,33.6751],[63.0417,33.6674],[63.0479,33.6418],[63.0437,33.6402],[63.024,33.6192],[63.0164,33.6042],[63.0094,33.5799],[62.9909,33.559],[62.972,33.545],[62.9426,33.5292],[62.8921,33.5084],[62.8632,33.4935],[62.8285,33.4692],[62.8035,33.4593],[62.7803,33.4555],[62.754,33.4566],[62.7228,33.4633],[62.6704,33.4852],[62.658,33.4876],[62.5808,33.4839],[62.5259,33.4873],[62.4743,33.4931],[62.4502,33.4936],[62.4268,33.4915],[62.3512,33.4898],[62.2359,33.496],[62.1912,33.496],[62.1186,33.5076],[62.0644,33.5112],[62.0068,33.5069],[61.9498,33.507],[61.8144,33.5207],[61.7505,33.5137],[61.7249,33.5177],[61.7017,33.5248],[61.6727,33.5241]]]]}},{"type":"Feature","properties":{"district_id":"af-hirat-chishtisharif","name":"ChishtiSharif","country":"AFG","province":"Hirat"},"geometry":{"type":"MultiPolygon","coordinates":[[[[63.7814,34.5272],[63.8135,34.5217],[63.8275,34.5217],[63.8427,34.5246],[63.8869,34.545],[63.9273,34.5504],[63.9671,34.5594],[63.9871,34.573],[64.0087,34.5922],[64.0422,34.6124],[64.0791,34.6297],[64.1002,34.6348],[64.1176,34.6371],[64.1392,34.6363],[64.161,34.6317],[64.2045,34.6183],[64.2281,34.6133],[64.2435,34.6134],[64.2556,34.6155],[64.2678,34.6209],[64.2833,34.6246],[64.3522,34.6285],[64.4014,34.6275],[64.415,34.6196],[64.4222,34.6178],[64.444,34.6153],[64.4599,34.6158],[64.4624,34.5822],[64.4618,34.5635],[64.4641,34.547],[64.4731,34.5153],[64.4748,34.5019],[64.4738,34.4933],[64.4671,34.4882],[64.4602,34.487],[64.4459,34.4921],[64.4324,34.4945],[64.3954,34.4919],[64.382,34.4888],[64.3577,34.4882],[64.3146,34.4928],[64.2213,34.4959],[64.1941,34.4911],[64.1841,34.4837],[64.1807,34.4657],[64.1885,34.4404],[64.1962,34.4233],[64.1969,34.414],[64.1964,34.4058],[64.1833,34.3566],[64.183,34.3364],[64.1878,34.3214],[64.2038,34.3012],[64.2059,34.2936],[64.2027,34.2845],[64.1882,34.2738],[64.1771,34.2682],[64.1555,34.264],[64.1352,34.2646],[64.078,34.2784],[64.0578,34.2804],[64.0101,34.2818],[63.9968,34.2785],[63.9865,34.2737],[63.9741,34.2583],[63.9683,34.2551],[63.9529,34.2526],[63.9269,34.2515],[63.8137,34.2529],[63.7575,34.2583],[63.7469,34.2617],[63.7361,34.2699],[63.716,34.2806],[63.6924,34.2872],[63.6707,34.2912],[63.6478,34.2906],[63.5916,34.2837],[63.4921,34.2829],[63.4936,34.289],[63.4927,34.3],[63.4851,34.3442],[63.4846,34.3567],[63.4871,34.3862],[63.4922,34.4098],[63.4969,34.4215],[63.5088,34.4387],[63.5239,34.4516],[63.5459,34.4674],[63.6296,34.5139],[63.6428,34.5243],[63.6501,34.5325],[63.6872,34.5182],[63.7012,34.517],[63.7175,34.5177],[63.7442,34.5269],[63.7582,34.5294],[63.7684,34.5295],[63.7814,34.5272]]]]}},{"type":"Feature","properties":{"district_id":"af-hirat-farsi","name":"Farsi","country":"AFG","province":"Hirat"},"geometry":{"type":"MultiPolygon","coordinates":[[[[63.5016,33.6711],[63.4853,33.6648],[63.4684,33.661],[63.4462,33.6595],[63.4044,33.6612],[63.3851,33.6595],[63.366,33.6558],[63.3298,33.642],[63.2807,33.6329],[63.2343,33.618],[63.1826,33.5953],[63.1607,33.5883],[63.1591,33.6181],[63.1569,33.6293],[63.1524,33.6388],[63.1433,33.6398],[63.127,33.6376],[63.1082,33.6415],[63.082,33.6342],[63.0689,33.6323],[63.0601,33.6334],[63.0526,33.6369],[63.0479,33.6418],[63.0417,33.6674],[63.0429,33.6751],[63.0639,33.7252],[63.0727,33.7631],[63.0849,33.7956],[63.0861,33.8023],[63.0883,33.8327],[63.0768,33.8814],[63.0768,33.9125],[63.0834,33.9551],[63.0772,33.981],[63.0783,33.9917],[63.0855,34.0099],[63.0903,34.0174],[63.099,34.0256],[63.135,34.0467],[63.1782,34.0679],[63.2502,34.0956],[63.2629,34.1039],[63.2683,34.1094],[63.2739,34.1187],[63.2911,34.1678],[63.3077,34.1881],[63.3203,34.2163],[63.3321,34.2312],[63.3429,34.2414],[63.3497,34.2647],[63.3581,34.2766],[63.3751,34.2862],[63.4025,34.2902],[63.4241,34.2905],[63.4921,34.2829],[63.4897,34.2737],[63.4937,34.2676],[63.5006,34.2623],[63.5143,34.2456],[63.5161,34.2383],[63.512,34.2236],[63.4926,34.1936],[63.4743,34.1736],[63.448,34.1377],[63.4263,34.1124],[63.4155,34.1043],[63.3902,34.0938],[63.3816,34.0863],[63.3769,34.0779],[63.3767,34.0714],[63.379,34.0645],[63.4011,34.0478],[63.4086,34.039],[63.4308,34.025],[63.454,34.0062],[63.4527,33.9984],[63.4431,33.9874],[63.4346,33.9711],[63.4258,33.9421],[63.4254,33.931],[63.4323,33.9146],[63.454,33.8847],[63.4642,33.8648],[63.4906,33.7988],[63.513,33.7289],[63.5152,33.7092],[63.5138,33.6919],[63.5016,33.6711]]]]}},{"type":"Feature","properties":{"district_id":"af-hirat-ghoryan","name":"Ghoryan","country":"AFG","province":"Hirat"},"geometry":{"type":"MultiPolygon","coordinates":[[[[61.6942,34.182],[61.6771,34.1578],[61.6685,34.1271],[61.6577,34.1097],[61.617,34.0664],[61.5795,34.033],[61.5592,34.0121],[61.5252,33.9721],[61.5024,33.937],[61.492,33.9258],[61.4468,33.8967],[61.4185,33.8819],[61.4008,33.8772],[61.3682,33.8748],[61.3314,33.8648],[61.3031,33.8489],[61.2773,33.8292],[61.2569,33.8194],[61.2037,33.8068],[61.1689,33.8033],[61.1029,33.8018],[61.0896,33.7994],[61.0763,33.7948],[61.0567,33.7916],[61.0244,33.7894],[61.0052,33.78],[60.9842,33.7764],[60.955,33.7759],[60.8971,33.7834],[60.8795,33.783],[60.8375,33.773],[60.7556,33.7626],[60.6814,33.762],[60.5264,33.7439],[60.5622,33.7911],[60.5627,33.794],[60.5319,33.9776],[60.5261,34.0019],[60.5106,34.0454],[60.5049,34.0816],[60.5187,34.1294],[60.5827,34.2084],[60.6004,34.2265],[60.6366,34.2582],[60.6718,34.2835],[60.6742,34.2873],[60.6744,34.2989],[60.6764,34.3042],[60.6882,34.3124],[60.7039,34.3155],[60.7408,34.312],[60.7921,34.3111],[60.8452,34.3125],[60.9035,34.3047],[60.9357,34.306],[60.9551,34.2999],[60.9776,34.2993],[60.9868,34.3011],[61.0027,34.3079],[61.017,34.32],[61.0467,34.3576],[61.0673,34.3767],[61.0734,34.3843],[61.0778,34.3931],[61.0821,34.4086],[61.0903,34.4211],[61.1338,34.4686],[61.1646,34.5072],[61.1773,34.5142],[61.1859,34.5134],[61.2461,34.4953],[61.2851,34.4868],[61.3084,34.4855],[61.3338,34.489],[61.3853,34.5005],[61.4089,34.5033],[61.453,34.4948],[61.4859,34.498],[61.5077,34.5049],[61.5553,34.5255],[61.5715,34.5361],[61.5743,34.5308],[61.5729,34.5235],[61.5564,34.4924],[61.5544,34.4831],[61.5561,34.4742],[61.5587,34.4702],[61.5681,34.4626],[61.5821,34.4571],[61.5981,34.4454],[61.6196,34.417],[61.643,34.3522],[61.662,34.3245],[61.6748,34.2739],[61.682,34.2588],[61.6848,34.2486],[61.6845,34.2002],[61.6883,34.1899],[61.6942,34.182]]]]}},{"type":"Feature","properties":{"district_id":"af-hirat-gulran","name":"Gulran","country":"AFG","province":"Hirat"},"geometry":{"type":"MultiPolygon","coordinates":[[[[61.974,35.4218],[61.9739,35.3504],[61.9685,35.3257],[61.9675,35.3041],[61.9711,35.2642],[61.9651,35.1966],[61.9763,35.1237],[61.9763,35.0987],[61.9666,35.0607],[61.9546,35.0389],[61.9396,35.0169],[61.9333,35.0011],[61.932,34.9844],[61.9376,34.9693],[61.9517,34.9523],[61.9591,34.9472],[61.9819,34.9408],[61.9912,34.9333],[62.0044,34.8966],[62.0109,34.8898],[62.0174,34.887],[62.0255,34.8801],[62.0284,34.8728],[62.0332,34.7694],[62.0246,34.7576],[62.0105,34.7459],[61.983,34.7341],[61.964,34.7337],[61.9458,34.7368],[61.9123,34.7469],[61.8484,34.7607],[61.7792,34.7935],[61.7379,34.8203],[61.6961,34.8361],[61.6648,34.8435],[61.6144,34.8585],[61.5793,34.8644],[61.569,34.864],[61.5327,34.8546],[61.5192,34.8532],[61.5081,34.8539],[61.4725,34.8479],[61.4369,34.8357],[61.4145,34.8313],[61.3691,34.8268],[61.326,34.8252],[61.2697,34.819],[61.225,34.82],[61.1755,34.8121],[61.1399,34.8084],[61.0559,34.8059],[61.0572,34.8258],[61.0628,34.8571],[61.0575,34.8829],[61.0566,34.9016],[61.0541,34.9099],[61.0566,34.9136],[61.0849,34.936],[61.0903,34.9563],[61.0888,34.9977],[61.0992,35.0317],[61.1029,35.0586],[61.1215,35.0779],[61.1207,35.0874],[61.1129,35.1153],[61.103,35.129],[61.0959,35.1432],[61.0907,35.1442],[61.0864,35.1526],[61.1091,35.1546],[61.1149,35.1581],[61.1135,35.1604],[61.1097,35.1614],[61.0943,35.1598],[61.0934,35.1653],[61.0876,35.1713],[61.0951,35.1772],[61.097,35.1843],[61.1024,35.1862],[61.1052,35.199],[61.1147,35.1994],[61.1149,35.2053],[61.1171,35.2073],[61.1174,35.2114],[61.102,35.2162],[61.0996,35.2214],[61.1,35.229],[61.1031,35.2333],[61.0978,35.2367],[61.0978,35.2416],[61.0995,35.2419],[61.0971,35.2579],[61.0927,35.2616],[61.0999,35.2757],[61.103,35.2791],[61.1089,35.2819],[61.1155,35.2819],[61.1229,35.2774],[61.127,35.28],[61.1328,35.2782],[61.1566,35.2824],[61.1559,35.2766],[61.1589,35.2749],[61.1608,35.2789],[61.1674,35.2852],[61.1654,35.2852],[61.1684,35.2893],[61.1749,35.2896],[61.1786,35.2925],[61.1825,35.2905],[61.1909,35.2916],[61.19,35.2993],[61.192,35.2999],[61.1919,35.3013],[61.1898,35.3012],[61.1901,35.3085],[61.1871,35.3163],[61.1907,35.3165],[61.1918,35.3187],[61.1858,35.3235],[61.1866,35.3283],[61.183,35.3308],[61.1825,35.3346],[61.1764,35.3409],[61.1781,35.357],[61.1855,35.3582],[61.1849,35.3707],[61.1944,35.3762],[61.2001,35.3727],[61.1994,35.378],[61.1949,35.3794],[61.1941,35.3823],[61.1992,35.3847],[61.2005,35.3871],[61.1982,35.3897],[61.1964,35.3882],[61.1947,35.3889],[61.1881,35.3996],[61.1963,35.407],[61.1977,35.4068],[61.1993,35.4107],[61.2115,35.4131],[61.2154,35.4198],[61.2256,35.4201],[61.2268,35.4217],[61.233,35.4333],[61.2225,35.4415],[61.2256,35.4463],[61.236,35.4502],[61.2371,35.4569],[61.2355,35.4638],[61.2397,35.4689],[61.2415,35.4752],[61.2473,35.476],[61.2486,35.4829],[61.2518,35.4852],[61.2525,35.4883],[61.2583,35.4905],[61.2606,35.5005],[61.2641,35.5043],[61.2626,35.5071],[61.2668,35.5132],[61.2732,35.5149],[61.279,35.5213],[61.2803,35.5252],[61.2754,35.5303],[61.2813,35.5337],[61.2833,35.5405],[61.2806,35.5514],[61.2731,35.553],[61.2732,35.5596],[61.2691,35.5664],[61.2774,35.5747],[61.2768,35.5856],[61.2707,35.5893],[61.2786,35.5974],[61.2753,35.6035],[61.2825,35.6083],[61.2861,35.6146],[61.317,35.6209],[61.3491,35.6237],[61.3537,35.6221],[61.3702,35.6237],[61.376,35.62],[61.371,35.6145],[61.3704,35.6058],[61.3767,35.5934],[61.3832,35.589],[61.3922,35.5893],[61.3953,35.5827],[61.4019,35.5823],[61.4013,35.5771],[61.3898,35.5715],[61.3886,35.5667],[61.396,35.5585],[61.4034,35.5524],[61.4104,35.5517],[61.4276,35.5368],[61.4333,35.5364],[61.4478,35.5282],[61.4525,35.5198],[61.5895,35.4352],[61.7825,35.4096],[61.9686,35.4515],[61.974,35.4218]]],[[[61.1938,35.3848],[61.1947,35.3851],[61.1945,35.3847],[61.1938,35.3848]]]]}},{"type":"Feature","properties":{"district_id":"af-hirat-guzara","name":"Guzara","country":"AFG","province":"Hirat"},"geometry":{"type":"MultiPolygon","coordinates":[[[[62.507,34.0824],[62.5013,34.0765],[62.4981,34.0632],[62.4856,34.0486],[62.4568,34.0327],[62.4473,34.0256],[62.4396,34.017],[62.4343,34.0054],[62.4262,33.9962],[62.4155,33.9902],[62.3991,33.9864],[62.3023,33.9734],[62.2777,33.9652],[62.2662,33.9589],[62.2166,33.9128],[62.2061,33.9071],[62.19,33.9031],[62.1536,33.9045],[62.1278,33.9137],[62.0991,33.9208],[62.0784,33.9317],[62.0648,33.9433],[62.06,33.9511],[62.0558,33.9722],[62.0497,33.9806],[62.0257,33.9971],[62.0046,34.0067],[61.9969,34.0125],[61.9654,34.0283],[61.9529,34.0365],[61.9483,34.0416],[61.954,34.0476],[61.954,34.0549],[61.9501,34.0638],[61.9301,34.0962],[61.923,34.114],[61.9193,34.1524],[61.9153,34.1711],[61.891,34.2403],[61.8893,34.2532],[61.9029,34.2965],[61.9025,34.3411],[61.9164,34.3325],[61.96,34.313],[61.9948,34.3004],[62.0067,34.2981],[62.0268,34.298],[62.0398,34.2958],[62.0818,34.2809],[62.1145,34.2745],[62.1471,34.2738],[62.18,34.2786],[62.194,34.2769],[62.225,34.2583],[62.2376,34.2531],[62.2579,34.2505],[62.3186,34.248],[62.338,34.2483],[62.3639,34.2513],[62.3829,34.2538],[62.3962,34.2581],[62.4124,34.2608],[62.4423,34.2742],[62.4476,34.2616],[62.4562,34.2236],[62.4657,34.1677],[62.4751,34.1413],[62.4777,34.1378],[62.4867,34.1072],[62.507,34.0824]]]]}},{"type":"Feature","properties":{"district_id":"af-hirat-hiratcity","name":"HiratCity","country":"AFG","province":"Hirat"},"geometry":{"type":"MultiPolygon","coordinates":[[[[62.2126,34.3541],[62.2083,34.3243],[62.1743,34.3371],[62.1487,34.3498],[62.1317,34.3541],[62.1572,34.3754],[62.1785,34.4009],[62.2083,34.3839],[62.2126,34.3541]]]]}},{"type":"Feature","properties":{"district_id":"af-hirat-injil","name":"Injil","country":"AFG","province":"Hirat"},"geometry":{"type":"MultiPolygon","coordinates":[[[[62.4423,34.2742],[62.4124,34.2608],[62.3962,34.2581],[62.3829,34.2538],[62.338,34.2483],[62.3186,34.248],[62.2579,34.2505],[62.2376,34.2531],[62.225,34.2583],[62.194,34.2769],[62.18,34.2786],[62.1471,34.2738],[62.1145,34.2745],[62.0818,34.2809],[62.0398,34.2958],[62.0268,34.298],[62.0067,34.2981],[61.9948,34.3004],[61.96,34.313],[61.9164,34.3325],[61.9025,34.3411],[61.9016,34.3688],[61.8952,34.3847],[61.8949,34.3904],[61.8975,34.3999],[61.9238,34.4153],[61.9334,34.4232],[61.9371,34.4289],[61.9436,34.4487],[61.9536,34.4687],[61.9885,34.5202],[61.9985,34.5291],[62.0099,34.5363],[62.0208,34.5487],[62.0479,34.6002],[62.1015,34.685],[62.1098,34.7012],[62.1107,34.7095],[62.1303,34.7092],[62.1414,34.711],[62.1497,34.7101],[62.1722,34.6996],[62.1872,34.689],[62.228,34.676],[62.2402,34.6744],[62.2565,34.6748],[62.2897,34.6792],[62.2979,34.6538],[62.3277,34.6142],[62.3507,34.5632],[62.3528,34.5545],[62.3559,34.5132],[62.3562,34.4408],[62.3596,34.43],[62.3706,34.4103],[62.3887,34.3898],[62.3906,34.3756],[62.39,34.3469],[62.3922,34.3355],[62.397,34.3241],[62.4029,34.3161],[62.4222,34.3029],[62.4353,34.2873],[62.4423,34.2742]],[[62.2126,34.3541],[62.2083,34.3839],[62.1785,34.4009],[62.1572,34.3754],[62.1317,34.3541],[62.1487,34.3498],[62.1743,34.3371],[62.2083,34.3243],[62.2126,34.3541]]]]}},{"type":"Feature","properties":{"district_id":"af-hirat-karukh","name":"Karukh","country":"AFG","province":"Hirat"},"geometry":{"type":"MultiPolygon","coordinates":[[[[63.0971,34.6447],[63.152,34.6353],[63.171,34.6372],[63.1867,34.641],[63.1859,34.616],[63.1779,34.6032],[63.1478,34.574],[63.103,34.5485],[63.0708,34.5231],[63.0285,34.4786],[62.9758,34.4317],[62.9676,34.4194],[62.9676,34.407],[62.9191,34.41],[62.9027,34.4056],[62.897,34.4009],[62.8946,34.396],[62.8931,34.39],[62.8947,34.3845],[62.8932,34.3775],[62.889,34.3711],[62.8834,34.3661],[62.8739,34.3606],[62.8512,34.3601],[62.8189,34.3641],[62.7958,34.373],[62.7762,34.3773],[62.727,34.3813],[62.6998,34.3876],[62.6242,34.3994],[62.5917,34.3998],[62.583,34.3966],[62.559,34.3749],[62.5554,34.3683],[62.5302,34.3354],[62.5078,34.3139],[62.4423,34.2742],[62.4353,34.2873],[62.4222,34.3029],[62.4029,34.3161],[62.397,34.3241],[62.3922,34.3355],[62.39,34.3469],[62.3906,34.3756],[62.3887,34.3898],[62.3706,34.4103],[62.3596,34.43],[62.3562,34.4408],[62.3559,34.5132],[62.3528,34.5545],[62.3507,34.5632],[62.3277,34.6142],[62.2979,34.6538],[62.2897,34.6792],[62.3251,34.6729],[62.3867,34.6788],[62.4355,34.6762],[62.4736,34.6801],[62.4849,34.673],[62.4934,34.6706],[62.5377,34.67],[62.5779,34.6633],[62.6133,34.6635],[62.6274,34.6617],[62.634,34.6594],[62.6481,34.6466],[62.6676,34.6338],[62.6836,34.6194],[62.6953,34.6136],[62.7138,34.6076],[62.7275,34.6058],[62.7724,34.6061],[62.8116,34.61],[62.8408,34.6071],[62.8736,34.6009],[62.8785,34.5983],[62.9147,34.5904],[62.9463,34.581],[62.9681,34.5779],[62.9893,34.5809],[63.0137,34.5907],[63.0496,34.6167],[63.0971,34.6447]]]]}},{"type":"Feature","properties":{"district_id":"af-hirat-kuhsan","name":"Kuhsan","country":"AFG","province":"Hirat"},"geometry":{"type":"MultiPolygon","coordinates":[[[[61.5715,34.5361],[61.5553,34.5255],[61.5077,34.5049],[61.4859,34.498],[61.453,34.4948],[61.4089,34.5033],[61.3853,34.5005],[61.3338,34.489],[61.3084,34.4855],[61.2851,34.4868],[61.2461,34.4953],[61.1859,34.5134],[61.1773,34.5142],[61.1646,34.5072],[61.1338,34.4686],[61.0903,34.4211],[61.0821,34.4086],[61.0778,34.3931],[61.0734,34.3843],[61.0673,34.3767],[61.0467,34.3576],[61.017,34.32],[61.0027,34.3079],[60.9868,34.3011],[60.9776,34.2993],[60.9551,34.2999],[60.9347,34.3059],[60.9109,34.3324],[60.8971,34.3511],[60.8691,34.3741],[60.8532,34.4055],[60.8461,34.4263],[60.8051,34.4588],[60.746,34.4962],[60.7277,34.5104],[60.7254,34.5146],[60.7318,34.5229],[60.7669,34.5306],[60.7853,34.5381],[60.8065,34.5423],[60.8176,34.5419],[60.8247,34.5445],[60.847,34.5436],[60.8779,34.561],[60.8948,34.5683],[60.8971,34.5725],[60.9001,34.5903],[60.9123,34.6228],[60.9212,34.6275],[60.9324,34.6279],[60.9477,34.6173],[60.9547,34.6169],[60.9678,34.6211],[60.9847,34.6312],[60.9887,34.6353],[60.9914,34.6416],[60.9893,34.6494],[60.984,34.6565],[60.9837,34.6621],[60.986,34.6701],[60.9838,34.6747],[60.9809,34.6929],[60.9822,34.6981],[60.9887,34.7089],[60.9993,34.7179],[61.0055,34.7268],[61.0125,34.7315],[61.053,34.7868],[61.0568,34.794],[61.0559,34.8059],[61.1399,34.8084],[61.1755,34.8121],[61.225,34.82],[61.2697,34.819],[61.326,34.8252],[61.3691,34.8268],[61.4145,34.8313],[61.4369,34.8357],[61.4725,34.8479],[61.5081,34.8539],[61.5192,34.8532],[61.5327,34.8546],[61.569,34.864],[61.5793,34.8644],[61.6144,34.8585],[61.6648,34.8435],[61.6961,34.8361],[61.7379,34.8203],[61.7792,34.7935],[61.8484,34.7607],[61.8659,34.7564],[61.8552,34.7487],[61.8358,34.7391],[61.8247,34.7301],[61.8138,34.7096],[61.8058,34.6995],[61.7952,34.6897],[61.7889,34.6759],[61.7722,34.6539],[61.7604,34.6446],[61.7295,34.6256],[61.6226,34.5657],[61.5953,34.5564],[61.583,34.5501],[61.5739,34.5425],[61.5715,34.5361]]]]}},{"type":"Feature","properties":{"district_id":"af-hirat-kushk","name":"Kushk","country":"AFG","province":"Hirat"},"geometry":{"type":"MultiPolygon","coordinates":[[[[62.0105,34.7459],[62.0246,34.7576],[62.0332,34.7694],[62.0284,34.8728],[62.0255,34.8801],[62.0174,34.887],[62.0109,34.8898],[62.0044,34.8966],[61.9912,34.9333],[61.9819,34.9408],[61.9591,34.9472],[61.9517,34.9523],[61.9376,34.9693],[61.932,34.9844],[61.9333,35.0011],[61.9396,35.0169],[61.9546,35.0389],[61.9666,35.0607],[61.9763,35.0987],[61.9763,35.1237],[61.9651,35.1966],[61.9711,35.2642],[61.9675,35.3041],[61.9685,35.3257],[61.9739,35.3504],[61.974,35.4218],[61.9686,35.4515],[62.0662,35.4316],[62.1176,35.3747],[62.1526,35.3428],[62.2649,35.2954],[62.2692,35.2868],[62.2747,35.2837],[62.2742,35.2779],[62.2779,35.2673],[62.2908,35.2539],[62.2916,35.2472],[62.29,35.2439],[62.2931,35.2362],[62.2939,35.2299],[62.2926,35.2286],[62.2947,35.2234],[62.2921,35.2184],[62.2959,35.2108],[62.2946,35.2015],[62.2959,35.1887],[62.3037,35.1689],[62.3019,35.1375],[62.3075,35.1298],[62.4667,35.268],[62.4821,35.2783],[62.4833,35.2516],[62.4923,35.2254],[62.4941,35.2001],[62.5001,35.1753],[62.5262,35.1205],[62.5325,35.1019],[62.5371,35.0806],[62.5405,35.0736],[62.5425,35.0576],[62.5374,35.0435],[62.5276,35.0282],[62.486,34.9874],[62.467,34.9541],[62.4666,34.9041],[62.4683,34.8978],[62.4556,34.8602],[62.4308,34.8069],[62.4259,34.791],[62.4318,34.7736],[62.4454,34.7569],[62.4515,34.7429],[62.4555,34.7172],[62.4616,34.6964],[62.4736,34.6801],[62.4355,34.6762],[62.3867,34.6788],[62.3251,34.6729],[62.2897,34.6792],[62.2565,34.6748],[62.2402,34.6744],[62.228,34.676],[62.1872,34.689],[62.1722,34.6996],[62.1497,34.7101],[62.1414,34.711],[62.1303,34.7092],[62.1107,34.7095],[62.0853,34.716],[62.0554,34.7349],[62.0466,34.739],[62.0105,34.7459]]]]}},{"type":"Feature","properties":{"district_id":"af-hirat-kushkikuhna","name":"KushkiKuhna","country":"AFG","province":"Hirat"},"geometry":{"type":"MultiPolygon","coordinates":[[[[62.8181,35.3019],[62.801,35.2275],[62.7932,35.2141],[62.7842,35.2057],[62.7207,35.1719],[62.702,35.1587],[62.6889,35.1467],[62.6636,35.1101],[62.6603,35.0998],[62.6557,35.0659],[62.6356,35.0464],[62.6279,35.0299],[62.6293,35.0233],[62.6327,35.0193],[62.6567,35.0057],[62.6609,35.0002],[62.6609,34.9935],[62.6523,34.9556],[62.6508,34.888],[62.654,34.8818],[62.6715,34.8622],[62.6821,34.8463],[62.6925,34.8384],[62.7154,34.8306],[62.7423,34.826],[62.7581,34.8176],[62.763,34.817],[62.7931,34.7935],[62.826,34.7711],[62.846,34.7622],[62.8685,34.7578],[62.8856,34.7498],[62.9093,34.7425],[62.9329,34.7399],[62.9635,34.7399],[62.9784,34.7363],[63.0043,34.7268],[63.0088,34.7225],[63.0378,34.7066],[63.0624,34.6902],[63.0692,34.6815],[63.072,34.6737],[63.0825,34.6577],[63.0971,34.6447],[63.0496,34.6167],[63.0137,34.5907],[62.9893,34.5809],[62.9681,34.5779],[62.9463,34.581],[62.9147,34.5904],[62.8785,34.5983],[62.8736,34.6009],[62.8408,34.6071],[62.8116,34.61],[62.7724,34.6061],[62.7275,34.6058],[62.7138,34.6076],[62.6953,34.6136],[62.6836,34.6194],[62.6676,34.6338],[62.6481,34.6466],[62.634,34.6594],[62.6274,34.6617],[62.6133,34.6635],[62.5779,34.6633],[62.5377,34.67],[62.4934,34.6706],[62.4849,34.673],[62.4736,34.6801],[62.4616,34.6964],[62.4555,34.7172],[62.4515,34.7429],[62.4454,34.7569],[62.4318,34.7736],[62.4259,34.791],[62.4308,34.8069],[62.4556,34.8602],[62.4683,34.8978],[62.4666,34.9041],[62.467,34.9541],[62.486,34.9874],[62.5276,35.0282],[62.5374,35.0435],[62.5425,35.0576],[62.5405,35.0736],[62.5371,35.0806],[62.5325,35.1019],[62.5262,35.1205],[62.5001,35.1753],[62.4941,35.2001],[62.4923,35.2254],[62.4833,35.2516],[62.4821,35.2783],[62.4907,35.2742],[62.4982,35.2752],[62.5052,35.2686],[62.5138,35.267],[62.5221,35.274],[62.5329,35.2609],[62.5435,35.2581],[62.5438,35.248],[62.552,35.2349],[62.5746,35.2317],[62.58,35.2211],[62.5866,35.2259],[62.6014,35.2283],[62.6067,35.2362],[62.6116,35.2342],[62.622,35.2137],[62.6252,35.2096],[62.6299,35.2088],[62.637,35.2137],[62.6451,35.2236],[62.6528,35.2283],[62.6643,35.232],[62.6781,35.2313],[62.6917,35.239],[62.7049,35.2364],[62.7175,35.2414],[62.7267,35.2512],[62.7371,35.2504],[62.7456,35.2537],[62.7508,35.2615],[62.7528,35.2772],[62.7651,35.2871],[62.7806,35.2926],[62.7866,35.2998],[62.8043,35.3023],[62.8181,35.3019]]]]}},{"type":"Feature","properties":{"district_id":"af-hirat-obe","name":"Obe","country":"AFG","province":"Hirat"},"geometry":{"type":"MultiPolygon","coordinates":[[[[63.2352,34.6476],[63.3176,34.6545],[63.3489,34.6513],[63.3726,34.6433],[63.4055,34.6293],[63.448,34.6212],[63.4656,34.615],[63.4808,34.6018],[63.5023,34.5707],[63.5133,34.5586],[63.5227,34.5535],[63.5321,34.5506],[63.607,34.5378],[63.6501,34.5325],[63.6428,34.5243],[63.6296,34.5139],[63.5459,34.4674],[63.5239,34.4516],[63.5088,34.4387],[63.4969,34.4215],[63.4922,34.4098],[63.4871,34.3862],[63.4846,34.3567],[63.4851,34.3442],[63.4927,34.3],[63.4936,34.289],[63.4921,34.2829],[63.4241,34.2905],[63.4025,34.2902],[63.3751,34.2862],[63.3581,34.2766],[63.3497,34.2647],[63.3429,34.2414],[63.3321,34.2312],[63.3203,34.2163],[63.3077,34.1881],[63.2911,34.1678],[63.2739,34.1187],[63.2683,34.1094],[63.2629,34.1039],[63.2502,34.0956],[63.1782,34.0679],[63.135,34.0467],[63.099,34.0256],[63.0903,34.0174],[63.0855,34.0099],[63.0783,33.9917],[63.0616,33.9918],[63.0373,33.9837],[62.9726,33.9715],[62.9402,33.9756],[62.9384,33.984],[62.9417,33.9997],[62.9469,34.0119],[62.9567,34.0269],[63.0086,34.093],[63.0178,34.1099],[63.0232,34.1245],[63.0253,34.1443],[63.0147,34.1666],[63.0197,34.1905],[63.0202,34.2078],[63.0186,34.228],[63.0098,34.2508],[62.9998,34.2644],[62.9785,34.2856],[62.9693,34.3046],[62.9652,34.3259],[62.9626,34.3611],[62.9695,34.3899],[62.9676,34.4194],[62.9758,34.4317],[63.0285,34.4786],[63.0708,34.5231],[63.103,34.5485],[63.1478,34.574],[63.1779,34.6032],[63.1859,34.616],[63.1867,34.641],[63.2352,34.6476]]]]}},{"type":"Feature","properties":{"district_id":"af-hirat-pashtunzarghun","name":"PashtunZarghun","country":"AFG","province":"Hirat"},"geometry":{"type":"MultiPolygon","coordinates":[[[[62.9384,33.984],[62.9218,33.9823],[62.9129,33.9861],[62.8979,34.002],[62.8759,34.0368],[62.8638,34.0526],[62.8549,34.06],[62.8343,34.0666],[62.8117,34.0684],[62.7898,34.0682],[62.7332,34.0594],[62.6989,34.0396],[62.6861,34.0362],[62.6755,34.0375],[62.6613,34.0429],[62.6313,34.0439],[62.5862,34.0621],[62.562,34.0687],[62.5282,34.0753],[62.507,34.0824],[62.4867,34.1072],[62.4777,34.1378],[62.4751,34.1413],[62.4657,34.1677],[62.4562,34.2236],[62.4476,34.2616],[62.4423,34.2742],[62.5078,34.3139],[62.5302,34.3354],[62.5554,34.3683],[62.559,34.3749],[62.583,34.3966],[62.5917,34.3998],[62.6242,34.3994],[62.6998,34.3876],[62.727,34.3813],[62.7762,34.3773],[62.7958,34.373],[62.8189,34.3641],[62.8512,34.3601],[62.8739,34.3606],[62.8834,34.3661],[62.889,34.3711],[62.8932,34.3775],[62.8947,34.3845],[62.8931,34.39],[62.8946,34.396],[62.897,34.4009],[62.9027,34.4056],[62.9191,34.41],[62.9676,34.407],[62.9695,34.3899],[62.9626,34.3611],[62.9652,34.3259],[62.9693,34.3046],[62.9785,34.2856],[62.9998,34.2644],[63.0098,34.2508],[63.0186,34.228],[63.0202,34.2078],[63.0197,34.1905],[63.0147,34.1666],[63.0253,34.1443],[63.0232,34.1245],[63.0178,34.1099],[63.0086,34.093],[62.9567,34.0269],[62.9469,34.0119],[62.9417,33.9997],[62.9384,33.984]]]]}},{"type":"Feature","properties":{"district_id":"af-hirat-shindand","name":"Shindand","country":"AFG","province":"Hirat"},"geometry":{"type":"MultiPolygon","coordinates":[[[[61.9034,32.7667],[61.8908,32.7761],[61.8812,32.7876],[61.8713,32.795],[61.8619,32.8046],[61.8406,32.8338],[61.8312,32.8583],[61.8283,32.8765],[61.8267,32.9043],[61.8187,32.9249],[61.8158,32.9468],[61.8207,32.9744],[61.8194,33.0013],[61.8111,33.0294],[61.7988,33.082],[61.79,33.1087],[61.782,33.1469],[61.7712,33.1764],[61.7607,33.2322],[61.7424,33.2931],[61.725,33.3396],[61.7036,33.4149],[61.6945,33.455],[61.6937,33.4705],[61.6898,33.4882],[61.6821,33.5105],[61.6727,33.5241],[61.7017,33.5248],[61.7249,33.5177],[61.7505,33.5137],[61.8144,33.5207],[61.9498,33.507],[62.0068,33.5069],[62.0644,33.5112],[62.1186,33.5076],[62.1912,33.496],[62.2359,33.496],[62.3512,33.4898],[62.4268,33.4915],[62.4502,33.4936],[62.4743,33.4931],[62.5259,33.4873],[62.5808,33.4839],[62.658,33.4876],[62.6704,33.4852],[62.7228,33.4633],[62.754,33.4566],[62.7803,33.4555],[62.8035,33.4593],[62.8285,33.4692],[62.8632,33.4935],[62.8921,33.5084],[62.9426,33.5292],[62.972,33.545],[62.9909,33.559],[63.0094,33.5799],[63.0164,33.6042],[63.024,33.6192],[63.0437,33.6402],[63.0479,33.6418],[63.0526,33.6369],[63.0601,33.6334],[63.0689,33.6323],[63.082,33.6342],[63.1082,33.6415],[63.127,33.6376],[63.1433,33.6398],[63.1524,33.6388],[63.1569,33.6293],[63.1591,33.6181],[63.1607,33.5883],[63.1485,33.5839],[63.1296,33.5738],[63.1174,33.5638],[63.078,33.5492],[63.0647,33.5405],[63.0564,33.5297],[63.0535,33.5203],[63.064,33.491],[63.0826,33.4556],[63.122,33.3952],[63.1319,33.3818],[63.1489,33.3641],[63.153,33.3516],[63.1506,33.3361],[63.136,33.3172],[63.1325,33.3087],[63.1147,33.3065],[63.0946,33.2991],[63.0774,33.2814],[63.0714,33.2702],[63.0563,33.2208],[63.0356,33.1881],[63.0161,33.1655],[62.9992,33.1555],[62.9884,33.1526],[62.9593,33.1491],[62.9198,33.1355],[62.8928,33.1232],[62.8627,33.1164],[62.8366,33.1175],[62.8114,33.1222],[62.7488,33.1236],[62.7373,33.1192],[62.7127,33.1041],[62.6999,33.0989],[62.6856,33.0872],[62.6729,33.0836],[62.6525,33.0824],[62.6289,33.0832],[62.6062,33.0795],[62.5858,33.0784],[62.5363,33.0789],[62.5247,33.0779],[62.5053,33.0724],[62.4816,33.0592],[62.4485,33.05],[62.4388,33.0455],[62.4215,33.0345],[62.4135,33.0268],[62.4,33.0045],[62.3958,32.9889],[62.396,32.965],[62.3978,32.9487],[62.4007,32.9417],[62.4004,32.9224],[62.3966,32.9153],[62.3896,32.9064],[62.3782,32.8984],[62.32,32.8666],[62.3039,32.8602],[62.2636,32.8478],[62.2034,32.8365],[62.1836,32.8307],[62.1616,32.8209],[62.133,32.8039],[62.1159,32.7973],[62.1045,32.7952],[62.0848,32.7962],[62.0742,32.7947],[62.0603,32.7887],[62.0417,32.7711],[62.021,32.7631],[61.9754,32.7584],[61.9395,32.7581],[61.9182,32.7606],[61.9034,32.7667]]]]}},{"type":"Feature","properties":{"district_id":"af-hirat-zindajan","name":"ZindaJan","country":"AFG","province":"Hirat"},"geometry":{"type":"MultiPolygon","coordinates":[[[[61.9483,34.0416],[61.9368,34.04],[61.9334,34.0371],[61.9268,34.0361],[61.9174,34.0313],[61.9103,34.0238],[61.9057,34.0118],[61.905,34.0024],[61.907,33.9864],[61.9022,33.9729],[61.8922,33.9639],[61.882,33.9607],[61.8694,33.9627],[61.8634,33.9668],[61.8536,33.979],[61.8487,33.9884],[61.8376,34.0008],[61.8221,34.0122],[61.7801,34.0508],[61.7644,34.0722],[61.7441,34.1059],[61.7216,34.1256],[61.7165,34.1345],[61.7071,34.1636],[61.6883,34.1899],[61.6845,34.2002],[61.6848,34.2486],[61.682,34.2588],[61.6748,34.2739],[61.662,34.3245],[61.643,34.3522],[61.6196,34.417],[61.5981,34.4454],[61.5821,34.4571],[61.5681,34.4626],[61.5587,34.4702],[61.5561,34.4742],[61.5544,34.4831],[61.5564,34.4924],[61.5729,34.5235],[61.5743,34.5308],[61.5715,34.5361],[61.5739,34.5425],[61.583,34.5501],[61.5953,34.5564],[61.6226,34.5657],[61.7295,34.6256],[61.7604,34.6446],[61.7722,34.6539],[61.7889,34.6759],[61.7952,34.6897],[61.8058,34.6995],[61.8138,34.7096],[61.8247,34.7301],[61.8358,34.7391],[61.8552,34.7487],[61.8659,34.7564],[61.9123,34.7469],[61.9458,34.7368],[61.964,34.7337],[61.983,34.7341],[62.0105,34.7459],[62.0214,34.7448],[62.0466,34.739],[62.0554,34.7349],[62.0853,34.716],[62.1107,34.7095],[62.1098,34.7012],[62.1015,34.685],[62.0479,34.6002],[62.0208,34.5487],[62.0099,34.5363],[61.9985,34.5291],[61.9885,34.5202],[61.9536,34.4687],[61.9436,34.4487],[61.9371,34.4289],[61.9334,34.4232],[61.9238,34.4153],[61.8975,34.3999],[61.8949,34.3904],[61.8952,34.3847],[61.9016,34.3688],[61.9029,34.2965],[61.8893,34.2532],[61.891,34.2403],[61.9153,34.1711],[61.9193,34.1524],[61.923,34.114],[61.9301,34.0962],[61.9501,34.0638],[61.954,34.0549],[61.954,34.0476],[61.9483,34.0416]]]]}},{"type":"Feature","properties":{"district_id":"af-jawzjan-aqcha","name":"Aqcha","country":"AFG","province":"Jawzjan"},"geometry":{"type":"MultiPolygon","coordinates":[[[[66.3158,36.8663],[66.3159,36.8516],[66.3034,36.8312],[66.3003,36.814],[66.2961,36.8034],[66.2846,36.7866],[66.28,36.7622],[66.263,36.7089],[66.2611,36.673],[66.2504,36.5938],[66.241,36.563],[66.2418,36.4957],[66.2341,36.4936],[66.2159,36.4929],[66.1618,36.5011],[66.1389,36.5021],[66.1241,36.5008],[66.0978,36.4938],[66.1082,36.5119],[66.1093,36.5205],[66.1112,36.5537],[66.1054,36.5965],[66.0939,36.6109],[66.0863,36.6168],[66.0766,36.6211],[66.0301,36.6349],[66.0123,36.6438],[65.9896,36.6628],[65.9705,36.6852],[65.9594,36.7016],[65.9542,36.7198],[65.9553,36.7247],[65.9633,36.7331],[65.975,36.7393],[65.9831,36.7411],[66.0109,36.7386],[66.0172,36.7485],[66.0217,36.7613],[66.0296,36.7697],[66.0339,36.7813],[66.0417,36.7904],[66.0468,36.8001],[66.0481,36.8132],[66.0425,36.8365],[66.0276,36.8504],[66.0095,36.8586],[65.9825,36.8743],[65.9663,36.8786],[65.9819,36.8852],[65.9935,36.8957],[66.0025,36.8992],[66.0076,36.8981],[66.0123,36.8943],[66.0196,36.8916],[66.0357,36.8921],[66.0666,36.9003],[66.0779,36.9056],[66.0858,36.9116],[66.1022,36.9284],[66.1126,36.9421],[66.1222,36.9485],[66.1541,36.96],[66.1758,36.9611],[66.2044,36.9564],[66.2164,36.9497],[66.225,36.9425],[66.2309,36.9309],[66.2326,36.8943],[66.2419,36.8843],[66.265,36.8747],[66.2826,36.8705],[66.3158,36.8663]]]]}},{"type":"Feature","properties":{"district_id":"af-jawzjan-darzab","name":"Darzab","country":"AFG","province":"Jawzjan"},"geometry":{"type":"MultiPolygon","coordinates":[[[[65.6424,35.9646],[65.6109,35.9479],[65.5969,35.942],[65.5675,35.9361],[65.5405,35.9357],[65.4913,35.9385],[65.4799,35.9367],[65.4484,35.9264],[65.4229,35.9241],[65.3938,35.9165],[65.3754,35.9158],[65.33,35.9291],[65.2778,35.9377],[65.2395,35.95],[65.2252,35.9505],[65.1992,35.947],[65.179,35.9477],[65.1416,35.9532],[65.116,35.9501],[65.1091,35.9524],[65.0995,35.9593],[65.0949,35.9669],[65.0945,35.9746],[65.0989,35.9835],[65.1119,35.994],[65.143,36.0106],[65.1567,36.0206],[65.1787,36.0447],[65.1824,36.0519],[65.183,36.0592],[65.1801,36.0669],[65.1775,36.0915],[65.1795,36.1064],[65.1992,36.1575],[65.2016,36.1715],[65.2057,36.2249],[65.1977,36.2504],[65.1993,36.257],[65.2068,36.2673],[65.2237,36.2833],[65.2483,36.3033],[65.2529,36.3099],[65.256,36.3185],[65.2585,36.3389],[65.2653,36.3671],[65.3201,36.352],[65.3377,36.3495],[65.3524,36.3507],[65.3908,36.3616],[65.4224,36.3579],[65.4436,36.3522],[65.4695,36.3492],[65.4867,36.3492],[65.4942,36.353],[65.5071,36.3438],[65.5291,36.3228],[65.5347,36.3156],[65.5391,36.3057],[65.5398,36.2758],[65.5419,36.2711],[65.5288,36.2653],[65.5167,36.2577],[65.5009,36.2437],[65.4903,36.2267],[65.4876,36.2041],[65.493,36.1473],[65.4885,36.1302],[65.4756,36.1056],[65.4656,36.0678],[65.4637,36.0443],[65.4749,35.988],[65.4784,35.9855],[65.49,35.983],[65.5314,35.9817],[65.5969,35.977],[65.6424,35.9646]]]]}},{"type":"Feature","properties":{"district_id":"af-jawzjan-fayzabad","name":"Fayzabad","country":"AFG","province":"Jawzjan"},"geometry":{"type":"MultiPolygon","coordinates":[[[[66.4716,36.9607],[66.4791,36.9352],[66.4878,36.9255],[66.4989,36.917],[66.5183,36.8924],[66.538,36.8569],[66.5524,36.8192],[66.5518,36.8132],[66.5466,36.8018],[66.5289,36.7798],[66.5076,36.759],[66.4919,36.7383],[66.4704,36.6961],[66.4686,36.6875],[66.4658,36.6842],[66.46,36.6641],[66.4587,36.644],[66.4642,36.6297],[66.4744,36.6126],[66.4879,36.6011],[66.5052,36.5919],[66.5281,36.5828],[66.5311,36.5796],[66.5612,36.5704],[66.5696,36.5703],[66.5533,36.5568],[66.5195,36.5415],[66.4865,36.5342],[66.4133,36.5127],[66.4005,36.5121],[66.3618,36.5151],[66.2993,36.5113],[66.2418,36.4957],[66.241,36.563],[66.2504,36.5938],[66.2611,36.673],[66.263,36.7089],[66.28,36.7622],[66.2846,36.7866],[66.2961,36.8034],[66.3003,36.814],[66.3034,36.8312],[66.3145,36.8474],[66.3166,36.8576],[66.3158,36.8663],[66.3225,36.8847],[66.3423,36.9107],[66.387,36.9435],[66.4069,36.9497],[66.4326,36.952],[66.4716,36.9607]]]]}},{"type":"Feature","properties":{"district_id":"af-jawzjan-khamyab","name":"Khamyab","country":"AFG","province":"Jawzjan"},"geometry":{"type":"MultiPolygon","coordinates":[[[[65.8512,37.4935],[65.8427,37.4607],[65.838,37.433],[65.8368,37.41],[65.8407,37.3328],[65.8311,37.3032],[65.8175,37.2804],[65.8126,37.2763],[65.8024,37.2601],[65.7983,37.2441],[65.799,37.2274],[65.8075,37.1947],[65.8123,37.1508],[65.8123,37.1364],[65.7875,37.1392],[65.7667,37.1464],[65.755,37.148],[65.7289,37.1453],[65.7045,37.1482],[65.6983,37.1502],[65.6733,37.1513],[65.6504,37.1618],[65.6391,37.1641],[65.618,37.1722],[65.5812,37.1963],[65.5645,37.2048],[65.5311,37.216],[65.4926,37.2389],[65.5302,37.2398],[65.6444,37.3432],[65.646,37.4421],[65.7045,37.5381],[65.7195,37.5392],[65.728,37.5427],[65.7355,37.5408],[65.7593,37.5389],[65.7603,37.5484],[65.7638,37.5514],[65.7895,37.548],[65.7936,37.5458],[65.7931,37.5352],[65.7963,37.5255],[65.8371,37.5022],[65.8486,37.4978],[65.8512,37.4935]]]]}},{"type":"Feature","properties":{"district_id":"af-jawzjan-khwajadukoh","name":"KhwajaDuKoh","country":"AFG","province":"Jawzjan"},"geometry":{"type":"MultiPolygon","coordinates":[[[[65.3373,36.9291],[65.3416,36.9771],[65.3436,36.9844],[65.3582,37.0056],[65.3615,37.0129],[65.3638,37.0264],[65.3734,37.0477],[65.3756,37.0614],[65.3856,37.0864],[65.3914,37.0925],[65.4035,37.1108],[65.4245,37.1329],[65.4343,37.1493],[65.4445,37.1625],[65.4557,37.1877],[65.4657,37.2012],[65.4811,37.2148],[65.4926,37.2389],[65.5311,37.216],[65.5645,37.2048],[65.5812,37.1963],[65.618,37.1722],[65.6391,37.1641],[65.6504,37.1618],[65.6733,37.1513],[65.6983,37.1502],[65.7045,37.1482],[65.7289,37.1453],[65.755,37.148],[65.7667,37.1464],[65.7875,37.1392],[65.8123,37.1364],[65.8163,37.1108],[65.8172,37.0875],[65.819,37.0824],[65.8202,37.048],[65.826,37.015],[65.832,37.0019],[65.8376,36.9958],[65.8492,36.9773],[65.8584,36.9578],[65.8689,36.9458],[65.8777,36.9392],[65.9177,36.9197],[65.9332,36.9102],[65.9573,36.8836],[65.9663,36.8786],[65.9611,36.8741],[65.9398,36.8623],[65.9016,36.85],[65.8881,36.8487],[65.858,36.842],[65.7745,36.8132],[65.7441,36.7993],[65.7036,36.778],[65.6559,36.757],[65.6184,36.7473],[65.5932,36.7445],[65.5629,36.7443],[65.533,36.7397],[65.524,36.7369],[65.4864,36.7318],[65.4661,36.7312],[65.4358,36.7333],[65.4448,36.7584],[65.4386,36.771],[65.428,36.7836],[65.395,36.8129],[65.3659,36.8456],[65.3476,36.8825],[65.3382,36.9137],[65.3373,36.9291]]]]}},{"type":"Feature","properties":{"district_id":"af-jawzjan-mardyan","name":"Mardyan","country":"AFG","province":"Jawzjan"},"geometry":{"type":"MultiPolygon","coordinates":[[[[66.4689,36.987],[66.4716,36.9607],[66.4326,36.952],[66.4069,36.9497],[66.387,36.9435],[66.3423,36.9107],[66.3225,36.8847],[66.3158,36.8663],[66.2826,36.8705],[66.265,36.8747],[66.2419,36.8843],[66.2326,36.8943],[66.2309,36.9309],[66.225,36.9425],[66.2164,36.9497],[66.2044,36.9564],[66.1758,36.9611],[66.1989,36.9759],[66.2034,36.9838],[66.2011,36.9898],[66.1727,37.0081],[66.1457,37.0342],[66.1399,37.0484],[66.1327,37.0602],[66.1316,37.0817],[66.1295,37.0878],[66.1259,37.0904],[66.125,37.0975],[66.1284,37.1058],[66.1305,37.1179],[66.1374,37.1218],[66.1488,37.1333],[66.1619,37.1409],[66.1712,37.1522],[66.1767,37.1556],[66.1891,37.1578],[66.1995,37.1617],[66.219,37.1756],[66.2486,37.1824],[66.433,37.1971],[66.4757,37.1969],[66.4951,37.1946],[66.5114,37.1897],[66.5011,37.1352],[66.4939,37.1092],[66.4879,37.0687],[66.4772,37.0236],[66.4693,37.0049],[66.4689,36.987]]]]}},{"type":"Feature","properties":{"district_id":"af-jawzjan-mingajik","name":"Mingajik","country":"AFG","province":"Jawzjan"},"geometry":{"type":"MultiPolygon","coordinates":[[[[66.1758,36.9611],[66.1541,36.96],[66.1222,36.9485],[66.1126,36.9421],[66.1022,36.9284],[66.0858,36.9116],[66.0779,36.9056],[66.0666,36.9003],[66.0357,36.8921],[66.0196,36.8916],[66.0123,36.8943],[66.0076,36.8981],[66.0025,36.8992],[65.9935,36.8957],[65.9819,36.8852],[65.9663,36.8786],[65.9573,36.8836],[65.9332,36.9102],[65.9177,36.9197],[65.8777,36.9392],[65.8689,36.9458],[65.8584,36.9578],[65.8492,36.9773],[65.8376,36.9958],[65.832,37.0019],[65.826,37.015],[65.8202,37.048],[65.819,37.0824],[65.8172,37.0875],[65.8163,37.1108],[65.8123,37.1364],[65.8123,37.1508],[65.8075,37.1947],[65.799,37.2274],[65.7983,37.2441],[65.8024,37.2601],[65.8126,37.2763],[65.8175,37.2804],[65.8922,37.2718],[65.926,37.2646],[65.9566,37.2473],[66.0001,37.2265],[66.0134,37.2108],[66.0269,37.2001],[66.0343,37.1905],[66.044,37.1865],[66.056,37.1761],[66.0619,37.167],[66.0744,37.1535],[66.1044,37.1411],[66.1287,37.1402],[66.143,37.1288],[66.1374,37.1218],[66.1305,37.1179],[66.1284,37.1058],[66.125,37.0975],[66.1259,37.0904],[66.1295,37.0878],[66.1316,37.0817],[66.1327,37.0602],[66.1399,37.0484],[66.1457,37.0342],[66.1727,37.0081],[66.2011,36.9898],[66.2034,36.9838],[66.1989,36.9759],[66.1758,36.9611]]]]}},{"type":"Feature","properties":{"district_id":"af-jawzjan-qarqin","name":"Qarqin","country":"AFG","province":"Jawzjan"},"geometry":{"type":"MultiPolygon","coordinates":[[[[66.487,37.3354],[66.4963,37.2683],[66.5038,37.2542],[66.5089,37.2388],[66.5114,37.1897],[66.4951,37.1946],[66.4757,37.1969],[66.433,37.1971],[66.2486,37.1824],[66.219,37.1756],[66.1995,37.1617],[66.1891,37.1578],[66.1767,37.1556],[66.1712,37.1522],[66.1619,37.1409],[66.143,37.1288],[66.1287,37.1402],[66.1044,37.1411],[66.0744,37.1535],[66.0619,37.167],[66.056,37.1761],[66.044,37.1865],[66.0343,37.1905],[66.0269,37.2001],[66.0134,37.2108],[66.0001,37.2265],[65.9566,37.2473],[65.926,37.2646],[65.8922,37.2718],[65.8175,37.2804],[65.8311,37.3032],[65.8407,37.3328],[65.8368,37.41],[65.838,37.433],[65.8427,37.4607],[65.8512,37.4935],[65.8572,37.4878],[65.8781,37.4793],[65.9182,37.4705],[65.9548,37.4557],[65.9699,37.4548],[65.9968,37.4623],[66.0023,37.4611],[66.0179,37.451],[66.028,37.447],[66.0383,37.4461],[66.0449,37.4474],[66.0574,37.4527],[66.0644,37.4528],[66.074,37.4504],[66.0861,37.441],[66.0995,37.4363],[66.1052,37.4327],[66.1104,37.4264],[66.1201,37.4026],[66.1481,37.3717],[66.1599,37.3677],[66.1821,37.3639],[66.2081,37.3683],[66.2441,37.3581],[66.2549,37.3513],[66.2785,37.3277],[66.2969,37.3203],[66.3085,37.3196],[66.3318,37.3245],[66.3473,37.3312],[66.3568,37.3319],[66.3629,37.3269],[66.3719,37.3256],[66.3934,37.3326],[66.4102,37.3412],[66.4224,37.343],[66.4531,37.3396],[66.4745,37.3349],[66.487,37.3354]]]]}},{"type":"Feature","properties":{"district_id":"af-jawzjan-shibirghan","name":"Shibirghan","country":"AFG","province":"Jawzjan"},"geometry":{"type":"MultiPolygon","coordinates":[[[[65.4942,36.353],[65.4954,36.3573],[65.494,36.3618],[65.4826,36.3743],[65.4646,36.3997],[65.4559,36.4211],[65.455,36.4537],[65.4631,36.4878],[65.464,36.5177],[65.4599,36.5349],[65.4461,36.5634],[65.4229,36.5998],[65.4072,36.6333],[65.4024,36.6523],[65.406,36.6823],[65.4115,36.6986],[65.4264,36.7174],[65.4358,36.7333],[65.4661,36.7312],[65.4864,36.7318],[65.524,36.7369],[65.533,36.7397],[65.5629,36.7443],[65.5932,36.7445],[65.6184,36.7473],[65.6559,36.757],[65.7036,36.778],[65.7441,36.7993],[65.7745,36.8132],[65.858,36.842],[65.8881,36.8487],[65.9016,36.85],[65.9398,36.8623],[65.9611,36.8741],[65.9663,36.8786],[65.9825,36.8743],[66.0095,36.8586],[66.0276,36.8504],[66.0425,36.8365],[66.0481,36.8132],[66.0468,36.8001],[66.0417,36.7904],[66.0339,36.7813],[66.0296,36.7697],[66.0217,36.7613],[66.0172,36.7485],[66.0109,36.7386],[65.9831,36.7411],[65.975,36.7393],[65.9633,36.7331],[65.9553,36.7247],[65.9542,36.7198],[65.9594,36.7016],[65.9705,36.6852],[65.9896,36.6628],[66.0123,36.6438],[66.0301,36.6349],[66.0766,36.6211],[66.0863,36.6168],[66.0939,36.6109],[66.1054,36.5965],[66.1112,36.5537],[66.1093,36.5205],[66.1082,36.5119],[66.0978,36.4938],[66.07,36.4823],[66.0484,36.4755],[65.9975,36.471],[65.9869,36.4631],[65.9769,36.4496],[65.9585,36.3978],[65.9493,36.3794],[65.935,36.3629],[65.9253,36.3573],[65.9106,36.3519],[65.8808,36.3477],[65.8283,36.3445],[65.7864,36.3297],[65.7048,36.3167],[65.6687,36.3142],[65.651,36.309],[65.6205,36.293],[65.5852,36.2863],[65.5626,36.2803],[65.5419,36.2711],[65.5398,36.2758],[65.5391,36.3057],[65.5347,36.3156],[65.5212,36.3309],[65.5071,36.3438],[65.4942,36.353]]]]}},{"type":"Feature","properties":{"district_id":"af-kabul-bagrami","name":"Bagrami","country":"AFG","province":"Kabul"},"geometry":{"type":"MultiPolygon","coordinates":[[[[69.4487,34.5529],[69.453,34.5458],[69.4777,34.5286],[69.4876,34.5176],[69.4931,34.5073],[69.4959,34.4955],[69.5029,34.4785],[69.5158,34.4647],[69.511,34.4639],[69.5051,34.4593],[69.4981,34.4577],[69.4877,34.4607],[69.4781,34.4657],[69.4632,34.465],[69.4414,34.4578],[69.4385,34.4542],[69.4348,34.4363],[69.4323,34.4324],[69.4243,34.4281],[69.4068,34.4228],[69.3938,34.425],[69.3883,34.4298],[69.3798,34.4335],[69.3486,34.4398],[69.3332,34.4404],[69.3246,34.4377],[69.3165,34.4249],[69.3014,34.4154],[69.2659,34.4185],[69.2484,34.4314],[69.2335,34.4366],[69.2175,34.4381],[69.2051,34.4356],[69.1954,34.4366],[69.1859,34.4458],[69.1844,34.4585],[69.1702,34.4775],[69.1713,34.4862],[69.1832,34.5063],[69.1882,34.5113],[69.1983,34.5169],[69.205,34.5226],[69.2157,34.5277],[69.2971,34.5345],[69.3383,34.5347],[69.3631,34.5459],[69.4096,34.5539],[69.4196,34.5539],[69.4387,34.5504],[69.4487,34.5529]]]]}},{"type":"Feature","properties":{"district_id":"af-kabul-chaharasyab","name":"ChaharAsyab","country":"AFG","province":"Kabul"},"geometry":{"type":"MultiPolygon","coordinates":[[[[69.1859,34.4458],[69.1954,34.4366],[69.1861,34.4225],[69.1719,34.3928],[69.1683,34.3737],[69.1506,34.3498],[69.1376,34.3087],[69.1288,34.2945],[69.1151,34.2967],[69.0893,34.3151],[69.0677,34.3201],[69.0497,34.3353],[69.036,34.3413],[69.0206,34.3436],[68.9977,34.3424],[68.9658,34.3343],[68.9536,34.3347],[68.9492,34.3572],[68.9474,34.3914],[68.9438,34.4196],[68.9497,34.4319],[68.9672,34.4454],[68.9774,34.4451],[68.9924,34.4478],[69.0162,34.4476],[69.0269,34.449],[69.0383,34.4481],[69.0464,34.4443],[69.053,34.4371],[69.0661,34.4289],[69.0768,34.4267],[69.0879,34.4277],[69.1026,34.4341],[69.1114,34.4359],[69.1414,34.4367],[69.1516,34.4381],[69.1635,34.4431],[69.1791,34.4424],[69.1859,34.4458]]]]}},{"type":"Feature","properties":{"district_id":"af-kabul-dihsabz","name":"DihSabz","country":"AFG","province":"Kabul"},"geometry":{"type":"MultiPolygon","coordinates":[[[[69.4487,34.5529],[69.4387,34.5504],[69.4196,34.5539],[69.4096,34.5539],[69.3631,34.5459],[69.3383,34.5347],[69.2971,34.5345],[69.2606,34.5305],[69.2289,34.5296],[69.2166,34.5369],[69.1941,34.5445],[69.188,34.551],[69.1835,34.5626],[69.1717,34.5778],[69.1557,34.5873],[69.1287,34.5872],[69.1145,34.5841],[69.1063,34.5788],[69.1034,34.62],[69.1095,34.6369],[69.1163,34.6631],[69.1273,34.6789],[69.1321,34.6844],[69.1416,34.6855],[69.1483,34.6892],[69.1732,34.7143],[69.1809,34.733],[69.181,34.7389],[69.1841,34.7476],[69.184,34.7539],[69.2007,34.7638],[69.2159,34.7663],[69.2204,34.7685],[69.2287,34.7767],[69.2345,34.7862],[69.2382,34.7885],[69.2538,34.7871],[69.2633,34.7827],[69.2743,34.7836],[69.2813,34.7872],[69.2957,34.7901],[69.2997,34.7945],[69.3396,34.7925],[69.3479,34.7889],[69.3545,34.782],[69.3606,34.7636],[69.3663,34.7547],[69.3752,34.7479],[69.3932,34.7424],[69.3984,34.7392],[69.4031,34.732],[69.4037,34.7237],[69.4012,34.7177],[69.4009,34.698],[69.414,34.689],[69.421,34.6766],[69.4273,34.6735],[69.4314,34.6692],[69.433,34.6642],[69.4279,34.6455],[69.4299,34.6363],[69.4414,34.6312],[69.4505,34.6238],[69.4546,34.6119],[69.4541,34.606],[69.4599,34.596],[69.4684,34.5902],[69.4514,34.5616],[69.4487,34.5529]]]]}},{"type":"Feature","properties":{"district_id":"af-kabul-guldara","name":"Guldara","country":"AFG","province":"Kabul"},"geometry":{"type":"MultiPolygon","coordinates":[[[[68.9234,34.8538],[68.9345,34.8528],[68.9533,34.8473],[68.9767,34.8344],[68.9895,34.8319],[69.0175,34.8229],[69.053,34.8227],[69.0984,34.8149],[69.1142,34.8148],[69.1268,34.8175],[69.1264,34.8047],[69.1231,34.7963],[69.1137,34.7825],[69.1027,34.7726],[69.0934,34.766],[69.0785,34.7588],[69.0672,34.7562],[69.067,34.762],[69.0473,34.775],[69.0012,34.7859],[68.9634,34.7835],[68.9463,34.7807],[68.9301,34.7807],[68.9139,34.7767],[68.8889,34.7808],[68.8847,34.7831],[68.8822,34.7888],[68.8866,34.8001],[68.8967,34.8089],[68.9058,34.8222],[68.9139,34.8429],[68.9234,34.8538]]]]}},{"type":"Feature","properties":{"district_id":"af-kabul-istalif","name":"Istalif","country":"AFG","province":"Kabul"},"geometry":{"type":"MultiPolygon","coordinates":[[[[69.1268,34.8175],[69.1142,34.8148],[69.0984,34.8149],[69.053,34.8227],[69.0175,34.8229],[68.9895,34.8319],[68.9767,34.8344],[68.9533,34.8473],[68.9345,34.8528],[68.9234,34.8538],[68.9323,34.8666],[68.936,34.8784],[68.9445,34.8899],[68.9509,34.895],[68.9622,34.9085],[68.9882,34.907],[68.9993,34.9043],[69.012,34.8923],[69.0261,34.8824],[69.0413,34.8743],[69.0479,34.8727],[69.061,34.873],[69.0748,34.8841],[69.0882,34.8865],[69.094,34.8893],[69.0989,34.8874],[69.1113,34.8673],[69.1207,34.8409],[69.1268,34.8175]]]]}},{"type":"Feature","properties":{"district_id":"af-kabul-kabulcity","name":"KabulCity","country":"AFG","province":"Kabul"},"geometry":{"type":"MultiPolygon","coordinates":[[[[69.2289,34.5296],[69.2157,34.5277],[69.205,34.5226],[69.1983,34.5169],[69.1882,34.5113],[69.1832,34.5063],[69.1713,34.4862],[69.1702,34.4775],[69.1844,34.4585],[69.1859,34.4458],[69.1791,34.4424],[69.1635,34.4431],[69.1516,34.4381],[69.1114,34.4359],[69.1026,34.4341],[69.0879,34.4277],[69.0768,34.4267],[69.0661,34.4289],[69.053,34.4371],[69.0464,34.4443],[69.0383,34.4481],[69.0269,34.449],[69.0162,34.4476],[68.9924,34.4478],[68.9774,34.4451],[68.9672,34.4454],[68.979,34.462],[69.0118,34.4832],[69.028,34.5035],[69.0622,34.5207],[69.0783,34.5345],[69.0817,34.5401],[69.0876,34.5425],[69.0958,34.5501],[69.1004,34.557],[69.1063,34.5788],[69.1145,34.5841],[69.1287,34.5872],[69.1557,34.5873],[69.1717,34.5778],[69.1835,34.5626],[69.188,34.551],[69.1941,34.5445],[69.2166,34.5369],[69.2289,34.5296]]]]}},{"type":"Feature","properties":{"district_id":"af-kabul-kalakan","name":"Kalakan","country":"AFG","province":"Kabul"},"geometry":{"type":"MultiPolygon","coordinates":[[[[69.2382,34.7885],[69.2345,34.7862],[69.2287,34.7767],[69.2204,34.7685],[69.2159,34.7663],[69.2007,34.7638],[69.184,34.7539],[69.1758,34.7597],[69.155,34.7697],[69.1382,34.7711],[69.1131,34.7694],[69.1027,34.7726],[69.1137,34.7825],[69.1231,34.7963],[69.1264,34.8047],[69.1505,34.8059],[69.1676,34.8005],[69.1847,34.799],[69.2016,34.8003],[69.2157,34.7944],[69.2382,34.7885]]]]}},{"type":"Feature","properties":{"district_id":"af-kabul-khakijabar","name":"KhakiJabar","country":"AFG","province":"Kabul"},"geometry":{"type":"MultiPolygon","coordinates":[[[[69.3014,34.4154],[69.3165,34.4249],[69.3246,34.4377],[69.3332,34.4404],[69.3486,34.4398],[69.3798,34.4335],[69.3883,34.4298],[69.3938,34.425],[69.4068,34.4228],[69.4243,34.4281],[69.4323,34.4324],[69.4348,34.4363],[69.4385,34.4542],[69.4414,34.4578],[69.4632,34.465],[69.4781,34.4657],[69.4877,34.4607],[69.4981,34.4577],[69.5051,34.4593],[69.511,34.4639],[69.5158,34.4647],[69.5275,34.4547],[69.5559,34.439],[69.5936,34.4266],[69.6481,34.4132],[69.6639,34.4055],[69.669,34.4065],[69.664,34.3785],[69.6698,34.369],[69.6706,34.3629],[69.6666,34.3544],[69.6431,34.339],[69.6162,34.3136],[69.5941,34.2888],[69.5734,34.2754],[69.5533,34.2675],[69.5254,34.2482],[69.4818,34.2102],[69.4626,34.2117],[69.4512,34.2086],[69.4435,34.2043],[69.434,34.2032],[69.4264,34.2047],[69.3871,34.2301],[69.3632,34.2398],[69.3567,34.247],[69.3585,34.2573],[69.3575,34.2657],[69.3596,34.2926],[69.3563,34.2955],[69.3502,34.297],[69.3353,34.2973],[69.3141,34.312],[69.3093,34.3211],[69.3049,34.3491],[69.2972,34.3597],[69.288,34.3664],[69.2894,34.3737],[69.2963,34.3885],[69.3014,34.4154]]]]}},{"type":"Feature","properties":{"district_id":"af-kabul-mirbachakot","name":"MirbachaKot","country":"AFG","province":"Kabul"},"geometry":{"type":"MultiPolygon","coordinates":[[[[69.184,34.7539],[69.1841,34.7476],[69.181,34.7389],[69.1809,34.733],[69.1732,34.7143],[69.1483,34.6892],[69.1416,34.6855],[69.1321,34.6844],[69.1197,34.6682],[69.1152,34.7006],[69.1109,34.7054],[69.0968,34.7142],[69.0871,34.7272],[69.0746,34.733],[69.0688,34.7376],[69.0662,34.7455],[69.0672,34.7562],[69.0785,34.7588],[69.0934,34.766],[69.1027,34.7726],[69.1131,34.7694],[69.1382,34.7711],[69.155,34.7697],[69.1758,34.7597],[69.184,34.7539]]]]}},{"type":"Feature","properties":{"district_id":"af-kabul-musayi","name":"Musayi","country":"AFG","province":"Kabul"},"geometry":{"type":"MultiPolygon","coordinates":[[[[69.1954,34.4366],[69.2051,34.4356],[69.2175,34.4381],[69.2335,34.4366],[69.2484,34.4314],[69.2659,34.4185],[69.3014,34.4154],[69.2963,34.3885],[69.2894,34.3737],[69.288,34.3664],[69.2531,34.3452],[69.2273,34.3403],[69.2006,34.326],[69.1822,34.3098],[69.1584,34.2988],[69.1353,34.2941],[69.1288,34.2945],[69.1376,34.3087],[69.1506,34.3498],[69.1683,34.3737],[69.1719,34.3928],[69.1861,34.4225],[69.1954,34.4366]]]]}},{"type":"Feature","properties":{"district_id":"af-kabul-paghman","name":"Paghman","country":"AFG","province":"Kabul"},"geometry":{"type":"MultiPolygon","coordinates":[[[[68.9672,34.4454],[68.9497,34.4319],[68.9438,34.4196],[68.916,34.426],[68.9016,34.4307],[68.8967,34.4339],[68.8861,34.4355],[68.8713,34.4449],[68.8556,34.4462],[68.8441,34.4511],[68.8369,34.4579],[68.8336,34.4741],[68.8346,34.4878],[68.8307,34.506],[68.8342,34.5216],[68.8297,34.5389],[68.8361,34.5602],[68.8371,34.5826],[68.8398,34.5902],[68.8405,34.6198],[68.8737,34.6485],[68.8815,34.6595],[68.883,34.6654],[68.8811,34.6719],[68.8958,34.6684],[68.9304,34.6646],[68.9789,34.6443],[69.0009,34.6265],[69.0264,34.6114],[69.0462,34.5839],[69.0697,34.5657],[69.0802,34.5545],[69.0817,34.5401],[69.0783,34.5345],[69.0622,34.5207],[69.028,34.5035],[69.0118,34.4832],[68.979,34.462],[68.9672,34.4454]]]]}},{"type":"Feature","properties":{"district_id":"af-kabul-qarabagh","name":"Qarabagh","country":"AFG","province":"Kabul"},"geometry":{"type":"MultiPolygon","coordinates":[[[[69.2997,34.7945],[69.2957,34.7901],[69.2813,34.7872],[69.2743,34.7836],[69.2633,34.7827],[69.2538,34.7871],[69.2382,34.7885],[69.2157,34.7944],[69.2016,34.8003],[69.1847,34.799],[69.1676,34.8005],[69.1505,34.8059],[69.1264,34.8047],[69.1268,34.8175],[69.1207,34.8409],[69.1113,34.8673],[69.0989,34.8874],[69.094,34.8893],[69.102,34.8938],[69.1106,34.893],[69.1316,34.8837],[69.1839,34.8798],[69.2084,34.8692],[69.2278,34.8636],[69.246,34.8513],[69.2732,34.8407],[69.2931,34.8361],[69.2996,34.8281],[69.2996,34.8222],[69.2953,34.8158],[69.2945,34.8094],[69.2957,34.8005],[69.2997,34.7945]]]]}},{"type":"Feature","properties":{"district_id":"af-kabul-shakardara","name":"ShakarDara","country":"AFG","province":"Kabul"},"geometry":{"type":"MultiPolygon","coordinates":[[[[69.1197,34.6682],[69.1143,34.6575],[69.1095,34.6369],[69.1034,34.62],[69.1063,34.5788],[69.1004,34.557],[69.0958,34.5501],[69.0876,34.5425],[69.0817,34.5401],[69.0802,34.5545],[69.0697,34.5657],[69.0462,34.5839],[69.0264,34.6114],[69.0009,34.6265],[68.9789,34.6443],[68.9304,34.6646],[68.8958,34.6684],[68.8811,34.6719],[68.873,34.6763],[68.8579,34.6792],[68.8527,34.6856],[68.8524,34.696],[68.8686,34.7206],[68.8856,34.7339],[68.8964,34.7513],[68.9109,34.7634],[68.9136,34.7697],[68.9139,34.7767],[68.9301,34.7807],[68.9463,34.7807],[68.9634,34.7835],[69.0012,34.7859],[69.0473,34.775],[69.067,34.762],[69.0662,34.7455],[69.0688,34.7376],[69.0746,34.733],[69.0871,34.7272],[69.0968,34.7142],[69.1109,34.7054],[69.1152,34.7006],[69.1197,34.6682]]]]}},{"type":"Feature","properties":{"district_id":"af-kabul-surobi","name":"Surobi","country":"AFG","province":"Kabul"},"geometry":{"type":"MultiPolygon","coordinates":[[[[69.5158,34.4647],[69.5029,34.4785],[69.4959,34.4955],[69.4931,34.5073],[69.4876,34.5176],[69.4777,34.5286],[69.453,34.5458],[69.4487,34.5529],[69.4514,34.5616],[69.4684,34.5902],[69.4752,34.5902],[69.4795,34.5922],[69.4887,34.601],[69.51,34.6016],[69.5249,34.6085],[69.5337,34.6094],[69.5428,34.6075],[69.5568,34.6011],[69.5667,34.6003],[69.5809,34.6047],[69.6,34.6201],[69.6117,34.6256],[69.6206,34.6339],[69.6328,34.6354],[69.6381,34.6338],[69.7056,34.6558],[69.7327,34.6798],[69.7415,34.6918],[69.7567,34.7213],[69.7679,34.7585],[69.7759,34.77],[69.8017,34.7894],[69.8161,34.7975],[69.8285,34.8012],[69.8447,34.8034],[69.8745,34.8131],[69.885,34.8199],[69.8901,34.8286],[69.8904,34.836],[69.9022,34.8508],[69.9131,34.8576],[69.9132,34.8308],[69.9182,34.8133],[69.932,34.7964],[69.9408,34.7892],[69.9417,34.7757],[69.9376,34.7535],[69.9321,34.7419],[69.9201,34.7315],[69.8955,34.7258],[69.8776,34.7171],[69.8693,34.7101],[69.8538,34.6854],[69.8487,34.6682],[69.8472,34.655],[69.849,34.6428],[69.8514,34.637],[69.8507,34.6209],[69.8482,34.6129],[69.8436,34.6058],[69.833,34.5947],[69.821,34.5881],[69.8148,34.5782],[69.8142,34.5695],[69.8208,34.5571],[69.8343,34.5462],[69.8452,34.5343],[69.8505,34.5245],[69.8512,34.5189],[69.8485,34.5104],[69.836,34.4978],[69.8039,34.4588],[69.8012,34.4511],[69.8008,34.4398],[69.806,34.4215],[69.7935,34.4116],[69.7695,34.4067],[69.7572,34.3994],[69.7497,34.3926],[69.738,34.3893],[69.7244,34.3908],[69.7076,34.4015],[69.6978,34.4113],[69.6905,34.4156],[69.6845,34.4166],[69.6766,34.4141],[69.669,34.4065],[69.6639,34.4055],[69.6481,34.4132],[69.5936,34.4266],[69.5559,34.439],[69.5275,34.4547],[69.5158,34.4647]]]]}},{"type":"Feature","properties":{"district_id":"af-kandahar-arghandab","name":"Arghandab","country":"AFG","province":"Kandahar"},"geometry":{"type":"MultiPolygon","coordinates":[[[[65.7738,31.7642],[65.765,31.7603],[65.7507,31.7497],[65.737,31.7293],[65.7248,31.6819],[65.7172,31.6704],[65.7006,31.6576],[65.6677,31.6418],[65.6616,31.6397],[65.6367,31.6397],[65.6191,31.642],[65.6053,31.6405],[65.5861,31.6313],[65.5752,31.6204],[65.5664,31.6008],[65.5329,31.6204],[65.5146,31.6365],[65.5121,31.6411],[65.5118,31.6473],[65.521,31.6592],[65.5194,31.7052],[65.5248,31.7294],[65.5291,31.7398],[65.5357,31.7874],[65.5516,31.8142],[65.5519,31.8203],[65.5665,31.8241],[65.5943,31.8407],[65.6001,31.8494],[65.6038,31.8699],[65.6024,31.8749],[65.6026,31.8857],[65.6058,31.8961],[65.6119,31.9019],[65.6259,31.9267],[65.6461,31.9373],[65.6621,31.942],[65.6624,31.9339],[65.6686,31.925],[65.697,31.9069],[65.7072,31.8969],[65.7091,31.893],[65.715,31.8884],[65.7313,31.8809],[65.7458,31.8774],[65.7573,31.8721],[65.7597,31.8668],[65.7599,31.8587],[65.7542,31.8341],[65.7452,31.8208],[65.7368,31.814],[65.7312,31.806],[65.7253,31.7804],[65.7307,31.7752],[65.7444,31.7754],[65.7624,31.7707],[65.7738,31.7642]]]]}},{"type":"Feature","properties":{"district_id":"af-kandahar-arghistan","name":"Arghistan","country":"AFG","province":"Kandahar"},"geometry":{"type":"MultiPolygon","coordinates":[[[[66.8212,31.831],[66.8424,31.8101],[66.8569,31.7909],[66.8693,31.7823],[66.9577,31.7385],[66.9967,31.7226],[67.019,31.7192],[67.0375,31.7193],[67.0516,31.7219],[67.0529,31.7172],[67.0514,31.6954],[67.0484,31.6842],[67.0415,31.6698],[67.0337,31.6615],[67.0095,31.6481],[66.9792,31.637],[66.9567,31.6254],[66.9263,31.6142],[66.8923,31.6054],[66.8412,31.5887],[66.819,31.5785],[66.8063,31.5697],[66.7887,31.5613],[66.7791,31.5542],[66.7658,31.538],[66.7406,31.5121],[66.7303,31.4901],[66.733,31.4775],[66.7384,31.4675],[66.7339,31.4396],[66.7367,31.42],[66.7431,31.4103],[66.7576,31.3984],[66.7774,31.3881],[66.7908,31.3841],[66.8415,31.3836],[66.8792,31.3748],[66.9005,31.3655],[66.9204,31.3522],[66.933,31.3459],[66.945,31.3426],[66.9712,31.3404],[66.9989,31.3433],[67.0103,31.3299],[67.0139,31.3168],[67.0131,31.3116],[66.9691,31.3126],[66.9518,31.3098],[66.9023,31.2962],[66.8668,31.2827],[66.8566,31.2785],[66.835,31.2643],[66.8021,31.2192],[66.7929,31.2131],[66.7762,31.2098],[66.7579,31.2097],[66.7306,31.2122],[66.7272,31.218],[66.7113,31.2269],[66.7072,31.2307],[66.7009,31.2413],[66.692,31.2689],[66.6854,31.2775],[66.6751,31.2859],[66.5999,31.3139],[66.5587,31.3237],[66.5215,31.3398],[66.5025,31.3499],[66.4852,31.3656],[66.4569,31.3991],[66.448,31.4055],[66.4349,31.41],[66.4195,31.4104],[66.4028,31.4043],[66.3662,31.378],[66.3151,31.3314],[66.2816,31.3141],[66.2474,31.2915],[66.2217,31.2802],[66.2067,31.2785],[66.1786,31.2809],[66.1651,31.2784],[66.144,31.2784],[66.1316,31.2855],[66.1268,31.2911],[66.1065,31.3044],[66.0883,31.3112],[66.0548,31.3198],[66.0369,31.3269],[66.0231,31.3369],[66.0191,31.3449],[66.0198,31.3555],[66.0225,31.3593],[66.0256,31.3733],[66.0179,31.4115],[66.0194,31.4237],[66.0268,31.4513],[66.0267,31.4644],[66.0241,31.4801],[66.0185,31.4859],[66.0275,31.4911],[66.0368,31.4942],[66.0538,31.4965],[66.0676,31.4961],[66.0796,31.4991],[66.1135,31.5151],[66.1332,31.5264],[66.1624,31.5382],[66.1924,31.5456],[66.2456,31.5646],[66.2626,31.5737],[66.2826,31.5885],[66.3243,31.6245],[66.3322,31.6356],[66.3351,31.6486],[66.3336,31.6579],[66.3219,31.6777],[66.3239,31.6904],[66.3304,31.699],[66.3502,31.7029],[66.3681,31.7093],[66.4155,31.7308],[66.5096,31.7696],[66.5268,31.7787],[66.5396,31.7888],[66.5444,31.7987],[66.5549,31.8088],[66.5958,31.8264],[66.6437,31.8337],[66.6841,31.8461],[66.7518,31.8566],[66.7711,31.8564],[66.788,31.8528],[66.8008,31.8466],[66.8052,31.8418],[66.8212,31.831]]]]}},{"type":"Feature","properties":{"district_id":"af-kandahar-daman","name":"Daman","country":"AFG","province":"Kandahar"},"geometry":{"type":"MultiPolygon","coordinates":[[[[66.3304,31.699],[66.3239,31.6904],[66.3219,31.6777],[66.3336,31.6579],[66.3351,31.6486],[66.3322,31.6356],[66.3243,31.6245],[66.2826,31.5885],[66.2626,31.5737],[66.2456,31.5646],[66.1924,31.5456],[66.1624,31.5382],[66.1332,31.5264],[66.1135,31.5151],[66.0796,31.4991],[66.0676,31.4961],[66.0538,31.4965],[66.0368,31.4942],[66.0275,31.4911],[66.0185,31.4859],[66.0051,31.4697],[65.9951,31.4615],[65.9568,31.4498],[65.9487,31.4434],[65.9438,31.4371],[65.9247,31.3951],[65.9086,31.3452],[65.9182,31.3236],[65.9145,31.3084],[65.9052,31.2845],[65.8836,31.2442],[65.8775,31.2283],[65.8632,31.2041],[65.844,31.1659],[65.8401,31.1523],[65.8382,31.1276],[65.8312,31.1016],[65.8177,31.0765],[65.8022,31.06],[65.7971,31.0465],[65.7928,31.04],[65.7896,31.0237],[65.7904,31.0117],[65.8008,30.9877],[65.8063,30.9533],[65.8035,30.9129],[65.8056,30.8931],[65.8102,30.8815],[65.815,30.8538],[65.8156,30.8257],[65.8126,30.8047],[65.8077,30.7894],[65.8075,30.6883],[65.8107,30.601],[65.7954,30.5984],[65.722,30.6106],[65.6805,30.6101],[65.5535,30.6304],[65.5303,30.632],[65.4875,30.6304],[65.4575,30.6319],[65.4129,30.6399],[65.3539,30.6569],[65.3565,30.6706],[65.3644,30.6909],[65.3751,30.7048],[65.3845,30.7244],[65.3913,30.7645],[65.4017,30.7867],[65.4072,30.8029],[65.4268,30.8474],[65.4381,30.8683],[65.4495,30.8843],[65.4586,30.9048],[65.4756,30.9578],[65.4818,30.991],[65.4864,31.0036],[65.5015,31.0246],[65.5111,31.0418],[65.5382,31.078],[65.5519,31.1284],[65.5573,31.1412],[65.5671,31.1572],[65.5803,31.2264],[65.5943,31.2538],[65.6012,31.2748],[65.603,31.3131],[65.5966,31.3471],[65.5972,31.363],[65.6007,31.3806],[65.5992,31.398],[65.6143,31.3986],[65.6569,31.4098],[65.6948,31.4307],[65.7228,31.459],[65.7462,31.4766],[65.7661,31.4844],[65.7965,31.4911],[65.8199,31.4998],[65.8267,31.5041],[65.8417,31.5199],[65.843,31.5286],[65.8332,31.5504],[65.8224,31.5627],[65.8181,31.5704],[65.8164,31.5809],[65.8255,31.6613],[65.8243,31.6675],[65.8149,31.6833],[65.8107,31.6966],[65.8132,31.7148],[65.8191,31.7286],[65.8274,31.7358],[65.8333,31.7462],[65.8509,31.7527],[65.862,31.7647],[65.8643,31.7701],[65.8652,31.7865],[65.8753,31.8121],[65.8817,31.8214],[65.888,31.8262],[65.9048,31.834],[65.9197,31.8369],[65.9292,31.8352],[65.9513,31.8235],[65.9691,31.8107],[65.9883,31.8028],[66.0033,31.7992],[66.0342,31.7787],[66.0476,31.7759],[66.0555,31.7761],[66.069,31.7808],[66.0951,31.8032],[66.1084,31.8086],[66.1202,31.8163],[66.1547,31.8478],[66.165,31.8534],[66.1977,31.8668],[66.1911,31.8559],[66.1856,31.835],[66.1824,31.7864],[66.1766,31.7485],[66.1771,31.7303],[66.1844,31.7199],[66.2059,31.7113],[66.224,31.7083],[66.2462,31.6994],[66.2632,31.6974],[66.2953,31.6994],[66.3304,31.699]]]]}},{"type":"Feature","properties":{"district_id":"af-kandahar-ghorak","name":"Ghorak","country":"AFG","province":"Kandahar"},"geometry":{"type":"MultiPolygon","coordinates":[[[[65.123,32.1204],[65.1303,32.1635],[65.1433,32.1952],[65.1572,32.2191],[65.1647,32.2285],[65.183,32.244],[65.193,32.2501],[65.1997,32.2586],[65.2068,32.264],[65.2121,32.2583],[65.2273,32.2497],[65.2395,32.2464],[65.2522,32.2476],[65.2583,32.25],[65.2851,32.2795],[65.3048,32.2926],[65.3145,32.2951],[65.3272,32.2959],[65.3386,32.2944],[65.3642,32.2812],[65.373,32.2792],[65.3864,32.2787],[65.4182,32.274],[65.4631,32.2759],[65.4925,32.2798],[65.5073,32.2797],[65.5163,32.2782],[65.5442,32.2681],[65.5132,32.1934],[65.4872,32.1393],[65.4647,32.1028],[65.4365,32.0779],[65.4336,32.0627],[65.4355,32.0555],[65.4411,32.0479],[65.4416,32.041],[65.4404,32.0317],[65.4338,32.0138],[65.4215,31.9975],[65.4069,31.987],[65.3849,31.9757],[65.3512,31.9541],[65.3388,31.9422],[65.326,31.9208],[65.3217,31.9014],[65.3215,31.8877],[65.3279,31.8711],[65.3181,31.8742],[65.3099,31.8745],[65.21,31.8556],[65.1666,31.8535],[65.1388,31.8558],[65.0911,31.8654],[65.0523,31.8794],[65.028,31.8821],[65.0054,31.8814],[65.0436,31.925],[65.0734,31.9717],[65.0781,31.9816],[65.0868,32.0088],[65.1029,32.0404],[65.1139,32.0685],[65.1209,32.0955],[65.123,32.1204]]]]}},{"type":"Feature","properties":{"district_id":"af-kandahar-kandaharcity","name":"KandaharCity","country":"AFG","province":"Kandahar"},"geometry":{"type":"MultiPolygon","coordinates":[[[[65.5664,31.6008],[65.5752,31.6204],[65.5861,31.6313],[65.6053,31.6405],[65.6191,31.642],[65.6367,31.6397],[65.6616,31.6397],[65.7006,31.6576],[65.7172,31.6704],[65.7248,31.6819],[65.737,31.7293],[65.7507,31.7497],[65.765,31.7603],[65.8084,31.7785],[65.8652,31.7865],[65.8643,31.7701],[65.8597,31.7611],[65.8509,31.7527],[65.8333,31.7462],[65.8274,31.7358],[65.8191,31.7286],[65.8132,31.7148],[65.8107,31.6966],[65.8149,31.6833],[65.8243,31.6675],[65.8255,31.6613],[65.8164,31.5809],[65.8181,31.5704],[65.8224,31.5627],[65.8332,31.5504],[65.843,31.5286],[65.8417,31.5199],[65.8267,31.5041],[65.8199,31.4998],[65.7965,31.4911],[65.7661,31.4844],[65.7462,31.4766],[65.7228,31.459],[65.6948,31.4307],[65.6569,31.4098],[65.6143,31.3986],[65.5992,31.398],[65.5926,31.4487],[65.5853,31.4663],[65.5825,31.4811],[65.5834,31.4984],[65.5941,31.5322],[65.5982,31.5624],[65.5897,31.5797],[65.5664,31.6008]]]]}},{"type":"Feature","properties":{"district_id":"af-kandahar-khakrez","name":"Khakrez","country":"AFG","province":"Kandahar"},"geometry":{"type":"MultiPolygon","coordinates":[[[[65.6621,31.942],[65.6461,31.9373],[65.6259,31.9267],[65.6119,31.9019],[65.6058,31.8961],[65.6026,31.8857],[65.6024,31.8749],[65.6038,31.8699],[65.6001,31.8494],[65.5943,31.8407],[65.5665,31.8241],[65.5519,31.8203],[65.5264,31.821],[65.5147,31.8198],[65.5045,31.816],[65.483,31.7967],[65.4736,31.7852],[65.4554,31.7728],[65.45,31.7718],[65.4432,31.7736],[65.4248,31.774],[65.4103,31.7688],[65.3994,31.7615],[65.3832,31.7601],[65.3834,31.7675],[65.3896,31.7892],[65.3876,31.7987],[65.38,31.8075],[65.3695,31.8084],[65.3676,31.818],[65.364,31.8223],[65.3559,31.8265],[65.3458,31.8489],[65.3279,31.8711],[65.3215,31.8877],[65.3217,31.9014],[65.326,31.9208],[65.3388,31.9422],[65.3512,31.9541],[65.3849,31.9757],[65.4069,31.987],[65.4215,31.9975],[65.4338,32.0138],[65.4404,32.0317],[65.4416,32.041],[65.4411,32.0479],[65.4355,32.0555],[65.4336,32.0627],[65.4365,32.0779],[65.4647,32.1028],[65.4872,32.1393],[65.5132,32.1934],[65.5442,32.2681],[65.5643,32.2622],[65.575,32.2502],[65.5817,32.2466],[65.5899,32.2467],[65.6108,32.2544],[65.6261,32.2532],[65.638,32.2492],[65.6506,32.2495],[65.6601,32.2523],[65.6698,32.2586],[65.6885,32.2792],[65.705,32.2922],[65.714,32.2939],[65.7213,32.2931],[65.726,32.2902],[65.7273,32.2807],[65.7199,32.2755],[65.7042,32.2599],[65.6908,32.2097],[65.6845,32.199],[65.6817,32.1836],[65.6815,32.1502],[65.6861,32.1196],[65.6954,32.0785],[65.7061,32.0532],[65.7113,32.0464],[65.7332,32.0336],[65.7588,32.028],[65.7935,32.0256],[65.7964,32.0209],[65.7953,32.0149],[65.7904,32.0105],[65.7859,31.9879],[65.7805,31.9819],[65.7771,31.9694],[65.7733,31.9636],[65.7664,31.9586],[65.7304,31.9463],[65.6621,31.942]]]]}},{"type":"Feature","properties":{"district_id":"af-kandahar-maruf","name":"Maruf","country":"AFG","province":"Kandahar"},"geometry":{"type":"MultiPolygon","coordinates":[[[[67.0131,31.3116],[67.0139,31.3168],[67.0103,31.3299],[66.9989,31.3433],[66.9712,31.3404],[66.945,31.3426],[66.933,31.3459],[66.9204,31.3522],[66.9005,31.3655],[66.8792,31.3748],[66.8415,31.3836],[66.7908,31.3841],[66.7774,31.3881],[66.7576,31.3984],[66.7431,31.4103],[66.7367,31.42],[66.7339,31.4396],[66.7384,31.4675],[66.733,31.4775],[66.7303,31.4901],[66.7406,31.5121],[66.7658,31.538],[66.7791,31.5542],[66.7887,31.5613],[66.8063,31.5697],[66.819,31.5785],[66.8412,31.5887],[66.8923,31.6054],[66.9263,31.6142],[66.9567,31.6254],[66.9792,31.637],[67.0095,31.6481],[67.0337,31.6615],[67.0415,31.6698],[67.0484,31.6842],[67.0514,31.6954],[67.0529,31.7172],[67.0516,31.7219],[67.0786,31.7281],[67.1169,31.7405],[67.1578,31.7606],[67.197,31.7825],[67.2129,31.7882],[67.2251,31.7883],[67.2389,31.7846],[67.2532,31.7766],[67.2726,31.7687],[67.2841,31.7609],[67.2947,31.7471],[67.3024,31.7289],[67.3122,31.6937],[67.3214,31.6379],[67.3255,31.577],[67.3314,31.5738],[67.3497,31.5778],[67.367,31.585],[67.385,31.5855],[67.4342,31.5654],[67.4499,31.5627],[67.4982,31.5604],[67.5276,31.5472],[67.5552,31.53],[67.554,31.5288],[67.555,31.522],[67.5757,31.5051],[67.595,31.4705],[67.5991,31.4537],[67.5947,31.4343],[67.5976,31.4268],[67.6054,31.4185],[67.6277,31.4134],[67.6338,31.4007],[67.6441,31.3968],[67.6601,31.3972],[67.7409,31.4148],[67.7505,31.4135],[67.7604,31.4075],[67.764,31.4034],[67.7713,31.3999],[67.7788,31.3901],[67.7858,31.3746],[67.7898,31.3566],[67.7855,31.3439],[67.7748,31.3336],[67.7628,31.3276],[67.7312,31.3232],[67.7177,31.3234],[67.7071,31.3202],[67.6917,31.3137],[67.6583,31.2915],[67.6204,31.2764],[67.6029,31.2727],[67.5906,31.274],[67.5747,31.2729],[67.571,31.2708],[67.5392,31.2636],[67.4907,31.2421],[67.4719,31.2389],[67.5046,31.2276],[67.4955,31.2243],[67.4458,31.2093],[67.4272,31.2068],[67.3877,31.1964],[67.3019,31.1822],[67.2659,31.1829],[67.2411,31.194],[67.2133,31.2001],[67.1873,31.2003],[67.1664,31.2087],[67.1592,31.2101],[67.1283,31.2089],[67.1167,31.2133],[67.1027,31.2147],[67.0882,31.2071],[67.0785,31.2043],[67.0678,31.2021],[67.0618,31.2035],[67.0166,31.2304],[67.0141,31.2358],[67.0151,31.2521],[67.0286,31.27],[67.0385,31.2797],[67.0423,31.2871],[67.0406,31.293],[67.0359,31.2953],[67.0065,31.2934],[67.0117,31.3027],[67.0131,31.3116]]]]}},{"type":"Feature","properties":{"district_id":"af-kandahar-maywand","name":"Maywand","country":"AFG","province":"Kandahar"},"geometry":{"type":"MultiPolygon","coordinates":[[[[64.7147,31.2743],[64.7146,31.2796],[64.7241,31.3112],[64.7263,31.3329],[64.7363,31.3754],[64.7365,31.4196],[64.7466,31.4598],[64.7587,31.4904],[64.7707,31.5435],[64.7771,31.5589],[64.7853,31.5862],[64.7962,31.6375],[64.8156,31.6921],[64.8263,31.7385],[64.8329,31.7594],[64.8549,31.7937],[64.8735,31.8151],[64.9002,31.834],[64.9372,31.8515],[64.9441,31.8569],[64.981,31.8695],[65.0054,31.8814],[65.028,31.8821],[65.0523,31.8794],[65.0911,31.8654],[65.1388,31.8558],[65.1666,31.8535],[65.21,31.8556],[65.3099,31.8745],[65.3181,31.8742],[65.3279,31.8711],[65.3458,31.8489],[65.3559,31.8265],[65.364,31.8223],[65.3676,31.818],[65.3695,31.8084],[65.38,31.8075],[65.3876,31.7987],[65.3896,31.7892],[65.3834,31.7675],[65.3832,31.7601],[65.3474,31.7453],[65.3317,31.7455],[65.3194,31.7408],[65.3167,31.7349],[65.3117,31.7054],[65.3012,31.6685],[65.2777,31.6024],[65.2582,31.5787],[65.2315,31.5584],[65.1997,31.5284],[65.1879,31.5103],[65.1869,31.4802],[65.1899,31.467],[65.1956,31.4522],[65.1954,31.4416],[65.1793,31.4044],[65.1594,31.3707],[65.1509,31.3615],[65.1263,31.3477],[65.1146,31.3351],[65.0988,31.3236],[65.0761,31.3115],[65.0545,31.2969],[65.0346,31.2861],[65.0122,31.2801],[65.0026,31.2797],[64.9647,31.266],[64.9139,31.2613],[64.888,31.2626],[64.8827,31.2641],[64.8264,31.2661],[64.7977,31.2648],[64.7498,31.2692],[64.7362,31.2726],[64.7147,31.2743]]]]}},{"type":"Feature","properties":{"district_id":"af-kandahar-panjwayi","name":"Panjwayi","country":"AFG","province":"Kandahar"},"geometry":{"type":"MultiPolygon","coordinates":[[[[64.626,30.7378],[64.6341,30.7734],[64.6407,30.8199],[64.6695,30.9547],[64.6792,31.0168],[64.687,31.0544],[64.6927,31.1475],[64.703,31.2001],[64.7038,31.2136],[64.7147,31.2743],[64.7362,31.2726],[64.7498,31.2692],[64.7977,31.2648],[64.8264,31.2661],[64.8827,31.2641],[64.888,31.2626],[64.9139,31.2613],[64.9647,31.266],[65.0026,31.2797],[65.0122,31.2801],[65.0346,31.2861],[65.0545,31.2969],[65.0761,31.3115],[65.0988,31.3236],[65.1146,31.3351],[65.1263,31.3477],[65.1509,31.3615],[65.1594,31.3707],[65.1793,31.4044],[65.1954,31.4416],[65.1956,31.4522],[65.1899,31.467],[65.1869,31.4802],[65.1879,31.5103],[65.1997,31.5284],[65.2315,31.5584],[65.2582,31.5787],[65.2777,31.6024],[65.3012,31.6685],[65.3117,31.7054],[65.3167,31.7349],[65.3194,31.7408],[65.3317,31.7455],[65.3474,31.7453],[65.3832,31.7601],[65.3994,31.7615],[65.4103,31.7688],[65.4248,31.774],[65.4432,31.7736],[65.45,31.7718],[65.4554,31.7728],[65.4736,31.7852],[65.483,31.7967],[65.5045,31.816],[65.5147,31.8198],[65.5264,31.821],[65.5519,31.8203],[65.5516,31.8142],[65.5357,31.7874],[65.5291,31.7398],[65.5248,31.7294],[65.5194,31.7052],[65.521,31.6592],[65.5118,31.6473],[65.5121,31.6411],[65.5146,31.6365],[65.5329,31.6204],[65.5664,31.6008],[65.5897,31.5797],[65.5982,31.5624],[65.5941,31.5322],[65.5834,31.4984],[65.5825,31.4811],[65.5853,31.4663],[65.5926,31.4487],[65.5996,31.3936],[65.6007,31.3806],[65.5972,31.363],[65.5966,31.3471],[65.603,31.3131],[65.6012,31.2748],[65.5943,31.2538],[65.5803,31.2264],[65.5671,31.1572],[65.5573,31.1412],[65.5519,31.1284],[65.5382,31.078],[65.5111,31.0418],[65.5015,31.0246],[65.4864,31.0036],[65.4818,30.991],[65.4756,30.9578],[65.4586,30.9048],[65.4495,30.8843],[65.4381,30.8683],[65.4268,30.8474],[65.4072,30.8029],[65.4017,30.7867],[65.3913,30.7645],[65.3845,30.7244],[65.3751,30.7048],[65.3644,30.6909],[65.3565,30.6706],[65.3539,30.6569],[65.3243,30.6618],[65.298,30.6619],[65.2723,30.665],[65.2368,30.6717],[65.2237,30.6723],[65.2141,30.6707],[65.17,30.669],[65.1278,30.6792],[65.0851,30.6868],[65.057,30.6899],[65.0121,30.6987],[64.9605,30.6999],[64.9214,30.7067],[64.8581,30.7297],[64.8435,30.7315],[64.817,30.7283],[64.7952,30.7299],[64.7258,30.7479],[64.7049,30.7469],[64.6763,30.7402],[64.6578,30.7379],[64.626,30.7378]]]]}},{"type":"Feature","properties":{"district_id":"af-kandahar-reg","name":"Reg","country":"AFG","province":"Kandahar"},"geometry":{"type":"MultiPolygon","coordinates":[[[[64.4466,29.5597],[64.4479,29.6452],[64.4526,29.6849],[64.4554,29.7306],[64.4679,29.8122],[64.4768,29.8572],[64.489,29.969],[64.4936,29.9867],[64.4969,30.0109],[64.5139,30.0726],[64.5129,30.1178],[64.5169,30.1395],[64.5179,30.1672],[64.5217,30.1824],[64.5305,30.2032],[64.5441,30.2706],[64.5473,30.3094],[64.5598,30.3636],[64.5646,30.4004],[64.5725,30.4408],[64.5843,30.4866],[64.5916,30.5534],[64.6063,30.6062],[64.6103,30.6548],[64.626,30.7378],[64.6578,30.7379],[64.6763,30.7402],[64.7049,30.7469],[64.7258,30.7479],[64.7952,30.7299],[64.817,30.7283],[64.8435,30.7315],[64.8581,30.7297],[64.9214,30.7067],[64.9605,30.6999],[65.0121,30.6987],[65.057,30.6899],[65.0851,30.6868],[65.1278,30.6792],[65.17,30.669],[65.2141,30.6707],[65.2237,30.6723],[65.2368,30.6717],[65.2723,30.665],[65.298,30.6619],[65.3243,30.6618],[65.3539,30.6569],[65.4129,30.6399],[65.4575,30.6319],[65.4875,30.6304],[65.5303,30.632],[65.5535,30.6304],[65.6805,30.6101],[65.722,30.6106],[65.7954,30.5984],[65.8107,30.601],[65.8107,30.5916],[65.8082,30.5824],[65.7948,30.5541],[65.7917,30.5418],[65.7911,30.511],[65.7867,30.4561],[65.7903,30.4336],[65.7972,30.4106],[65.8009,30.3485],[65.8001,30.328],[65.796,30.2968],[65.7962,30.2617],[65.791,30.2267],[65.789,30.1996],[65.7934,30.1595],[65.7928,30.0996],[65.7997,30.0588],[65.7984,30.037],[65.7895,29.9913],[65.7796,29.9174],[65.7907,29.8527],[65.7928,29.8258],[65.7928,29.7983],[65.7876,29.7575],[65.7869,29.7253],[65.6109,29.681],[65.5225,29.6561],[65.4413,29.6362],[65.3697,29.6156],[65.2759,29.5916],[65.0971,29.5428],[65.067,29.5362],[65.0434,29.5346],[65.0107,29.5501],[64.9833,29.558],[64.9614,29.5671],[64.9491,29.5671],[64.9276,29.5621],[64.9179,29.5568],[64.8217,29.5641],[64.7621,29.5711],[64.6319,29.5811],[64.5323,29.5759],[64.4876,29.5718],[64.4555,29.564],[64.4466,29.5597]]]]}},{"type":"Feature","properties":{"district_id":"af-kandahar-shahwalikot","name":"ShahWaliKot","country":"AFG","province":"Kandahar"},"geometry":{"type":"MultiPolygon","coordinates":[[[[65.7738,31.7642],[65.7624,31.7707],[65.7444,31.7754],[65.7307,31.7752],[65.7253,31.7804],[65.7312,31.806],[65.7368,31.814],[65.7452,31.8208],[65.7542,31.8341],[65.7599,31.8587],[65.7597,31.8668],[65.7573,31.8721],[65.7458,31.8774],[65.7313,31.8809],[65.715,31.8884],[65.7091,31.893],[65.7072,31.8969],[65.697,31.9069],[65.6686,31.925],[65.6624,31.9339],[65.6621,31.942],[65.7304,31.9463],[65.7664,31.9586],[65.7733,31.9636],[65.7771,31.9694],[65.7805,31.9819],[65.7859,31.9879],[65.7904,32.0105],[65.7953,32.0149],[65.7964,32.0209],[65.7935,32.0256],[65.7588,32.028],[65.7332,32.0336],[65.7113,32.0464],[65.7061,32.0532],[65.6954,32.0785],[65.6861,32.1196],[65.6815,32.1502],[65.6817,32.1836],[65.6845,32.199],[65.6908,32.2097],[65.7042,32.2599],[65.7199,32.2755],[65.7273,32.2807],[65.7242,32.2566],[65.7303,32.2532],[65.737,32.2549],[65.7447,32.2601],[65.7627,32.2802],[65.7897,32.297],[65.8491,32.3141],[65.9172,32.3274],[65.9137,32.3306],[65.9473,32.338],[65.969,32.3451],[65.9944,32.3559],[66.0566,32.3714],[66.08,32.3837],[66.0936,32.389],[66.0997,32.3936],[66.1092,32.4105],[66.1173,32.4187],[66.1255,32.4231],[66.143,32.4255],[66.1507,32.4285],[66.1572,32.4374],[66.1599,32.4525],[66.1646,32.4557],[66.1699,32.4644],[66.1755,32.4676],[66.1898,32.4688],[66.1957,32.4662],[66.2054,32.465],[66.2135,32.4673],[66.2184,32.4717],[66.2244,32.4728],[66.2299,32.471],[66.2444,32.4597],[66.2549,32.4601],[66.2845,32.4722],[66.3,32.4835],[66.3037,32.4674],[66.3058,32.4469],[66.312,32.4351],[66.3199,32.4263],[66.3456,32.4105],[66.3641,32.3927],[66.3987,32.3673],[66.4237,32.3364],[66.4237,32.3229],[66.4219,32.3178],[66.3771,32.249],[66.3551,32.2107],[66.3478,32.1791],[66.3469,32.1324],[66.3313,32.0618],[66.3186,32.0406],[66.3168,32.0348],[66.3172,32.029],[66.3237,32.0219],[66.3403,32.0119],[66.3467,32.0003],[66.3483,31.9867],[66.3466,31.9782],[66.3393,31.9653],[66.3187,31.9407],[66.3071,31.9212],[66.2924,31.9108],[66.2638,31.9037],[66.2501,31.8917],[66.2216,31.8822],[66.2104,31.8762],[66.1977,31.8668],[66.165,31.8534],[66.1547,31.8478],[66.1202,31.8163],[66.1084,31.8086],[66.0951,31.8032],[66.069,31.7808],[66.0555,31.7761],[66.0476,31.7759],[66.0342,31.7787],[66.0033,31.7992],[65.9883,31.8028],[65.9691,31.8107],[65.9513,31.8235],[65.9292,31.8352],[65.9197,31.8369],[65.9048,31.834],[65.888,31.8262],[65.8817,31.8214],[65.8753,31.8121],[65.8652,31.7865],[65.8084,31.7785],[65.7738,31.7642]]]]}},{"type":"Feature","properties":{"district_id":"af-kandahar-shorabak","name":"Shorabak","country":"AFG","province":"Kandahar"},"geometry":{"type":"MultiPolygon","coordinates":[[[[65.7869,29.7253],[65.7876,29.7575],[65.7928,29.7983],[65.7928,29.8258],[65.7907,29.8527],[65.7796,29.9174],[65.7895,29.9913],[65.7984,30.037],[65.7997,30.0588],[65.7928,30.0996],[65.7934,30.1595],[65.789,30.1996],[65.791,30.2267],[65.7962,30.2617],[65.796,30.2968],[65.8001,30.328],[65.8009,30.3485],[65.7972,30.4106],[65.7903,30.4336],[65.7867,30.4561],[65.7911,30.511],[65.7917,30.5418],[65.7948,30.5541],[65.8082,30.5824],[65.8107,30.5916],[65.8107,30.601],[65.8895,30.5919],[65.9396,30.5831],[65.9608,30.5765],[65.976,30.5684],[65.9867,30.5601],[66.0034,30.5555],[66.0165,30.5499],[66.0377,30.5475],[66.1245,30.5319],[66.1333,30.532],[66.2019,30.5221],[66.2174,30.5182],[66.248,30.5139],[66.2982,30.5098],[66.3629,30.4965],[66.3707,30.4796],[66.3752,30.4744],[66.3723,30.4709],[66.365,30.4669],[66.3567,30.4546],[66.3587,30.45],[66.375,30.4401],[66.3801,30.4353],[66.3635,30.4118],[66.3579,30.4013],[66.3533,30.3878],[66.3522,30.3612],[66.3489,30.3467],[66.3495,30.344],[66.3543,30.3392],[66.3556,30.331],[66.3494,30.3045],[66.3488,30.2953],[66.3407,30.2792],[66.3316,30.2704],[66.3302,30.26],[66.3329,30.2409],[66.3262,30.223],[66.3079,30.1996],[66.2967,30.1763],[66.2971,30.1693],[66.3033,30.1548],[66.3031,30.1487],[66.2972,30.1372],[66.2863,30.1287],[66.2727,30.1271],[66.2707,30.1256],[66.2693,30.12],[66.2581,30.1161],[66.2573,30.1107],[66.2384,30.0841],[66.2382,30.0664],[66.2417,30.0551],[66.2885,30.0223],[66.3004,30.0163],[66.3601,29.9732],[66.3619,29.9681],[66.3569,29.9583],[66.3456,29.9501],[66.3302,29.925],[66.3189,29.9127],[66.3132,29.9109],[66.2745,29.8789],[66.2896,29.8637],[66.2779,29.8509],[66.2665,29.842],[66.2402,29.8329],[66.2035,29.8275],[66.1907,29.8205],[66.1349,29.8061],[66.1049,29.7959],[66.0563,29.7869],[66.0406,29.7821],[66.0023,29.7789],[65.9988,29.7662],[65.9948,29.7645],[65.9635,29.7595],[65.9106,29.7462],[65.9038,29.747],[65.8879,29.7423],[65.8751,29.7433],[65.8507,29.7264],[65.8153,29.7106],[65.7863,29.7006],[65.7869,29.7253]]]]}},{"type":"Feature","properties":{"district_id":"af-kandahar-spinboldak","name":"SpinBoldak","country":"AFG","province":"Kandahar"},"geometry":{"type":"MultiPolygon","coordinates":[[[[66.0185,31.4859],[66.0241,31.4801],[66.0267,31.4644],[66.0268,31.4513],[66.0194,31.4237],[66.0179,31.4115],[66.0256,31.3733],[66.0225,31.3593],[66.0198,31.3555],[66.0191,31.3449],[66.0231,31.3369],[66.0369,31.3269],[66.0548,31.3198],[66.0883,31.3112],[66.1065,31.3044],[66.1268,31.2911],[66.1316,31.2855],[66.144,31.2784],[66.1651,31.2784],[66.1786,31.2809],[66.2067,31.2785],[66.2217,31.2802],[66.2474,31.2915],[66.2816,31.3141],[66.3151,31.3314],[66.3662,31.378],[66.4028,31.4043],[66.4195,31.4104],[66.4349,31.41],[66.448,31.4055],[66.4569,31.3991],[66.4852,31.3656],[66.5025,31.3499],[66.5215,31.3398],[66.5587,31.3237],[66.5999,31.3139],[66.6751,31.2859],[66.6854,31.2775],[66.692,31.2689],[66.7009,31.2413],[66.7072,31.2307],[66.7272,31.218],[66.7407,31.1918],[66.7264,31.1489],[66.7229,31.1268],[66.7084,31.1165],[66.7102,31.1036],[66.7095,31.0978],[66.6969,31.0758],[66.6965,31.0716],[66.6982,31.0663],[66.6968,31.0621],[66.6521,31.0344],[66.643,31.0195],[66.6352,31.0106],[66.6326,30.9945],[66.6283,30.9896],[66.6119,30.9816],[66.5922,30.9606],[66.578,30.9551],[66.5267,30.9428],[66.4993,30.9451],[66.4821,30.9445],[66.4697,30.9429],[66.4622,30.9397],[66.4556,30.9343],[66.4538,30.9275],[66.458,30.9221],[66.4755,30.9219],[66.4815,30.9186],[66.4707,30.9064],[66.4578,30.896],[66.4507,30.8819],[66.4409,30.8716],[66.4292,30.8549],[66.4244,30.8523],[66.4051,30.8504],[66.3996,30.8478],[66.389,30.8379],[66.3696,30.8059],[66.3595,30.7874],[66.3594,30.7822],[66.3819,30.761],[66.3841,30.7555],[66.3704,30.7236],[66.3573,30.7028],[66.3416,30.682],[66.3218,30.6446],[66.3154,30.6124],[66.3026,30.5712],[66.303,30.5601],[66.3059,30.5553],[66.2949,30.5377],[66.2955,30.5298],[66.2981,30.5245],[66.3065,30.5215],[66.3113,30.5169],[66.3171,30.514],[66.335,30.5135],[66.3401,30.5119],[66.3476,30.4997],[66.2982,30.5098],[66.248,30.5139],[66.2174,30.5182],[66.2019,30.5221],[66.1333,30.532],[66.1245,30.5319],[66.0377,30.5475],[66.0165,30.5499],[66.0034,30.5555],[65.9867,30.5601],[65.976,30.5684],[65.9608,30.5765],[65.9396,30.5831],[65.8895,30.5919],[65.8107,30.601],[65.8075,30.6883],[65.8077,30.7894],[65.8126,30.8047],[65.8156,30.8257],[65.815,30.8538],[65.8102,30.8815],[65.8056,30.8931],[65.8035,30.9129],[65.8063,30.9533],[65.8008,30.9877],[65.7904,31.0117],[65.7896,31.0237],[65.7928,31.04],[65.7971,31.0465],[65.8022,31.06],[65.8177,31.0765],[65.8312,31.1016],[65.8382,31.1276],[65.8401,31.1523],[65.844,31.1659],[65.8632,31.2041],[65.8775,31.2283],[65.8836,31.2442],[65.9052,31.2845],[65.9145,31.3084],[65.9182,31.3236],[65.9086,31.3452],[65.9247,31.3951],[65.9438,31.4371],[65.9487,31.4434],[65.9568,31.4498],[65.9951,31.4615],[66.0051,31.4697],[66.0185,31.4859]]]]}},{"type":"Feature","properties":{"district_id":"af-kapisa-alasay","name":"Alasay","country":"AFG","province":"Kapisa"},"geometry":{"type":"MultiPolygon","coordinates":[[[[69.9131,34.8576],[69.9022,34.8508],[69.8807,34.8531],[69.8608,34.8532],[69.846,34.8557],[69.8188,34.8557],[69.8063,34.8572],[69.7842,34.8635],[69.759,34.8738],[69.7515,34.8753],[69.7269,34.875],[69.7061,34.8807],[69.6919,34.8893],[69.6869,34.897],[69.6864,34.9023],[69.6933,34.9357],[69.7097,34.9415],[69.7333,34.9562],[69.7557,34.9736],[69.7632,34.9836],[69.7696,34.9994],[69.7741,35.0064],[69.7858,35.0158],[69.8152,35.0486],[69.8212,35.0403],[69.847,35.0286],[69.8622,35.0122],[69.8648,35.0034],[69.8652,34.9895],[69.8609,34.9711],[69.8618,34.9599],[69.8694,34.9507],[69.8932,34.9394],[69.9045,34.9274],[69.9098,34.9143],[69.9107,34.887],[69.9138,34.8679],[69.9131,34.8576]]]]}},{"type":"Feature","properties":{"district_id":"af-kapisa-kohband","name":"Kohband","country":"AFG","province":"Kapisa"},"geometry":{"type":"MultiPolygon","coordinates":[[[[69.5515,35.1588],[69.5266,35.1298],[69.5233,35.1068],[69.5306,35.0849],[69.5279,35.0692],[69.521,35.0609],[69.4984,35.0427],[69.4773,35.0333],[69.469,35.0225],[69.4593,35.0281],[69.4305,35.0327],[69.4301,35.0467],[69.4353,35.0546],[69.4383,35.0653],[69.434,35.0762],[69.4221,35.0845],[69.3943,35.0947],[69.3853,35.103],[69.3819,35.112],[69.3831,35.1233],[69.3869,35.1302],[69.4229,35.1612],[69.4416,35.1584],[69.4645,35.1666],[69.5162,35.1729],[69.5217,35.1719],[69.5515,35.1588]]]]}},{"type":"Feature","properties":{"district_id":"af-kapisa-kohistan","name":"Kohistan","country":"AFG","province":"Kapisa"},"geometry":{"type":"MultiPolygon","coordinates":[[[[69.4229,35.1612],[69.3869,35.1302],[69.3831,35.1233],[69.3819,35.112],[69.3853,35.103],[69.3943,35.0947],[69.4221,35.0845],[69.434,35.0762],[69.4383,35.0653],[69.4353,35.0546],[69.4301,35.0467],[69.4305,35.0327],[69.4087,35.0392],[69.3741,35.0559],[69.3615,35.0575],[69.3545,35.056],[69.3427,35.0501],[69.3319,35.0484],[69.3169,35.0333],[69.3086,35.0286],[69.2961,35.0138],[69.2889,35.0243],[69.2807,35.0282],[69.2766,35.0331],[69.2726,35.0496],[69.2741,35.0662],[69.2826,35.0856],[69.2824,35.092],[69.2858,35.0968],[69.2865,35.1106],[69.2914,35.1134],[69.2899,35.118],[69.2912,35.1241],[69.2866,35.1413],[69.2891,35.1454],[69.2874,35.1505],[69.2886,35.1557],[69.2851,35.1686],[69.2883,35.1726],[69.2896,35.1824],[69.2971,35.1842],[69.3221,35.1855],[69.3674,35.1763],[69.3904,35.177],[69.4229,35.1612]]]]}},{"type":"Feature","properties":{"district_id":"af-kapisa-mahmudraqi","name":"MahmudRaqi","country":"AFG","province":"Kapisa"},"geometry":{"type":"MultiPolygon","coordinates":[[[[69.4305,35.0327],[69.4593,35.0281],[69.469,35.0225],[69.4721,35.009],[69.4774,35.0059],[69.4856,34.9969],[69.4957,34.9899],[69.509,34.9836],[69.5273,34.967],[69.5378,34.9615],[69.5577,34.9543],[69.5734,34.9435],[69.5888,34.9396],[69.6107,34.9382],[69.602,34.9274],[69.5949,34.9237],[69.5633,34.9236],[69.5365,34.9128],[69.532,34.916],[69.5113,34.9138],[69.5061,34.9187],[69.4997,34.9208],[69.4924,34.9325],[69.4857,34.9332],[69.4798,34.9368],[69.4582,34.9413],[69.4493,34.9369],[69.4413,34.9363],[69.4207,34.943],[69.4164,34.9421],[69.4092,34.949],[69.4055,34.9589],[69.4005,34.9614],[69.3945,34.9706],[69.3877,34.9754],[69.3834,34.9876],[69.3743,34.9894],[69.3609,34.9989],[69.3537,35.0002],[69.3392,35.01],[69.3312,35.0057],[69.3234,35.0053],[69.3152,34.9991],[69.3063,34.9998],[69.2987,35.0039],[69.2964,35.0084],[69.2961,35.0138],[69.3086,35.0286],[69.3169,35.0333],[69.3319,35.0484],[69.3427,35.0501],[69.3545,35.056],[69.3615,35.0575],[69.3741,35.0559],[69.4087,35.0392],[69.4305,35.0327]]]]}},{"type":"Feature","properties":{"district_id":"af-kapisa-nijrab","name":"Nijrab","country":"AFG","province":"Kapisa"},"geometry":{"type":"MultiPolygon","coordinates":[[[[69.8152,35.0486],[69.7858,35.0158],[69.7741,35.0064],[69.7696,34.9994],[69.7632,34.9836],[69.7557,34.9736],[69.7333,34.9562],[69.7097,34.9415],[69.6933,34.9357],[69.6625,34.9386],[69.6313,34.936],[69.6199,34.9389],[69.5888,34.9396],[69.5734,34.9435],[69.5577,34.9543],[69.5378,34.9615],[69.5273,34.967],[69.509,34.9836],[69.4957,34.9899],[69.4856,34.9969],[69.4774,35.0059],[69.4721,35.009],[69.469,35.0225],[69.4773,35.0333],[69.4984,35.0427],[69.521,35.0609],[69.5279,35.0692],[69.5306,35.0849],[69.5233,35.1068],[69.5266,35.1298],[69.5515,35.1588],[69.56,35.1564],[69.595,35.1532],[69.6095,35.1582],[69.6243,35.1667],[69.6353,35.17],[69.6477,35.1689],[69.6733,35.1616],[69.6973,35.1677],[69.712,35.1664],[69.7293,35.1588],[69.7521,35.1318],[69.7683,35.1185],[69.7772,35.1072],[69.7873,35.098],[69.7883,35.0904],[69.8048,35.0767],[69.8106,35.0694],[69.8152,35.0486]]]]}},{"type":"Feature","properties":{"district_id":"af-kapisa-tagab","name":"Tagab","country":"AFG","province":"Kapisa"},"geometry":{"type":"MultiPolygon","coordinates":[[[[69.9022,34.8508],[69.8904,34.836],[69.8901,34.8286],[69.885,34.8199],[69.8745,34.8131],[69.8447,34.8034],[69.8285,34.8012],[69.8161,34.7975],[69.8017,34.7894],[69.7759,34.77],[69.7679,34.7585],[69.7567,34.7213],[69.7415,34.6918],[69.7327,34.6798],[69.7056,34.6558],[69.6381,34.6338],[69.6328,34.6354],[69.6206,34.6339],[69.6174,34.6367],[69.6159,34.6423],[69.6114,34.6476],[69.6061,34.6485],[69.5987,34.6454],[69.5923,34.6491],[69.5955,34.6532],[69.6008,34.6508],[69.6027,34.6604],[69.6058,34.6638],[69.6041,34.677],[69.6015,34.6824],[69.6015,34.6879],[69.6045,34.6913],[69.603,34.6955],[69.5971,34.7006],[69.5949,34.7079],[69.5956,34.7236],[69.5942,34.7283],[69.5893,34.7295],[69.5853,34.7257],[69.581,34.725],[69.5825,34.7325],[69.5785,34.7364],[69.5774,34.7418],[69.5637,34.7512],[69.564,34.7569],[69.5609,34.7683],[69.5673,34.7782],[69.5778,34.7813],[69.5693,34.7834],[69.5636,34.7949],[69.5682,34.8059],[69.5726,34.8088],[69.5767,34.8258],[69.5862,34.829],[69.5757,34.8321],[69.5655,34.8382],[69.5653,34.8523],[69.568,34.8581],[69.5819,34.8692],[69.5708,34.8815],[69.5814,34.8991],[69.5774,34.905],[69.5775,34.9099],[69.5724,34.9102],[69.5603,34.9054],[69.5411,34.9089],[69.5365,34.9128],[69.5633,34.9236],[69.5949,34.9237],[69.602,34.9274],[69.6107,34.9382],[69.6199,34.9389],[69.6313,34.936],[69.6625,34.9386],[69.6933,34.9357],[69.6864,34.9023],[69.6869,34.897],[69.6919,34.8893],[69.7061,34.8807],[69.7269,34.875],[69.7515,34.8753],[69.759,34.8738],[69.7842,34.8635],[69.8063,34.8572],[69.8188,34.8557],[69.846,34.8557],[69.8608,34.8532],[69.8807,34.8531],[69.9022,34.8508]],[[69.6045,34.6913],[69.6106,34.6874],[69.6189,34.6884],[69.6169,34.6944],[69.6086,34.6941],[69.6045,34.6913]]]]}},{"type":"Feature","properties":{"district_id":"af-khost-bak","name":"Bak","country":"AFG","province":"Khost"},"geometry":{"type":"MultiPolygon","coordinates":[[[[70.1989,33.55],[70.195,33.5428],[70.1941,33.5313],[70.1978,33.524],[70.2065,33.5176],[70.1913,33.5087],[70.1808,33.4995],[70.168,33.4933],[70.1411,33.4871],[70.1192,33.4844],[70.1046,33.4852],[70.0873,33.4884],[70.0651,33.4961],[70.0371,33.4972],[70.0227,33.51],[70.0121,33.5245],[69.985,33.5528],[69.9796,33.5608],[69.9731,33.5763],[69.9678,33.5832],[69.9549,33.5922],[69.9402,33.6092],[69.9288,33.6167],[69.914,33.6229],[69.9025,33.6316],[69.8858,33.6551],[69.8851,33.6606],[69.8966,33.6639],[69.9095,33.6756],[69.9179,33.6805],[69.9306,33.6697],[69.9363,33.6628],[69.9535,33.652],[69.9659,33.642],[69.9772,33.6266],[69.9913,33.6224],[70.0104,33.6208],[70.0214,33.6174],[70.0314,33.6114],[70.0478,33.5948],[70.0602,33.5853],[70.1023,33.5673],[70.1147,33.5602],[70.1313,33.5555],[70.1989,33.55]]]]}},{"type":"Feature","properties":{"district_id":"af-khost-gurbuz","name":"Gurbuz","country":"AFG","province":"Khost"},"geometry":{"type":"MultiPolygon","coordinates":[[[[70.0673,33.2135],[70.0239,33.1446],[70.0185,33.1425],[69.9768,33.1363],[69.9651,33.1313],[69.9459,33.1287],[69.9288,33.1175],[69.9167,33.104],[69.9013,33.1013],[69.8914,33.1012],[69.8862,33.1134],[69.8811,33.1407],[69.8844,33.1539],[69.896,33.1778],[69.8955,33.1847],[69.8918,33.192],[69.8926,33.2058],[69.8966,33.2127],[69.8973,33.2197],[69.8885,33.238],[69.8837,33.2607],[69.8681,33.2817],[69.9311,33.3075],[69.9425,33.3105],[69.9547,33.3113],[69.9752,33.3098],[69.993,33.3014],[70.0054,33.2917],[70.0207,33.2761],[70.0383,33.256],[70.0593,33.2234],[70.0673,33.2135]]]]}},{"type":"Feature","properties":{"district_id":"af-khost-jajimaydan","name":"JajiMaydan","country":"AFG","province":"Khost"},"geometry":{"type":"MultiPolygon","coordinates":[[[[70.1989,33.55],[70.1313,33.5555],[70.1147,33.5602],[70.1023,33.5673],[70.0602,33.5853],[70.0478,33.5948],[70.0314,33.6114],[70.0214,33.6174],[70.0104,33.6208],[69.9913,33.6224],[69.9772,33.6266],[69.9659,33.642],[69.9535,33.652],[69.9363,33.6628],[69.9306,33.6697],[69.9179,33.6805],[69.9254,33.6835],[69.9493,33.6839],[69.9543,33.6856],[69.9613,33.692],[69.9705,33.7055],[69.9835,33.7127],[70.0052,33.7214],[70.0281,33.7418],[70.0422,33.7391],[70.0544,33.7311],[70.0598,33.7307],[70.074,33.7347],[70.0905,33.7358],[70.1084,33.7303],[70.1147,33.7365],[70.1217,33.7392],[70.1416,33.7351],[70.155,33.7256],[70.1604,33.7044],[70.1639,33.6989],[70.1639,33.6646],[70.1652,33.6588],[70.1778,33.6555],[70.2033,33.6571],[70.21,33.6548],[70.2181,33.6433],[70.2191,33.6371],[70.2119,33.6299],[70.2179,33.6285],[70.2167,33.6206],[70.2104,33.6159],[70.2173,33.6087],[70.2186,33.5964],[70.2104,33.5876],[70.2047,33.576],[70.1995,33.5718],[70.1982,33.5672],[70.1997,33.5592],[70.1989,33.55]]]]}},{"type":"Feature","properties":{"district_id":"af-khost-khost-matun","name":"Khost(Matun)","country":"AFG","province":"Khost"},"geometry":{"type":"MultiPolygon","coordinates":[[[[70.0673,33.2135],[70.0593,33.2234],[70.0383,33.256],[70.0207,33.2761],[70.0054,33.2917],[69.993,33.3014],[69.9752,33.3098],[69.9622,33.3114],[69.9425,33.3105],[69.9311,33.3075],[69.8927,33.2921],[69.9044,33.3088],[69.9049,33.3156],[69.8986,33.3264],[69.8738,33.3369],[69.8577,33.3516],[69.8479,33.3544],[69.8523,33.3679],[69.8504,33.3877],[69.8509,33.3997],[69.8617,33.4173],[69.8682,33.417],[69.8792,33.4238],[69.8918,33.4272],[69.9016,33.4332],[69.9291,33.4226],[69.9571,33.4154],[69.9661,33.4167],[69.9738,33.4205],[69.9816,33.4286],[69.9871,33.4318],[69.995,33.4282],[70.0158,33.4232],[70.0506,33.4222],[70.0693,33.42],[70.0958,33.4082],[70.1026,33.4001],[70.1067,33.3909],[70.1114,33.3405],[70.1158,33.3267],[70.1215,33.3154],[70.1631,33.2589],[70.1693,33.2396],[70.183,33.2183],[70.1724,33.2114],[70.1608,33.2005],[70.1556,33.1979],[70.1368,33.1978],[70.099,33.1926],[70.0858,33.1948],[70.0802,33.1973],[70.0673,33.2135]]]]}},{"type":"Feature","properties":{"district_id":"af-khost-mandozayi","name":"MandoZayi","country":"AFG","province":"Khost"},"geometry":{"type":"MultiPolygon","coordinates":[[[[69.8927,33.2921],[69.8681,33.2817],[69.8511,33.2792],[69.8274,33.2797],[69.7862,33.2664],[69.7753,33.2654],[69.7406,33.2566],[69.7344,33.2654],[69.7317,33.2778],[69.7261,33.2842],[69.7224,33.2958],[69.7173,33.3027],[69.7121,33.3061],[69.7108,33.3212],[69.7154,33.3328],[69.7196,33.338],[69.732,33.3435],[69.7526,33.3452],[69.7794,33.3443],[69.8022,33.3491],[69.835,33.3512],[69.8479,33.3544],[69.8577,33.3516],[69.8738,33.3369],[69.8986,33.3264],[69.9049,33.3156],[69.9044,33.3088],[69.8927,33.2921]]]]}},{"type":"Feature","properties":{"district_id":"af-khost-musakhel","name":"MusaKhel","country":"AFG","province":"Khost"},"geometry":{"type":"MultiPolygon","coordinates":[[[[69.9016,33.4332],[69.8918,33.4272],[69.8792,33.4238],[69.8682,33.417],[69.8617,33.4173],[69.8019,33.4612],[69.771,33.4883],[69.7549,33.4993],[69.679,33.5298],[69.6422,33.5379],[69.5948,33.5458],[69.6086,33.5628],[69.6261,33.5749],[69.6539,33.5891],[69.7011,33.6079],[69.7264,33.6101],[69.7562,33.6088],[69.7832,33.5983],[69.7956,33.5989],[69.7955,33.5899],[69.7896,33.5772],[69.7869,33.5528],[69.7907,33.5337],[69.7985,33.5202],[69.8113,33.507],[69.8438,33.4867],[69.8718,33.466],[69.8907,33.4498],[69.9005,33.4378],[69.9016,33.4332]]]]}},{"type":"Feature","properties":{"district_id":"af-khost-nadirshahkot","name":"NadirShahKot","country":"AFG","province":"Khost"},"geometry":{"type":"MultiPolygon","coordinates":[[[[69.8617,33.4173],[69.8509,33.3997],[69.8504,33.3877],[69.8523,33.3679],[69.8479,33.3544],[69.835,33.3512],[69.8022,33.3491],[69.7794,33.3443],[69.7526,33.3452],[69.732,33.3435],[69.7196,33.338],[69.7154,33.3328],[69.7108,33.3212],[69.7121,33.3061],[69.7173,33.3027],[69.7224,33.2958],[69.7261,33.2842],[69.7317,33.2778],[69.7344,33.2654],[69.7406,33.2566],[69.7283,33.2526],[69.7033,33.2497],[69.6897,33.244],[69.6632,33.2398],[69.6473,33.2287],[69.6309,33.2244],[69.6221,33.216],[69.6282,33.2362],[69.629,33.25],[69.6236,33.256],[69.5994,33.2731],[69.579,33.2809],[69.5818,33.2861],[69.5812,33.2943],[69.5702,33.315],[69.5659,33.3184],[69.5611,33.3264],[69.5359,33.3513],[69.5189,33.3626],[69.5075,33.3749],[69.5068,33.3821],[69.5565,33.4263],[69.5686,33.4398],[69.5763,33.4532],[69.5813,33.4723],[69.61,33.4669],[69.6172,33.4627],[69.6237,33.4556],[69.6396,33.4442],[69.6558,33.4399],[69.6707,33.4398],[69.7238,33.4463],[69.7468,33.4467],[69.7599,33.4451],[69.7991,33.4308],[69.8087,33.4297],[69.8407,33.4327],[69.8617,33.4173]]]]}},{"type":"Feature","properties":{"district_id":"af-khost-qalandar","name":"Qalandar","country":"AFG","province":"Khost"},"geometry":{"type":"MultiPolygon","coordinates":[[[[69.5948,33.5458],[69.6422,33.5379],[69.679,33.5298],[69.7549,33.4993],[69.771,33.4883],[69.8019,33.4612],[69.8407,33.4327],[69.8087,33.4297],[69.7991,33.4308],[69.7599,33.4451],[69.7468,33.4467],[69.7238,33.4463],[69.6707,33.4398],[69.6558,33.4399],[69.6396,33.4442],[69.6237,33.4556],[69.6172,33.4627],[69.61,33.4669],[69.5813,33.4723],[69.5831,33.4832],[69.5829,33.5238],[69.5948,33.5458]]]]}},{"type":"Feature","properties":{"district_id":"af-khost-sabari","name":"Sabari","country":"AFG","province":"Khost"},"geometry":{"type":"MultiPolygon","coordinates":[[[[69.8851,33.6606],[69.8858,33.6551],[69.9025,33.6316],[69.914,33.6229],[69.9288,33.6167],[69.9402,33.6092],[69.9549,33.5922],[69.9678,33.5832],[69.9731,33.5763],[69.9796,33.5608],[69.985,33.5528],[70.0121,33.5245],[70.0227,33.51],[70.0371,33.4972],[70.033,33.4952],[70.0309,33.4883],[70.0395,33.4806],[70.0403,33.4747],[70.0354,33.4721],[70.0223,33.4697],[70.0123,33.4636],[70.0004,33.4395],[69.9816,33.4286],[69.9738,33.4205],[69.9661,33.4167],[69.9571,33.4154],[69.9291,33.4226],[69.9016,33.4332],[69.9005,33.4378],[69.8907,33.4498],[69.8718,33.466],[69.8438,33.4867],[69.8113,33.507],[69.7985,33.5202],[69.7907,33.5337],[69.7869,33.5528],[69.7896,33.5772],[69.7955,33.5899],[69.7971,33.6148],[69.8022,33.6172],[69.8173,33.6151],[69.824,33.62],[69.8278,33.6325],[69.8365,33.6415],[69.8467,33.6477],[69.8851,33.6606]]]]}},{"type":"Feature","properties":{"district_id":"af-khost-spera","name":"Spera","country":"AFG","province":"Khost"},"geometry":{"type":"MultiPolygon","coordinates":[[[[69.579,33.2809],[69.5994,33.2731],[69.6092,33.2669],[69.6236,33.256],[69.629,33.25],[69.6294,33.2433],[69.6221,33.216],[69.6149,33.202],[69.6023,33.1684],[69.5926,33.1321],[69.5881,33.1241],[69.5762,33.1104],[69.5754,33.103],[69.5791,33.0964],[69.5781,33.0953],[69.5892,33.0839],[69.5808,33.0789],[69.5682,33.0683],[69.5652,33.0618],[69.5539,33.0487],[69.5289,33.0298],[69.5224,33.0212],[69.5139,33.0139],[69.4899,33.0257],[69.4728,33.0386],[69.459,33.043],[69.4165,33.0399],[69.4063,33.0439],[69.3988,33.0511],[69.3764,33.0525],[69.3633,33.0585],[69.3515,33.0665],[69.3525,33.0734],[69.3558,33.0799],[69.3659,33.089],[69.4207,33.1298],[69.4303,33.1387],[69.436,33.1462],[69.4583,33.1616],[69.4676,33.1762],[69.4679,33.1841],[69.4662,33.1891],[69.4536,33.2167],[69.4416,33.233],[69.4164,33.252],[69.402,33.2594],[69.3923,33.2624],[69.3934,33.2719],[69.3971,33.2771],[69.4057,33.283],[69.4286,33.2862],[69.4444,33.2944],[69.4534,33.2951],[69.4641,33.2899],[69.4812,33.2746],[69.4906,33.2571],[69.4964,33.2505],[69.5019,33.248],[69.5114,33.2487],[69.5616,33.2686],[69.579,33.2809]]]]}},{"type":"Feature","properties":{"district_id":"af-khost-tani","name":"Tani","country":"AFG","province":"Khost"},"geometry":{"type":"MultiPolygon","coordinates":[[[[69.8681,33.2817],[69.8837,33.2607],[69.8885,33.238],[69.8973,33.2197],[69.8966,33.2127],[69.8926,33.2058],[69.8918,33.192],[69.8955,33.1847],[69.896,33.1778],[69.8844,33.1539],[69.8811,33.1407],[69.8862,33.1134],[69.8914,33.1012],[69.8755,33.0957],[69.8565,33.0963],[69.8288,33.1047],[69.7991,33.1239],[69.7865,33.1275],[69.7735,33.1205],[69.7682,33.1155],[69.7464,33.1138],[69.7373,33.1098],[69.7305,33.1004],[69.7225,33.0931],[69.7046,33.0905],[69.6794,33.0977],[69.6667,33.0981],[69.6551,33.0953],[69.617,33.0975],[69.579,33.0966],[69.5754,33.103],[69.5762,33.1104],[69.5881,33.1241],[69.5926,33.1321],[69.6023,33.1684],[69.6149,33.202],[69.6221,33.216],[69.6309,33.2244],[69.6473,33.2287],[69.6632,33.2398],[69.6897,33.244],[69.7033,33.2497],[69.7283,33.2526],[69.7753,33.2654],[69.7862,33.2664],[69.8274,33.2797],[69.8511,33.2792],[69.8681,33.2817]]]]}},{"type":"Feature","properties":{"district_id":"af-khost-terezayi","name":"TereZayi","country":"AFG","province":"Khost"},"geometry":{"type":"MultiPolygon","coordinates":[[[[70.0371,33.4972],[70.0651,33.4961],[70.0873,33.4884],[70.1046,33.4852],[70.1192,33.4844],[70.1411,33.4871],[70.168,33.4933],[70.1808,33.4995],[70.1913,33.5087],[70.2065,33.5176],[70.2152,33.5101],[70.2208,33.5023],[70.2236,33.4959],[70.225,33.4824],[70.2291,33.4785],[70.2532,33.4736],[70.2647,33.4535],[70.2717,33.4471],[70.3013,33.4417],[70.3092,33.4382],[70.3146,33.4327],[70.3186,33.4136],[70.3402,33.392],[70.3361,33.3879],[70.3347,33.381],[70.3302,33.3786],[70.3284,33.3757],[70.3277,33.3711],[70.33,33.365],[70.3366,33.359],[70.342,33.3491],[70.3382,33.3428],[70.3269,33.3396],[70.3309,33.3274],[70.2905,33.3267],[70.2711,33.305],[70.2335,33.2688],[70.2083,33.2504],[70.1892,33.2413],[70.1693,33.2396],[70.1631,33.2589],[70.1215,33.3154],[70.1158,33.3267],[70.1114,33.3405],[70.1067,33.3909],[70.1026,33.4001],[70.0958,33.4082],[70.0693,33.42],[70.0506,33.4222],[70.0158,33.4232],[69.995,33.4282],[69.9871,33.4318],[70.0004,33.4395],[70.0123,33.4636],[70.0223,33.4697],[70.0354,33.4721],[70.0403,33.4747],[70.0395,33.4806],[70.0309,33.4883],[70.033,33.4952],[70.0371,33.4972]]]]}},{"type":"Feature","properties":{"district_id":"af-kunar-asadabad","name":"Asadabad","country":"AFG","province":"Kunar"},"geometry":{"type":"MultiPolygon","coordinates":[[[[71.3034,34.9899],[71.2898,34.9751],[71.2638,34.9581],[71.2556,34.9488],[71.2521,34.9416],[71.1779,34.9064],[71.168,34.8962],[71.1667,34.89],[71.1676,34.8829],[71.158,34.8665],[71.157,34.8572],[71.1451,34.8451],[71.1401,34.8324],[71.1311,34.8266],[71.1093,34.8445],[71.0948,34.8597],[71.0772,34.8661],[71.049,34.8687],[71.0333,34.877],[71.025,34.8901],[71.0209,34.923],[71.0158,35.0143],[71.019,35.0276],[71.0379,35.0618],[71.0384,35.0708],[71.0325,35.0818],[71.041,35.0918],[71.0481,35.1062],[71.0566,35.1114],[71.0642,35.1131],[71.0769,35.1122],[71.0892,35.1057],[71.1061,35.0859],[71.1101,35.0834],[71.1225,35.082],[71.1281,35.0856],[71.1313,35.0902],[71.1307,35.1046],[71.1417,35.1285],[71.1438,35.137],[71.1401,35.1586],[71.1413,35.1752],[71.1451,35.1807],[71.1688,35.1945],[71.1829,35.2069],[71.1892,35.2088],[71.1946,35.2083],[71.2126,35.1981],[71.234,35.1673],[71.2528,35.1525],[71.2688,35.1365],[71.2862,35.1019],[71.304,35.0785],[71.3062,35.0658],[71.3036,35.0541],[71.296,35.0342],[71.2935,35.0097],[71.3034,34.9899]]]]}},{"type":"Feature","properties":{"district_id":"af-kunar-barkunar","name":"BarKunar","country":"AFG","province":"Kunar"},"geometry":{"type":"MultiPolygon","coordinates":[[[[71.3034,34.9899],[71.2935,35.0097],[71.296,35.0342],[71.3036,35.0541],[71.3062,35.0658],[71.304,35.0785],[71.2862,35.1019],[71.2688,35.1365],[71.2528,35.1525],[71.234,35.1673],[71.2126,35.1981],[71.1946,35.2083],[71.1892,35.2088],[71.1829,35.2069],[71.1842,35.2152],[71.1781,35.2263],[71.1787,35.2452],[71.1878,35.2675],[71.2017,35.2881],[71.2085,35.2896],[71.2395,35.3142],[71.2648,35.3225],[71.3106,35.3451],[71.3348,35.3489],[71.3543,35.3589],[71.3689,35.3621],[71.3854,35.3597],[71.3994,35.354],[71.4067,35.3385],[71.4108,35.317],[71.433,35.2842],[71.4375,35.2696],[71.4371,35.258],[71.4271,35.2288],[71.4252,35.2155],[71.4264,35.2022],[71.4337,35.1808],[71.4348,35.1672],[71.4373,35.1588],[71.4457,35.1431],[71.4561,35.1294],[71.4645,35.1121],[71.5033,35.08],[71.487,35.0669],[71.477,35.0552],[71.4619,35.0468],[71.449,35.0438],[71.4231,35.0431],[71.3958,35.0329],[71.3756,35.0325],[71.3624,35.029],[71.3449,35.0185],[71.3239,34.9991],[71.3137,34.9932],[71.3034,34.9899]]]]}},{"type":"Feature","properties":{"district_id":"af-kunar-chapadara","name":"ChapaDara","country":"AFG","province":"Kunar"},"geometry":{"type":"MultiPolygon","coordinates":[[[[70.8206,35.068],[70.8265,35.0646],[70.8301,35.0597],[70.8314,35.0445],[70.8273,35.0317],[70.8044,34.9945],[70.7811,34.9644],[70.7672,34.9414],[70.7661,34.9348],[70.7679,34.93],[70.7763,34.9247],[70.8028,34.9192],[70.8101,34.9152],[70.8177,34.9071],[70.8206,34.9016],[70.8172,34.8905],[70.7983,34.8586],[70.791,34.8413],[70.7822,34.8258],[70.7749,34.8174],[70.7641,34.8091],[70.7509,34.8057],[70.728,34.802],[70.6781,34.8011],[70.6721,34.7997],[70.6563,34.7923],[70.6418,34.7913],[70.6279,34.8041],[70.6249,34.8086],[70.621,34.8204],[70.6287,34.8457],[70.6297,34.866],[70.6272,34.888],[70.6174,34.9056],[70.6089,34.9151],[70.5977,34.9397],[70.5966,34.9562],[70.5977,34.9749],[70.5955,35.0135],[70.6036,35.0417],[70.6095,35.0538],[70.6151,35.0602],[70.6338,35.0724],[70.6406,35.0744],[70.6473,35.0738],[70.6767,35.0661],[70.698,35.0523],[70.7031,35.0463],[70.7227,35.0355],[70.7339,35.0338],[70.7447,35.0351],[70.7607,35.0413],[70.7716,35.0506],[70.7797,35.0605],[70.7913,35.0686],[70.7998,35.0702],[70.8206,35.068]]]]}},{"type":"Feature","properties":{"district_id":"af-kunar-chawkay","name":"Chawkay","country":"AFG","province":"Kunar"},"geometry":{"type":"MultiPolygon","coordinates":[[[[70.7509,34.8057],[70.7641,34.8091],[70.7749,34.8174],[70.7822,34.8258],[70.7869,34.834],[70.8537,34.8261],[70.8755,34.8205],[70.8932,34.8134],[70.8907,34.8055],[70.8914,34.8012],[70.8995,34.793],[70.9265,34.7856],[70.9631,34.7629],[70.9781,34.7509],[70.9878,34.7402],[70.9968,34.7358],[70.9906,34.7258],[70.9868,34.7151],[70.9434,34.6846],[70.9406,34.6805],[70.9392,34.6653],[70.9331,34.6592],[70.9251,34.6566],[70.9036,34.6554],[70.8887,34.6505],[70.8254,34.6228],[70.8087,34.6109],[70.8097,34.6201],[70.8193,34.643],[70.8296,34.6822],[70.8292,34.6972],[70.8183,34.7356],[70.8081,34.7563],[70.7939,34.7741],[70.7608,34.7951],[70.7509,34.8057]]]]}},{"type":"Feature","properties":{"district_id":"af-kunar-dangam","name":"Dangam","country":"AFG","province":"Kunar"},"geometry":{"type":"MultiPolygon","coordinates":[[[[71.2521,34.9416],[71.2556,34.9488],[71.2638,34.9581],[71.2898,34.9751],[71.3034,34.9899],[71.3137,34.9932],[71.3239,34.9991],[71.3449,35.0185],[71.3624,35.029],[71.3756,35.0325],[71.3958,35.0329],[71.4231,35.0431],[71.449,35.0438],[71.4619,35.0468],[71.477,35.0552],[71.487,35.0669],[71.5033,35.08],[71.5462,35.0842],[71.545,35.0759],[71.5499,35.063],[71.5531,35.0437],[71.5609,35.038],[71.5764,35.0365],[71.5871,35.0331],[71.586,35.0268],[71.561,35.0216],[71.5583,35.0131],[71.5404,34.9984],[71.5327,34.9897],[71.5323,34.9776],[71.5255,34.9602],[71.5075,34.947],[71.4949,34.9413],[71.4761,34.9377],[71.4566,34.9298],[71.4422,34.9314],[71.4387,34.9271],[71.445,34.9242],[71.4193,34.9146],[71.4134,34.9142],[71.3933,34.9042],[71.3712,34.9007],[71.3607,34.8974],[71.3463,34.8824],[71.3301,34.8729],[71.2936,34.8987],[71.2631,34.9152],[71.2544,34.9268],[71.2521,34.9416]]]]}},{"type":"Feature","properties":{"district_id":"af-kunar-dara-i-pech","name":"Dara-i-Pech","country":"AFG","province":"Kunar"},"geometry":{"type":"MultiPolygon","coordinates":[[[[71.0325,35.0818],[71.0384,35.0708],[71.0379,35.0618],[71.019,35.0276],[71.0158,35.0143],[71.0209,34.923],[71.025,34.8901],[71.0191,34.8669],[71.0125,34.855],[71.0043,34.8477],[70.9965,34.8444],[70.9849,34.8441],[70.9511,34.8553],[70.9402,34.8541],[70.9285,34.8472],[70.8932,34.8134],[70.8755,34.8205],[70.8537,34.8261],[70.7869,34.834],[70.7983,34.8586],[70.8172,34.8905],[70.8206,34.9016],[70.8177,34.9071],[70.8101,34.9152],[70.8028,34.9192],[70.7763,34.9247],[70.7679,34.93],[70.7661,34.9348],[70.7672,34.9414],[70.7811,34.9644],[70.8044,34.9945],[70.8273,35.0317],[70.8314,35.0445],[70.8301,35.0597],[70.8265,35.0646],[70.8581,35.0673],[70.9124,35.0653],[70.924,35.068],[70.9352,35.0764],[70.949,35.0841],[70.9698,35.089],[70.9971,35.088],[71.0174,35.083],[71.0325,35.0818]]]]}},{"type":"Feature","properties":{"district_id":"af-kunar-khaskunar","name":"KhasKunar","country":"AFG","province":"Kunar"},"geometry":{"type":"MultiPolygon","coordinates":[[[[70.8087,34.6109],[70.8254,34.6228],[70.8887,34.6505],[70.9036,34.6554],[70.9251,34.6566],[70.9331,34.6592],[70.9392,34.6653],[70.9406,34.6805],[70.9434,34.6846],[70.9868,34.7151],[70.9878,34.7076],[70.9905,34.7028],[70.9987,34.6962],[71.0457,34.6803],[71.1072,34.6657],[71.1068,34.6553],[71.1213,34.6391],[71.128,34.6283],[71.1248,34.6185],[71.1077,34.5993],[71.1016,34.5895],[71.0989,34.5818],[71.0949,34.5781],[71.0911,34.575],[71.0726,34.5731],[71.049,34.5603],[71.0268,34.5378],[71.0064,34.552],[70.9902,34.56],[70.9142,34.5692],[70.8916,34.5683],[70.8678,34.5536],[70.8588,34.5523],[70.8275,34.5529],[70.8141,34.5746],[70.8087,34.5893],[70.8087,34.6109]]]]}},{"type":"Feature","properties":{"district_id":"af-kunar-marwara","name":"Marwara","country":"AFG","province":"Kunar"},"geometry":{"type":"MultiPolygon","coordinates":[[[[71.1676,34.8829],[71.1667,34.89],[71.168,34.8962],[71.1779,34.9064],[71.2521,34.9416],[71.2544,34.9268],[71.2631,34.9152],[71.2936,34.8987],[71.316,34.8825],[71.3099,34.8788],[71.3012,34.8655],[71.2957,34.8501],[71.2924,34.8338],[71.2795,34.805],[71.2712,34.798],[71.2463,34.7909],[71.2311,34.7646],[71.2081,34.8054],[71.1913,34.825],[71.1813,34.8423],[71.1722,34.8726],[71.1676,34.8829]]]]}},{"type":"Feature","properties":{"district_id":"af-kunar-nali","name":"Nali","country":"AFG","province":"Kunar"},"geometry":{"type":"MultiPolygon","coordinates":[[[[71.5033,35.08],[71.4645,35.1121],[71.4561,35.1294],[71.4457,35.1431],[71.4373,35.1588],[71.4348,35.1672],[71.4337,35.1808],[71.4264,35.2022],[71.4252,35.2155],[71.4271,35.2288],[71.4371,35.258],[71.4375,35.2696],[71.433,35.2842],[71.4108,35.317],[71.4067,35.3385],[71.3994,35.354],[71.4122,35.3494],[71.4162,35.346],[71.4319,35.3408],[71.4447,35.3407],[71.4587,35.3454],[71.4619,35.3496],[71.4635,35.3556],[71.4603,35.3647],[71.4564,35.3688],[71.454,35.3827],[71.4614,35.3948],[71.4703,35.4042],[71.5024,35.4261],[71.5137,35.4291],[71.5259,35.4291],[71.5443,35.4325],[71.5545,35.445],[71.5711,35.4547],[71.5826,35.4664],[71.6153,35.4835],[71.6343,35.4991],[71.6462,35.4764],[71.6589,35.4655],[71.6672,35.4554],[71.6732,35.4405],[71.6709,35.4306],[71.6385,35.3908],[71.6102,35.3654],[71.6056,35.3582],[71.6014,35.3445],[71.5891,35.3391],[71.5821,35.3329],[71.5803,35.3285],[71.5696,35.3176],[71.5669,35.3118],[71.5823,35.3053],[71.5811,35.2926],[71.5919,35.2786],[71.6072,35.2687],[71.6375,35.2434],[71.6789,35.2302],[71.687,35.2255],[71.6902,35.2144],[71.6869,35.1969],[71.6729,35.1948],[71.639,35.165],[71.6288,35.1489],[71.6173,35.1398],[71.5853,35.1294],[71.5526,35.108],[71.5358,35.0904],[71.5334,35.0828],[71.5033,35.08]]]]}},{"type":"Feature","properties":{"district_id":"af-kunar-narangwabadil","name":"NarangWaBadil","country":"AFG","province":"Kunar"},"geometry":{"type":"MultiPolygon","coordinates":[[[[71.025,34.8901],[71.0333,34.877],[71.049,34.8687],[71.0772,34.8661],[71.0948,34.8597],[71.1093,34.8445],[71.1311,34.8266],[71.1133,34.8162],[71.105,34.8056],[71.1016,34.7972],[71.1025,34.7745],[71.098,34.7633],[71.0783,34.745],[71.057,34.7347],[71.0453,34.737],[71.0373,34.7425],[71.0286,34.7459],[71.0165,34.7447],[71.0017,34.7395],[70.9968,34.7358],[70.9878,34.7402],[70.9781,34.7509],[70.9631,34.7629],[70.9265,34.7856],[70.8995,34.793],[70.8914,34.8012],[70.8907,34.8055],[70.8932,34.8134],[70.9285,34.8472],[70.9402,34.8541],[70.9511,34.8553],[70.9849,34.8441],[70.9965,34.8444],[71.0043,34.8477],[71.0125,34.855],[71.0191,34.8669],[71.025,34.8901]]]]}},{"type":"Feature","properties":{"district_id":"af-kunar-nurgal","name":"Nurgal","country":"AFG","province":"Kunar"},"geometry":{"type":"MultiPolygon","coordinates":[[[[70.6418,34.7913],[70.6563,34.7923],[70.6721,34.7997],[70.6781,34.8011],[70.728,34.802],[70.7509,34.8057],[70.7608,34.7951],[70.7939,34.7741],[70.8081,34.7563],[70.8183,34.7356],[70.8292,34.6972],[70.8296,34.6822],[70.8193,34.643],[70.8097,34.6201],[70.8087,34.6109],[70.8087,34.5893],[70.8141,34.5746],[70.8275,34.5529],[70.7961,34.5452],[70.7547,34.5472],[70.7302,34.5552],[70.7203,34.5615],[70.7099,34.5767],[70.6989,34.5866],[70.6806,34.594],[70.6617,34.6084],[70.656,34.6148],[70.6536,34.6209],[70.6539,34.6332],[70.659,34.6519],[70.6589,34.6831],[70.6625,34.6949],[70.6685,34.7041],[70.6703,34.7104],[70.6689,34.7252],[70.6599,34.7485],[70.655,34.7754],[70.6418,34.7913]]]]}},{"type":"Feature","properties":{"district_id":"af-kunar-sirkanay","name":"Sirkanay","country":"AFG","province":"Kunar"},"geometry":{"type":"MultiPolygon","coordinates":[[[[71.1311,34.8266],[71.1401,34.8324],[71.1451,34.8451],[71.157,34.8572],[71.158,34.8665],[71.1676,34.8829],[71.1722,34.8726],[71.1813,34.8423],[71.1913,34.825],[71.2081,34.8054],[71.2311,34.7646],[71.2393,34.7561],[71.2444,34.7478],[71.2338,34.7366],[71.2028,34.7276],[71.1861,34.7159],[71.1716,34.7112],[71.1624,34.7017],[71.1187,34.6871],[71.1124,34.6829],[71.1072,34.6657],[71.0718,34.6731],[71.0248,34.6868],[70.9987,34.6962],[70.9905,34.7028],[70.9878,34.7076],[70.9868,34.7151],[70.9906,34.7258],[70.9968,34.7358],[71.0017,34.7395],[71.0165,34.7447],[71.0286,34.7459],[71.0373,34.7425],[71.0453,34.737],[71.057,34.7347],[71.0783,34.745],[71.098,34.7633],[71.1025,34.7745],[71.1016,34.7972],[71.105,34.8056],[71.1133,34.8162],[71.1311,34.8266]]]]}},{"type":"Feature","properties":{"district_id":"af-kunduz-aliabad","name":"Aliabad","country":"AFG","province":"Kunduz"},"geometry":{"type":"MultiPolygon","coordinates":[[[[68.9625,36.3977],[68.9306,36.399],[68.9124,36.4041],[68.8754,36.4052],[68.8492,36.4095],[68.8392,36.4135],[68.8344,36.4199],[68.837,36.4295],[68.8352,36.4347],[68.8121,36.4516],[68.7958,36.4593],[68.7721,36.483],[68.7593,36.4907],[68.75,36.5061],[68.7362,36.517],[68.7353,36.5334],[68.7291,36.5376],[68.7362,36.5438],[68.7707,36.5659],[68.7969,36.5743],[68.8343,36.5894],[68.8444,36.5914],[68.8647,36.5898],[68.9066,36.5933],[68.936,36.5915],[68.9821,36.5783],[69.0107,36.5753],[69.0366,36.5655],[69.0663,36.5483],[69.0952,36.536],[69.1283,36.5028],[69.1503,36.4907],[69.1702,36.4736],[69.1783,36.472],[69.1725,36.4696],[69.1693,36.4656],[69.17,36.458],[69.1746,36.4469],[69.1883,36.4307],[69.1889,36.4131],[69.1849,36.4012],[69.1847,36.3908],[69.1988,36.3552],[69.2174,36.3284],[69.2237,36.3039],[69.2082,36.3099],[69.1376,36.3302],[69.0444,36.3637],[69.0247,36.3817],[69.0014,36.3988],[68.9886,36.3999],[68.9625,36.3977]]]]}},{"type":"Feature","properties":{"district_id":"af-kunduz-chardara","name":"CharDara","country":"AFG","province":"Kunduz"},"geometry":{"type":"MultiPolygon","coordinates":[[[[68.7291,36.5376],[68.7035,36.5293],[68.6905,36.5191],[68.6782,36.5119],[68.6694,36.5019],[68.6636,36.4994],[68.6523,36.5005],[68.6289,36.5113],[68.5985,36.5116],[68.5817,36.5182],[68.5579,36.5205],[68.5422,36.5272],[68.5205,36.5315],[68.5052,36.5373],[68.4902,36.5385],[68.4692,36.5442],[68.4532,36.5459],[68.4333,36.5526],[68.4072,36.5549],[68.3705,36.5499],[68.3188,36.5481],[68.3123,36.5509],[68.291,36.5686],[68.2597,36.5753],[68.2471,36.5833],[68.2401,36.5851],[68.2164,36.5836],[68.2116,36.5857],[68.2065,36.5906],[68.2014,36.5995],[68.2104,36.6089],[68.2197,36.6143],[68.2634,36.6506],[68.3268,36.6819],[68.3456,36.695],[68.3594,36.7021],[68.4072,36.7204],[68.4498,36.7348],[68.4923,36.7545],[68.5272,36.7795],[68.5552,36.8056],[68.5734,36.8276],[68.5879,36.8407],[68.6102,36.8312],[68.7022,36.7981],[68.7539,36.7674],[68.8064,36.7424],[68.8322,36.7206],[68.8346,36.6932],[68.8411,36.6649],[68.8773,36.6303],[68.8731,36.6124],[68.8802,36.6141],[68.8824,36.6101],[68.8756,36.6077],[68.8788,36.6041],[68.88,36.5992],[68.8875,36.5919],[68.8647,36.5898],[68.8444,36.5914],[68.8343,36.5894],[68.7969,36.5743],[68.7707,36.5659],[68.7362,36.5438],[68.7291,36.5376]]]]}},{"type":"Feature","properties":{"district_id":"af-kunduz-dashtiarchi","name":"DashtiArchi","country":"AFG","province":"Kunduz"},"geometry":{"type":"MultiPolygon","coordinates":[[[[69.2958,36.8411],[69.292,36.83],[69.2849,36.8201],[69.2742,36.8113],[69.2136,36.7983],[69.1923,36.7885],[69.1827,36.7804],[69.1778,36.7739],[69.1556,36.7843],[69.1396,36.7894],[69.1203,36.7994],[69.1137,36.8059],[69.1105,36.8134],[69.104,36.8215],[69.0666,36.854],[69.0521,36.8746],[69.0375,36.8879],[69.0187,36.9087],[69.0072,36.9182],[68.994,36.9232],[68.9847,36.9304],[68.9726,37.0101],[68.9691,37.0218],[68.9694,37.0295],[68.9775,37.0435],[68.9859,37.0492],[68.9922,37.0562],[68.9973,37.0662],[69.0001,37.0773],[69.0037,37.0826],[69.0168,37.0885],[69.0349,37.0907],[69.0534,37.1031],[69.068,37.1101],[69.0768,37.1125],[69.0842,37.1128],[69.0948,37.1106],[69.1204,37.0983],[69.1452,37.0903],[69.1641,37.0887],[69.1718,37.0897],[69.1917,37.0965],[69.1975,37.1001],[69.2066,37.109],[69.2147,37.1202],[69.2158,37.1276],[69.2195,37.1241],[69.2238,37.1147],[69.233,37.1097],[69.2443,37.0981],[69.2501,37.0959],[69.2591,37.0985],[69.2611,37.1028],[69.2759,37.1056],[69.2929,37.1159],[69.3154,37.1175],[69.3259,37.1214],[69.3333,37.1363],[69.3517,37.1172],[69.3555,37.1086],[69.3561,37.0996],[69.3533,37.0929],[69.3198,37.0555],[69.3108,37.0391],[69.3152,37.0283],[69.3304,37.0079],[69.3302,37.0018],[69.3248,36.9959],[69.3218,36.989],[69.3217,36.9771],[69.3331,36.9579],[69.335,36.9313],[69.3219,36.8972],[69.2995,36.8543],[69.2958,36.8411]]]]}},{"type":"Feature","properties":{"district_id":"af-kunduz-hazratiimam","name":"HazratiImam","country":"AFG","province":"Kunduz"},"geometry":{"type":"MultiPolygon","coordinates":[[[[69.2158,37.1276],[69.2147,37.1202],[69.2066,37.109],[69.1975,37.1001],[69.1917,37.0965],[69.1718,37.0897],[69.1641,37.0887],[69.1452,37.0903],[69.1204,37.0983],[69.0948,37.1106],[69.0842,37.1128],[69.0768,37.1125],[69.068,37.1101],[69.0534,37.1031],[69.0349,37.0907],[69.0168,37.0885],[69.0037,37.0826],[69.0001,37.0773],[68.9973,37.0662],[68.9922,37.0562],[68.9859,37.0492],[68.9775,37.0435],[68.9694,37.0295],[68.9691,37.0218],[68.9726,37.0101],[68.9847,36.9304],[68.9711,36.9236],[68.9562,36.9202],[68.926,36.9093],[68.9109,36.9082],[68.8476,36.8895],[68.8369,36.8887],[68.8267,36.8859],[68.8004,36.8835],[68.7245,36.8826],[68.6861,36.8766],[68.6851,36.8934],[68.6878,36.9407],[68.6865,36.9526],[68.6762,36.9655],[68.6698,36.9859],[68.6598,36.9907],[68.6401,36.9882],[68.635,36.989],[68.6297,37.002],[68.6281,37.0258],[68.6099,37.0337],[68.606,37.0401],[68.6044,37.0565],[68.599,37.0716],[68.6002,37.1068],[68.6034,37.1266],[68.6001,37.1421],[68.5983,37.1678],[68.5933,37.1928],[68.6129,37.1962],[68.6271,37.2051],[68.6427,37.2075],[68.648,37.2125],[68.6512,37.2181],[68.6536,37.2309],[68.6512,37.2403],[68.658,37.2477],[68.6632,37.2474],[68.6763,37.2373],[68.6817,37.2384],[68.6858,37.2428],[68.6841,37.2499],[68.6758,37.2612],[68.6732,37.2686],[68.675,37.2742],[68.6798,37.2779],[68.6868,37.279],[68.7223,37.269],[68.7361,37.2683],[68.7545,37.2802],[68.7795,37.288],[68.7884,37.286],[68.7933,37.2787],[68.7989,37.2547],[68.806,37.2469],[68.8155,37.2431],[68.827,37.2454],[68.8338,37.2522],[68.8352,37.2573],[68.8333,37.2623],[68.83,37.2664],[68.819,37.2706],[68.814,37.2756],[68.8082,37.2905],[68.8099,37.2983],[68.8139,37.3061],[68.8225,37.3133],[68.8344,37.3183],[68.8425,37.3172],[68.8701,37.3031],[68.887,37.2827],[68.8923,37.273],[68.8967,37.2699],[68.9049,37.2673],[68.9123,37.2689],[68.927,37.2793],[68.9268,37.2847],[68.9213,37.2904],[68.9122,37.2929],[68.9061,37.2968],[68.901,37.3044],[68.895,37.3251],[68.8967,37.3307],[68.9022,37.3343],[68.9079,37.3352],[68.9248,37.3234],[68.9302,37.3215],[68.9376,37.3228],[68.9419,37.3272],[68.944,37.3275],[68.9682,37.3204],[68.9729,37.3165],[68.9753,37.3109],[68.9796,37.3072],[68.9937,37.2997],[69.0337,37.2565],[69.0451,37.249],[69.0763,37.2344],[69.0876,37.2264],[69.1032,37.1962],[69.119,37.1763],[69.1249,37.1744],[69.1725,37.1476],[69.1833,37.1445],[69.2092,37.1324],[69.2158,37.1276]]]]}},{"type":"Feature","properties":{"district_id":"af-kunduz-khanabad","name":"KhanAbad","country":"AFG","province":"Kunduz"},"geometry":{"type":"MultiPolygon","coordinates":[[[[69.1783,36.472],[69.1702,36.4736],[69.1503,36.4907],[69.1283,36.5028],[69.0952,36.536],[69.0663,36.5483],[69.0366,36.5655],[69.0107,36.5753],[68.9821,36.5783],[68.936,36.5915],[68.9387,36.6023],[68.9465,36.6144],[68.9537,36.6309],[68.9663,36.6865],[68.9769,36.7455],[68.9827,36.8029],[68.9883,36.8209],[68.9969,36.8329],[69.0068,36.8429],[69.0375,36.8879],[69.0521,36.8746],[69.0666,36.854],[69.104,36.8215],[69.1105,36.8134],[69.1137,36.8059],[69.1203,36.7994],[69.1396,36.7894],[69.1556,36.7843],[69.1778,36.7739],[69.1793,36.7635],[69.1876,36.757],[69.2031,36.7393],[69.2073,36.7299],[69.21,36.7126],[69.2136,36.7062],[69.2231,36.693],[69.2364,36.682],[69.2466,36.6685],[69.2533,36.653],[69.2546,36.6387],[69.2409,36.6052],[69.2275,36.578],[69.2235,36.5602],[69.2265,36.5388],[69.2473,36.4829],[69.2486,36.4773],[69.2471,36.4715],[69.244,36.4675],[69.2345,36.4666],[69.1783,36.472]]]]}},{"type":"Feature","properties":{"district_id":"af-kunduz-kunduz","name":"Kunduz","country":"AFG","province":"Kunduz"},"geometry":{"type":"MultiPolygon","coordinates":[[[[68.936,36.5915],[68.9066,36.5933],[68.8875,36.5919],[68.88,36.5992],[68.8788,36.6041],[68.8756,36.6077],[68.8824,36.6101],[68.8802,36.6141],[68.8731,36.6124],[68.8773,36.6303],[68.8411,36.6649],[68.8346,36.6932],[68.8322,36.7206],[68.8064,36.7424],[68.7539,36.7674],[68.7022,36.7981],[68.6102,36.8312],[68.5879,36.8407],[68.6152,36.8621],[68.6378,36.8689],[68.6601,36.8714],[68.7245,36.8826],[68.8004,36.8835],[68.8267,36.8859],[68.8369,36.8887],[68.8476,36.8895],[68.9109,36.9082],[68.926,36.9093],[68.9562,36.9202],[68.9711,36.9236],[68.9847,36.9304],[68.994,36.9232],[69.0072,36.9182],[69.0187,36.9087],[69.0375,36.8879],[69.0068,36.8429],[68.9969,36.8329],[68.9883,36.8209],[68.9827,36.8029],[68.9769,36.7455],[68.9663,36.6865],[68.9537,36.6309],[68.9465,36.6144],[68.9387,36.6023],[68.936,36.5915]]]]}},{"type":"Feature","properties":{"district_id":"af-kunduz-qala-i-zal","name":"Qala-I-Zal","country":"AFG","province":"Kunduz"},"geometry":{"type":"MultiPolygon","coordinates":[[[[68.2014,36.5995],[68.1679,36.6375],[68.1599,36.6436],[68.1415,36.663],[68.1257,36.673],[68.1214,36.6871],[68.1128,36.6948],[68.1089,36.7073],[68.0958,36.7231],[68.09,36.7337],[68.0891,36.7605],[68.0855,36.7718],[68.074,36.7873],[68.0684,36.7986],[68.0579,36.8093],[68.0466,36.8259],[68.0414,36.8458],[68.0401,36.8802],[68.0435,36.8995],[68.0425,36.9066],[68.0354,36.9146],[68.0337,36.9196],[68.0397,36.9331],[68.0481,36.9372],[68.0674,36.9406],[68.0941,36.9521],[68.1056,36.9667],[68.1167,36.9757],[68.1311,36.9831],[68.1424,36.9853],[68.1483,36.9921],[68.1661,37.0042],[68.2048,37.0242],[68.2101,37.0248],[68.2174,37.0223],[68.2392,37.0116],[68.2512,37.0074],[68.2557,37.0065],[68.2701,37.0097],[68.278,37.0155],[68.2814,37.0206],[68.287,37.0396],[68.2868,37.065],[68.2883,37.0735],[68.2958,37.0924],[68.3053,37.1031],[68.3247,37.1083],[68.3449,37.1083],[68.3554,37.1058],[68.3695,37.0997],[68.3908,37.0978],[68.3997,37.1033],[68.4085,37.1169],[68.4213,37.1236],[68.4251,37.1288],[68.426,37.1354],[68.4387,37.1528],[68.447,37.1553],[68.4698,37.1459],[68.4762,37.1475],[68.4956,37.1656],[68.5092,37.1664],[68.5224,37.1624],[68.5383,37.164],[68.5526,37.1738],[68.5647,37.1875],[68.5933,37.1928],[68.5983,37.1678],[68.6001,37.1421],[68.6034,37.1266],[68.6002,37.1068],[68.599,37.0716],[68.6044,37.0565],[68.606,37.0401],[68.6099,37.0337],[68.6281,37.0258],[68.6297,37.002],[68.635,36.989],[68.6401,36.9882],[68.6598,36.9907],[68.6698,36.9859],[68.6762,36.9655],[68.6865,36.9526],[68.6878,36.9407],[68.6851,36.8934],[68.6861,36.8766],[68.6601,36.8714],[68.6378,36.8689],[68.6152,36.8621],[68.596,36.848],[68.5734,36.8276],[68.5552,36.8056],[68.5272,36.7795],[68.4923,36.7545],[68.4498,36.7348],[68.4072,36.7204],[68.3594,36.7021],[68.3456,36.695],[68.3268,36.6819],[68.2634,36.6506],[68.2197,36.6143],[68.2104,36.6089],[68.2014,36.5995]]]]}},{"type":"Feature","properties":{"district_id":"af-laghman-alingar","name":"Alingar","country":"AFG","province":"Laghman"},"geometry":{"type":"MultiPolygon","coordinates":[[[[70.5966,34.9562],[70.5977,34.9397],[70.6019,34.9288],[70.6089,34.9151],[70.6174,34.9056],[70.6272,34.888],[70.6297,34.866],[70.6287,34.8457],[70.621,34.8204],[70.6249,34.8086],[70.6279,34.8041],[70.5959,34.794],[70.5628,34.7896],[70.5528,34.7851],[70.5298,34.7631],[70.505,34.7451],[70.5018,34.7394],[70.4943,34.7125],[70.4821,34.6934],[70.4697,34.6829],[70.4479,34.6798],[70.4377,34.6748],[70.4269,34.6655],[70.3674,34.697],[70.3341,34.692],[70.3111,34.6919],[70.2597,34.7035],[70.2451,34.7101],[70.2245,34.7223],[70.2092,34.7359],[70.2201,34.7804],[70.231,34.7993],[70.2307,34.8079],[70.2233,34.82],[70.2241,34.8316],[70.2315,34.847],[70.2248,34.8571],[70.2227,34.8666],[70.2413,34.8805],[70.2484,34.9089],[70.2572,34.9201],[70.255,34.9288],[70.2557,34.9372],[70.2592,34.9484],[70.2637,34.9513],[70.2825,34.9397],[70.3151,34.9251],[70.3807,34.9026],[70.4212,34.894],[70.4502,34.8922],[70.5133,34.9019],[70.533,34.9093],[70.5509,34.9197],[70.573,34.9388],[70.5855,34.9459],[70.5966,34.9562]]]]}},{"type":"Feature","properties":{"district_id":"af-laghman-alishing","name":"Alishing","country":"AFG","province":"Laghman"},"geometry":{"type":"MultiPolygon","coordinates":[[[[69.9201,34.7315],[69.9321,34.7419],[69.9376,34.7535],[69.9417,34.7757],[69.9408,34.7892],[69.932,34.7964],[69.9182,34.8133],[69.9132,34.8308],[69.9138,34.8679],[69.9124,34.8766],[69.9261,34.8798],[69.9357,34.8847],[69.9506,34.888],[69.9736,34.9012],[69.9962,34.9071],[70.0052,34.9144],[70.0177,34.9205],[70.0305,34.9214],[70.0581,34.9159],[70.0825,34.9036],[70.0922,34.901],[70.1293,34.9054],[70.1399,34.9053],[70.1618,34.8977],[70.1774,34.887],[70.1854,34.877],[70.2061,34.8648],[70.2132,34.8634],[70.2227,34.8666],[70.2248,34.8571],[70.2315,34.847],[70.2241,34.8316],[70.2233,34.82],[70.2307,34.8079],[70.231,34.7993],[70.2201,34.7804],[70.2092,34.7359],[70.203,34.7239],[70.1977,34.7197],[70.1805,34.7143],[70.1577,34.712],[70.1403,34.7124],[70.1198,34.7154],[70.1033,34.7199],[70.0888,34.7205],[70.071,34.7155],[70.0492,34.7059],[70.024,34.6991],[70.0012,34.6982],[69.988,34.702],[69.9635,34.7143],[69.9378,34.7201],[69.9239,34.7274],[69.9201,34.7315]]]]}},{"type":"Feature","properties":{"district_id":"af-laghman-dawlatshah","name":"DawlatShah","country":"AFG","province":"Laghman"},"geometry":{"type":"MultiPolygon","coordinates":[[[[69.9124,34.8766],[69.9098,34.9143],[69.9045,34.9274],[69.8932,34.9394],[69.8694,34.9507],[69.8618,34.9599],[69.8609,34.9711],[69.8652,34.9895],[69.8648,35.0034],[69.8622,35.0122],[69.847,35.0286],[69.8212,35.0403],[69.8152,35.0486],[69.8106,35.0694],[69.8048,35.0767],[69.7883,35.0904],[69.7873,35.098],[69.7957,35.0936],[69.8131,35.0893],[69.8228,35.0929],[69.8275,35.0989],[69.8377,35.1195],[69.848,35.1313],[69.8664,35.1433],[69.9347,35.1678],[69.9393,35.1747],[69.9446,35.2015],[69.9496,35.2109],[69.9566,35.2173],[69.9668,35.2203],[69.976,35.2184],[69.9902,35.2039],[70.0011,35.1832],[70.0147,35.1657],[70.0185,35.153],[70.0177,35.1055],[70.0262,35.0945],[70.0286,35.0835],[70.0317,35.08],[70.0382,35.082],[70.053,35.0919],[70.0689,35.0937],[70.093,35.09],[70.1173,35.0947],[70.1225,35.0942],[70.1369,35.0858],[70.1525,35.0894],[70.1612,35.0895],[70.1921,35.0702],[70.1967,35.0634],[70.2008,35.0286],[70.2084,35.0107],[70.221,34.9952],[70.2357,34.9909],[70.2424,34.9868],[70.251,34.9628],[70.2637,34.9513],[70.2592,34.9484],[70.2557,34.9372],[70.255,34.9288],[70.2572,34.9201],[70.2484,34.9089],[70.2413,34.8805],[70.2227,34.8666],[70.2132,34.8634],[70.2061,34.8648],[70.1854,34.877],[70.1774,34.887],[70.1618,34.8977],[70.1399,34.9053],[70.1293,34.9054],[70.0922,34.901],[70.0825,34.9036],[70.0581,34.9159],[70.0305,34.9214],[70.0177,34.9205],[70.0052,34.9144],[69.9962,34.9071],[69.9736,34.9012],[69.9506,34.888],[69.9357,34.8847],[69.9261,34.8798],[69.9124,34.8766]]]]}},{"type":"Feature","properties":{"district_id":"af-laghman-mihtarlam","name":"Mihtarlam","country":"AFG","province":"Laghman"},"geometry":{"type":"MultiPolygon","coordinates":[[[[69.833,34.5947],[69.8436,34.6058],[69.8482,34.6129],[69.8507,34.6209],[69.8514,34.637],[69.849,34.6428],[69.8472,34.655],[69.8487,34.6682],[69.8567,34.6916],[69.8693,34.7101],[69.8776,34.7171],[69.8955,34.7258],[69.9201,34.7315],[69.9239,34.7274],[69.9378,34.7201],[69.9635,34.7143],[69.988,34.702],[70.0012,34.6982],[70.024,34.6991],[70.0492,34.7059],[70.071,34.7155],[70.0888,34.7205],[70.1033,34.7199],[70.1198,34.7154],[70.1403,34.7124],[70.1577,34.712],[70.1805,34.7143],[70.1977,34.7197],[70.203,34.7239],[70.2092,34.7359],[70.2245,34.7223],[70.2451,34.7101],[70.2597,34.7035],[70.3111,34.6919],[70.3341,34.692],[70.3674,34.697],[70.3873,34.6868],[70.375,34.674],[70.3535,34.6573],[70.3295,34.6322],[70.3165,34.6225],[70.2863,34.6048],[70.2683,34.5962],[70.2201,34.5845],[70.2055,34.5839],[70.1719,34.589],[70.1335,34.5897],[70.0952,34.5979],[70.0462,34.6016],[70.0131,34.5951],[69.9958,34.5879],[69.9176,34.5784],[69.8988,34.5714],[69.8869,34.5711],[69.861,34.5782],[69.833,34.5947]]]]}},{"type":"Feature","properties":{"district_id":"af-laghman-qarghayi","name":"Qarghayi","country":"AFG","province":"Laghman"},"geometry":{"type":"MultiPolygon","coordinates":[[[[69.806,34.4215],[69.8008,34.4398],[69.8012,34.4511],[69.8039,34.4588],[69.836,34.4978],[69.8485,34.5104],[69.8512,34.5189],[69.8505,34.5245],[69.8452,34.5343],[69.8343,34.5462],[69.8208,34.5571],[69.8142,34.5695],[69.8148,34.5782],[69.821,34.5881],[69.833,34.5947],[69.861,34.5782],[69.8869,34.5711],[69.8988,34.5714],[69.9176,34.5784],[69.9958,34.5879],[70.0131,34.5951],[70.0462,34.6016],[70.0952,34.5979],[70.1335,34.5897],[70.1719,34.589],[70.2055,34.5839],[70.2201,34.5845],[70.2683,34.5962],[70.2863,34.6048],[70.3165,34.6225],[70.3295,34.6322],[70.3535,34.6573],[70.375,34.674],[70.3873,34.6868],[70.4269,34.6655],[70.422,34.6562],[70.4207,34.6431],[70.4173,34.639],[70.4041,34.6304],[70.4047,34.6256],[70.4191,34.6221],[70.4243,34.6185],[70.4279,34.6109],[70.4359,34.567],[70.4351,34.5561],[70.4286,34.539],[70.421,34.5284],[70.3973,34.5037],[70.3696,34.4867],[70.3253,34.4705],[70.2809,34.4668],[70.2399,34.4525],[70.1975,34.4482],[70.1833,34.4453],[70.0994,34.4213],[70.0776,34.4141],[70.0409,34.3984],[70.0207,34.398],[70.007,34.4007],[69.9912,34.4012],[69.9673,34.396],[69.9622,34.4028],[69.9624,34.4191],[69.9592,34.4235],[69.9509,34.4278],[69.9451,34.4278],[69.9349,34.4245],[69.9252,34.419],[69.893,34.4143],[69.8562,34.4059],[69.8445,34.4055],[69.8241,34.4086],[69.806,34.4215]]]]}},{"type":"Feature","properties":{"district_id":"af-logar-barakibarak","name":"BarakiBarak","country":"AFG","province":"Logar"},"geometry":{"type":"MultiPolygon","coordinates":[[[[69.0238,33.8938],[69.0054,33.8841],[68.9193,33.8526],[68.8733,33.8453],[68.82,33.8318],[68.775,33.8269],[68.7802,33.8335],[68.7806,33.8377],[68.7801,33.8437],[68.7728,33.861],[68.7658,33.8988],[68.7658,33.9258],[68.7709,33.9378],[68.776,33.9433],[68.7946,33.9525],[68.805,33.9615],[68.8314,33.9739],[68.8401,33.9757],[68.8521,33.9759],[68.8666,33.9803],[68.8743,33.9865],[68.8796,33.9987],[68.9094,33.9983],[68.9472,34.0032],[68.9686,33.9984],[68.9792,33.9929],[68.9916,33.9798],[68.9999,33.9748],[69.038,33.9693],[69.0453,33.9648],[69.0519,33.9524],[69.0518,33.9418],[69.0396,33.9142],[69.0307,33.9003],[69.0238,33.8938]]]]}},{"type":"Feature","properties":{"district_id":"af-logar-charkh","name":"Charkh","country":"AFG","province":"Logar"},"geometry":{"type":"MultiPolygon","coordinates":[[[[68.7597,33.6051],[68.7681,33.6298],[68.7696,33.6433],[68.7689,33.6539],[68.7661,33.6624],[68.7568,33.6777],[68.7455,33.6897],[68.7265,33.7057],[68.6813,33.7515],[68.6975,33.759],[68.7114,33.7713],[68.7388,33.8081],[68.7654,33.8241],[68.775,33.8269],[68.82,33.8318],[68.8733,33.8453],[68.9193,33.8526],[69.0054,33.8841],[69.0238,33.8938],[69.03,33.8857],[69.04,33.8772],[69.0434,33.8703],[69.0457,33.8504],[69.0517,33.8389],[69.0547,33.8278],[69.055,33.817],[69.0491,33.7943],[69.0497,33.7838],[69.0403,33.7634],[69.0404,33.7568],[69.0428,33.7517],[69.0562,33.7456],[69.0867,33.7446],[69.1069,33.7363],[69.1137,33.7352],[69.0864,33.7163],[69.0783,33.7059],[69.0779,33.6987],[69.0849,33.6908],[69.0879,33.683],[69.0851,33.6736],[69.0751,33.6576],[69.0663,33.6516],[69.049,33.6525],[69.0392,33.6504],[69.0348,33.647],[69.0315,33.6377],[69.0326,33.6164],[69.0229,33.6078],[69.0069,33.6016],[68.9797,33.5996],[68.9376,33.6005],[68.9046,33.6035],[68.8629,33.6146],[68.8309,33.6146],[68.8011,33.6197],[68.7817,33.6193],[68.7597,33.6051]]]]}},{"type":"Feature","properties":{"district_id":"af-logar-khushi","name":"Khushi","country":"AFG","province":"Logar"},"geometry":{"type":"MultiPolygon","coordinates":[[[[69.3892,34.0601],[69.397,34.0521],[69.4383,34.0251],[69.444,34.0189],[69.4495,34.0076],[69.4605,33.995],[69.476,33.9694],[69.4652,33.9588],[69.4368,33.9476],[69.4295,33.9426],[69.4135,33.9205],[69.3845,33.8988],[69.3741,33.8829],[69.3559,33.8674],[69.3493,33.8751],[69.3221,33.8961],[69.316,33.907],[69.3089,33.9132],[69.3012,33.916],[69.2873,33.914],[69.2606,33.9172],[69.2486,33.9237],[69.2347,33.9389],[69.2156,33.965],[69.1987,33.978],[69.1604,34.0018],[69.1444,34.0197],[69.1396,34.0309],[69.1401,34.0396],[69.145,34.0487],[69.1545,34.0573],[69.1567,34.0617],[69.1573,34.0757],[69.1526,34.1041],[69.1827,34.1026],[69.1956,34.099],[69.2222,34.0955],[69.2385,34.089],[69.2513,34.0877],[69.263,34.0917],[69.2767,34.093],[69.2836,34.0919],[69.2941,34.0873],[69.3053,34.0863],[69.3454,34.0928],[69.3533,34.0919],[69.3606,34.0898],[69.3684,34.0843],[69.3892,34.0601]]]]}},{"type":"Feature","properties":{"district_id":"af-logar-muhammadagha","name":"MuhammadAgha","country":"AFG","province":"Logar"},"geometry":{"type":"MultiPolygon","coordinates":[[[[68.9536,34.3347],[68.9658,34.3343],[68.9977,34.3424],[69.0206,34.3436],[69.036,34.3413],[69.0497,34.3353],[69.0677,34.3201],[69.0893,34.3151],[69.1151,34.2967],[69.1353,34.2941],[69.1584,34.2988],[69.1822,34.3098],[69.2006,34.326],[69.2273,34.3403],[69.2531,34.3452],[69.288,34.3664],[69.2972,34.3597],[69.3049,34.3491],[69.3093,34.3211],[69.3141,34.312],[69.3353,34.2973],[69.3502,34.297],[69.3563,34.2955],[69.3596,34.2926],[69.3575,34.2657],[69.3585,34.2573],[69.3567,34.247],[69.3632,34.2398],[69.3871,34.2301],[69.4264,34.2047],[69.434,34.2032],[69.4435,34.2043],[69.4512,34.2086],[69.4626,34.2117],[69.4818,34.2102],[69.4799,34.2038],[69.4822,34.1924],[69.4987,34.1734],[69.5007,34.1615],[69.4674,34.1388],[69.4219,34.112],[69.4121,34.0979],[69.4079,34.0744],[69.4047,34.0696],[69.3892,34.0601],[69.3684,34.0843],[69.3606,34.0898],[69.3533,34.0919],[69.3454,34.0928],[69.3053,34.0863],[69.2941,34.0873],[69.2836,34.0919],[69.2767,34.093],[69.263,34.0917],[69.2513,34.0877],[69.2385,34.089],[69.2222,34.0955],[69.1956,34.099],[69.1827,34.1026],[69.1451,34.1047],[69.1065,34.1162],[69.0792,34.1221],[69.0645,34.1288],[69.05,34.133],[69.0301,34.1325],[69.0169,34.1374],[69.0055,34.1458],[68.9841,34.1772],[68.9703,34.1821],[68.9452,34.1975],[68.9284,34.2127],[68.9177,34.2256],[68.908,34.2333],[68.8715,34.2512],[68.9317,34.3148],[68.9388,34.319],[68.9447,34.3273],[68.9506,34.3307],[68.9536,34.3347]]]]}},{"type":"Feature","properties":{"district_id":"af-logar-pulialam","name":"PuliAlam","country":"AFG","province":"Logar"},"geometry":{"type":"MultiPolygon","coordinates":[[[[69.0238,33.8938],[69.0307,33.9003],[69.0396,33.9142],[69.0518,33.9418],[69.0519,33.9524],[69.0453,33.9648],[69.038,33.9693],[68.9999,33.9748],[68.9916,33.9798],[68.9792,33.9929],[68.9686,33.9984],[68.9472,34.0032],[68.9094,33.9983],[68.8796,33.9987],[68.8786,34.0166],[68.8691,34.025],[68.8585,34.0316],[68.8478,34.0436],[68.8157,34.0608],[68.7995,34.0795],[68.7946,34.0935],[68.7934,34.1032],[68.7955,34.1286],[68.7993,34.1451],[68.8115,34.172],[68.8179,34.1984],[68.823,34.2116],[68.8296,34.2221],[68.8715,34.2512],[68.908,34.2333],[68.9177,34.2256],[68.9284,34.2127],[68.9452,34.1975],[68.9703,34.1821],[68.9841,34.1772],[69.0055,34.1458],[69.0169,34.1374],[69.0301,34.1325],[69.05,34.133],[69.0645,34.1288],[69.0792,34.1221],[69.1065,34.1162],[69.1451,34.1047],[69.1526,34.1041],[69.1573,34.0757],[69.1567,34.0617],[69.1545,34.0573],[69.145,34.0487],[69.1401,34.0396],[69.1396,34.0309],[69.1444,34.0197],[69.1604,34.0018],[69.1987,33.978],[69.2156,33.965],[69.2347,33.9389],[69.2486,33.9237],[69.2606,33.9172],[69.2873,33.914],[69.3012,33.916],[69.3089,33.9132],[69.316,33.907],[69.3221,33.8961],[69.3493,33.8751],[69.3559,33.8674],[69.3425,33.8576],[69.3227,33.8393],[69.314,33.8282],[69.3034,33.8187],[69.2919,33.814],[69.2684,33.8126],[69.2609,33.8106],[69.2307,33.7942],[69.2127,33.7864],[69.1898,33.781],[69.1739,33.7737],[69.1541,33.761],[69.1315,33.7435],[69.1189,33.7363],[69.1137,33.7352],[69.1069,33.7363],[69.0867,33.7446],[69.0562,33.7456],[69.0428,33.7517],[69.0404,33.7568],[69.0403,33.7634],[69.0497,33.7838],[69.0491,33.7943],[69.055,33.817],[69.0547,33.8278],[69.0517,33.8389],[69.0457,33.8504],[69.0434,33.8703],[69.04,33.8772],[69.03,33.8857],[69.0238,33.8938]]]]}},{"type":"Feature","properties":{"district_id":"af-nangarhar-achin","name":"Achin","country":"AFG","province":"Nangarhar"},"geometry":{"type":"MultiPolygon","coordinates":[[[[70.752,34.2268],[70.7548,34.2147],[70.7541,34.2085],[70.7514,34.2029],[70.7385,34.1874],[70.7332,34.1688],[70.7355,34.1591],[70.7628,34.1315],[70.775,34.1233],[70.7788,34.1161],[70.78,34.0841],[70.7864,34.0642],[70.7897,34.0302],[70.7827,34.0161],[70.7797,34.0026],[70.7802,33.9587],[70.7679,33.9549],[70.7507,33.9607],[70.6763,33.9602],[70.6512,33.9543],[70.6307,33.9569],[70.5939,33.9643],[70.5605,33.9579],[70.5391,33.9458],[70.525,33.9523],[70.5202,33.951],[70.5324,34.0306],[70.5422,34.052],[70.5444,34.0772],[70.5918,34.1164],[70.6008,34.1189],[70.621,34.1191],[70.641,34.1246],[70.6536,34.133],[70.6584,34.14],[70.6624,34.1524],[70.674,34.1728],[70.6812,34.1972],[70.6938,34.2111],[70.7061,34.2185],[70.7179,34.2287],[70.7324,34.2224],[70.7469,34.224],[70.752,34.2268]]]]}},{"type":"Feature","properties":{"district_id":"af-nangarhar-batikot","name":"BatiKot","country":"AFG","province":"Nangarhar"},"geometry":{"type":"MultiPolygon","coordinates":[[[[70.752,34.2268],[70.7469,34.224],[70.7324,34.2224],[70.7106,34.233],[70.7046,34.2382],[70.6978,34.2508],[70.6872,34.2617],[70.6853,34.2696],[70.6865,34.2765],[70.6932,34.2905],[70.6977,34.317],[70.7166,34.3452],[70.728,34.3793],[70.7405,34.3702],[70.755,34.3644],[70.7621,34.355],[70.7658,34.353],[70.7881,34.3509],[70.7961,34.3458],[70.8001,34.3409],[70.8068,34.3374],[70.8167,34.3364],[70.8244,34.3388],[70.8293,34.3364],[70.835,34.3296],[70.8397,34.319],[70.8397,34.2929],[70.829,34.2791],[70.823,34.2631],[70.8097,34.2598],[70.7885,34.2513],[70.76,34.2367],[70.7534,34.2312],[70.752,34.2268]]]]}},{"type":"Feature","properties":{"district_id":"af-nangarhar-chaparhar","name":"Chaparhar","country":"AFG","province":"Nangarhar"},"geometry":{"type":"MultiPolygon","coordinates":[[[[70.4622,34.3646],[70.4793,34.348],[70.4837,34.3403],[70.4825,34.3283],[70.474,34.3162],[70.4369,34.2898],[70.41,34.2615],[70.3764,34.23],[70.3745,34.2357],[70.3683,34.2424],[70.3571,34.2465],[70.3484,34.2465],[70.3173,34.2383],[70.3011,34.2401],[70.2821,34.2456],[70.2877,34.2529],[70.2866,34.2577],[70.2836,34.2611],[70.2745,34.2617],[70.2691,34.2645],[70.2667,34.2724],[70.2676,34.2802],[70.2791,34.3032],[70.2952,34.3219],[70.3088,34.3428],[70.3217,34.3555],[70.3702,34.3541],[70.4374,34.3642],[70.4622,34.3646]]]]}},{"type":"Feature","properties":{"district_id":"af-nangarhar-dara-i-nur","name":"Dara-I-Nur","country":"AFG","province":"Nangarhar"},"geometry":{"type":"MultiPolygon","coordinates":[[[[70.6279,34.8041],[70.6418,34.7913],[70.655,34.7754],[70.6599,34.7485],[70.6689,34.7252],[70.6703,34.7104],[70.6685,34.7041],[70.6625,34.6949],[70.6589,34.6831],[70.659,34.6519],[70.6539,34.6332],[70.6536,34.6209],[70.656,34.6148],[70.6617,34.6084],[70.6806,34.594],[70.6863,34.5914],[70.6574,34.5877],[70.638,34.587],[70.6221,34.5897],[70.6063,34.5991],[70.5936,34.6127],[70.5871,34.6173],[70.5326,34.6399],[70.5184,34.6508],[70.5108,34.6617],[70.5045,34.6754],[70.4821,34.6934],[70.4943,34.7125],[70.5018,34.7394],[70.505,34.7451],[70.5298,34.7631],[70.5528,34.7851],[70.5628,34.7896],[70.5959,34.794],[70.6279,34.8041]]]]}},{"type":"Feature","properties":{"district_id":"af-nangarhar-dihbala","name":"DihBala","country":"AFG","province":"Nangarhar"},"geometry":{"type":"MultiPolygon","coordinates":[[[[70.5444,34.0772],[70.5422,34.052],[70.5324,34.0306],[70.5176,33.9342],[70.513,33.931],[70.5055,33.9289],[70.4904,33.9278],[70.4566,33.9296],[70.4357,33.937],[70.4303,33.9584],[70.4263,33.9604],[70.4037,33.9629],[70.3263,33.9632],[70.2979,33.9746],[70.2907,33.9757],[70.2997,34.0244],[70.3036,34.066],[70.3116,34.1082],[70.3136,34.1342],[70.3181,34.1499],[70.3311,34.1728],[70.3487,34.1735],[70.3675,34.1777],[70.3926,34.1868],[70.4037,34.1927],[70.4462,34.2057],[70.4712,34.2079],[70.4869,34.2059],[70.4974,34.2001],[70.5072,34.1873],[70.5094,34.1736],[70.5092,34.1503],[70.519,34.1223],[70.5188,34.1106],[70.523,34.1003],[70.5402,34.0802],[70.5444,34.0772]]]]}},{"type":"Feature","properties":{"district_id":"af-nangarhar-durbaba","name":"DurBaba","country":"AFG","province":"Nangarhar"},"geometry":{"type":"MultiPolygon","coordinates":[[[[70.7802,33.9587],[70.7797,34.0026],[70.7827,34.0161],[70.7897,34.0302],[70.8056,34.0411],[70.8221,34.0472],[70.8389,34.0558],[70.8522,34.0654],[70.8658,34.0791],[70.8715,34.0904],[70.8745,34.1199],[70.8764,34.126],[70.8809,34.1324],[70.8936,34.1443],[70.9135,34.1553],[70.9341,34.1642],[70.9586,34.1939],[70.9786,34.1876],[71.0208,34.1818],[71.0296,34.1789],[71.0422,34.1689],[71.0452,34.1573],[71.0456,34.1414],[71.0484,34.1334],[71.0548,34.1262],[71.0648,34.1195],[71.0792,34.1142],[71.0728,34.1057],[71.0773,34.0797],[71.0763,34.0625],[71.0653,34.0518],[71.0424,34.0493],[71.0342,34.0505],[71.0178,34.0366],[70.9987,34.0288],[70.9832,34.0286],[70.9356,34.0117],[70.9253,34.0121],[70.9179,34.0098],[70.9157,34.0005],[70.8987,33.9822],[70.8849,33.9768],[70.8511,33.9807],[70.8243,33.9818],[70.8094,33.9747],[70.7883,33.9678],[70.7802,33.9587]]]]}},{"type":"Feature","properties":{"district_id":"af-nangarhar-goshta","name":"Goshta","country":"AFG","province":"Nangarhar"},"geometry":{"type":"MultiPolygon","coordinates":[[[[70.8275,34.5529],[70.8588,34.5523],[70.8678,34.5536],[70.8916,34.5683],[70.9142,34.5692],[70.9902,34.56],[70.9965,34.5561],[70.9928,34.5276],[70.9949,34.4915],[71.0068,34.4611],[71.0162,34.4536],[70.9736,34.4359],[70.9258,34.4117],[70.8901,34.3885],[70.8697,34.3708],[70.8518,34.36],[70.8244,34.3388],[70.8167,34.3364],[70.8068,34.3374],[70.8001,34.3409],[70.7961,34.3458],[70.7881,34.3509],[70.7658,34.353],[70.7621,34.355],[70.755,34.3644],[70.7349,34.3736],[70.728,34.3793],[70.7269,34.3842],[70.7392,34.3985],[70.7631,34.4208],[70.7657,34.4306],[70.7636,34.4423],[70.7674,34.451],[70.7808,34.4614],[70.7852,34.4692],[70.7865,34.4771],[70.7842,34.496],[70.7814,34.5028],[70.7692,34.5135],[70.7466,34.5231],[70.7392,34.5303],[70.7547,34.5472],[70.7961,34.5452],[70.8275,34.5529]]]]}},{"type":"Feature","properties":{"district_id":"af-nangarhar-hisarak","name":"Hisarak","country":"AFG","province":"Nangarhar"},"geometry":{"type":"MultiPolygon","coordinates":[[[[69.4818,34.2102],[69.5254,34.2482],[69.5533,34.2675],[69.5734,34.2754],[69.5941,34.2888],[69.6162,34.3136],[69.6431,34.339],[69.6666,34.3544],[69.6706,34.3629],[69.6698,34.369],[69.664,34.3785],[69.669,34.4065],[69.6766,34.4141],[69.6845,34.4166],[69.6905,34.4156],[69.6978,34.4113],[69.7076,34.4015],[69.7244,34.3908],[69.738,34.3893],[69.7497,34.3926],[69.7572,34.3994],[69.7695,34.4067],[69.7935,34.4116],[69.806,34.4215],[69.8241,34.4086],[69.8445,34.4055],[69.8562,34.4059],[69.893,34.4143],[69.9252,34.419],[69.9349,34.4245],[69.9451,34.4278],[69.9509,34.4278],[69.9592,34.4235],[69.9624,34.4191],[69.9622,34.4028],[69.9673,34.396],[69.9646,34.3782],[69.9539,34.3632],[69.9463,34.3572],[69.9363,34.3532],[69.9232,34.3511],[69.9195,34.3391],[69.913,34.3333],[69.9088,34.325],[69.9097,34.313],[69.921,34.2974],[69.9335,34.273],[69.9317,34.2542],[69.9336,34.2401],[69.9197,34.2157],[69.9131,34.1893],[69.9126,34.181],[69.918,34.1501],[69.9175,34.1439],[69.9089,34.1291],[69.8963,34.1204],[69.8919,34.1076],[69.8843,34.0959],[69.8748,34.1054],[69.8656,34.1189],[69.8484,34.1364],[69.841,34.1512],[69.831,34.1828],[69.8137,34.2069],[69.8015,34.2178],[69.7864,34.2283],[69.779,34.242],[69.7716,34.249],[69.7582,34.2538],[69.7382,34.252],[69.6926,34.2391],[69.6688,34.229],[69.6484,34.2169],[69.6326,34.2107],[69.606,34.2083],[69.5904,34.2084],[69.5519,34.2039],[69.5439,34.1983],[69.5336,34.1858],[69.5243,34.1815],[69.5179,34.1764],[69.5102,34.1654],[69.5007,34.1615],[69.4987,34.1734],[69.4822,34.1924],[69.4799,34.2038],[69.4818,34.2102]]]]}},{"type":"Feature","properties":{"district_id":"af-nangarhar-jalalabad","name":"Jalalabad","country":"AFG","province":"Nangarhar"},"geometry":{"type":"MultiPolygon","coordinates":[[[[70.3696,34.4867],[70.3973,34.5037],[70.4113,34.5185],[70.4642,34.5229],[70.478,34.5208],[70.4976,34.5149],[70.5264,34.5166],[70.5531,34.5139],[70.5597,34.5108],[70.5756,34.4989],[70.554,34.4796],[70.5365,34.4607],[70.5336,34.455],[70.5304,34.4314],[70.4983,34.4213],[70.4767,34.4115],[70.4724,34.4075],[70.4684,34.3984],[70.4658,34.3808],[70.4531,34.3872],[70.4382,34.3987],[70.4194,34.4081],[70.406,34.4194],[70.4006,34.4267],[70.3981,34.4345],[70.3986,34.4435],[70.4023,34.4541],[70.4016,34.4635],[70.3951,34.4704],[70.3696,34.4867]]]]}},{"type":"Feature","properties":{"district_id":"af-nangarhar-kama","name":"Kama","country":"AFG","province":"Nangarhar"},"geometry":{"type":"MultiPolygon","coordinates":[[[[70.7392,34.5303],[70.7466,34.5231],[70.7692,34.5135],[70.7814,34.5028],[70.7842,34.496],[70.7865,34.4771],[70.7852,34.4692],[70.7808,34.4614],[70.7674,34.451],[70.7636,34.4423],[70.7657,34.4306],[70.7631,34.4208],[70.7392,34.3985],[70.7269,34.3842],[70.706,34.3921],[70.6776,34.409],[70.6693,34.4108],[70.6581,34.4103],[70.6481,34.407],[70.6036,34.3988],[70.5875,34.3973],[70.5795,34.3987],[70.5407,34.4195],[70.5343,34.4246],[70.5304,34.4314],[70.5336,34.455],[70.5365,34.4607],[70.554,34.4796],[70.5756,34.4989],[70.5959,34.489],[70.6092,34.4876],[70.6199,34.4882],[70.6338,34.4931],[70.6625,34.5111],[70.6809,34.5173],[70.7112,34.5199],[70.7392,34.5303]]]]}},{"type":"Feature","properties":{"district_id":"af-nangarhar-khogyani","name":"Khogyani","country":"AFG","province":"Nangarhar"},"geometry":{"type":"MultiPolygon","coordinates":[[[[70.3217,34.3555],[70.3088,34.3428],[70.2952,34.3219],[70.2791,34.3032],[70.2676,34.2802],[70.2667,34.2724],[70.2691,34.2645],[70.2745,34.2617],[70.2836,34.2611],[70.2866,34.2577],[70.2877,34.2529],[70.2821,34.2456],[70.2642,34.2299],[70.2325,34.195],[70.2193,34.1697],[70.1989,34.1431],[70.1934,34.1186],[70.1876,34.1083],[70.1846,34.0906],[70.1742,34.0761],[70.1749,34.0709],[70.1801,34.0665],[70.1719,34.0401],[70.169,34.0207],[70.1691,33.9841],[70.1351,33.9985],[70.0766,33.9991],[70.0646,34.0042],[70.0476,34.0165],[70.0144,34.0293],[70.005,34.03],[69.9805,34.0264],[69.9856,34.0382],[70.0187,34.0753],[70.0268,34.0899],[70.0445,34.1035],[70.0473,34.1222],[70.0508,34.1309],[70.0495,34.1431],[70.0447,34.1573],[70.0446,34.1637],[70.0478,34.1702],[70.055,34.1774],[70.0744,34.1885],[70.0922,34.2108],[70.105,34.2229],[70.1159,34.2398],[70.1086,34.2539],[70.1059,34.2679],[70.0905,34.288],[70.0858,34.309],[70.1246,34.3246],[70.1463,34.3242],[70.1865,34.3354],[70.2121,34.3483],[70.24,34.359],[70.2551,34.3611],[70.2906,34.3596],[70.3217,34.3555]]]]}},{"type":"Feature","properties":{"district_id":"af-nangarhar-kuzkunar","name":"KuzKunar","country":"AFG","province":"Nangarhar"},"geometry":{"type":"MultiPolygon","coordinates":[[[[70.6863,34.5914],[70.6989,34.5866],[70.7099,34.5767],[70.7203,34.5615],[70.7302,34.5552],[70.7547,34.5472],[70.7392,34.5303],[70.7112,34.5199],[70.6809,34.5173],[70.6625,34.5111],[70.6338,34.4931],[70.6199,34.4882],[70.6092,34.4876],[70.5959,34.489],[70.5756,34.4989],[70.5597,34.5108],[70.5531,34.5139],[70.5422,34.5157],[70.5264,34.5166],[70.4976,34.5149],[70.478,34.5208],[70.4642,34.5229],[70.4113,34.5185],[70.421,34.5284],[70.4286,34.539],[70.4351,34.5561],[70.4359,34.567],[70.4279,34.6109],[70.4243,34.6185],[70.4191,34.6221],[70.4047,34.6256],[70.4041,34.6304],[70.4173,34.639],[70.4207,34.6431],[70.422,34.6562],[70.4269,34.6655],[70.4377,34.6748],[70.4479,34.6798],[70.4697,34.6829],[70.4821,34.6934],[70.5045,34.6754],[70.5108,34.6617],[70.5184,34.6508],[70.5326,34.6399],[70.5871,34.6173],[70.5936,34.6127],[70.6063,34.5991],[70.6221,34.5897],[70.638,34.587],[70.6574,34.5877],[70.6863,34.5914]]]]}},{"type":"Feature","properties":{"district_id":"af-nangarhar-lalpur","name":"LalPur","country":"AFG","province":"Nangarhar"},"geometry":{"type":"MultiPolygon","coordinates":[[[[70.8397,34.2929],[70.8397,34.319],[70.835,34.3296],[70.8293,34.3364],[70.8244,34.3388],[70.8518,34.36],[70.8697,34.3708],[70.8901,34.3885],[70.9258,34.4117],[70.9736,34.4359],[71.0162,34.4536],[71.0536,34.4275],[71.076,34.3958],[71.0873,34.3891],[71.1539,34.3696],[71.1695,34.3636],[71.1713,34.3583],[71.1711,34.3389],[71.1584,34.3228],[71.1567,34.3132],[71.1303,34.2809],[71.1221,34.2672],[71.1213,34.2549],[71.1265,34.2371],[71.1346,34.2263],[71.111,34.225],[71.0831,34.2161],[71.0744,34.2155],[71.0653,34.2193],[71.054,34.2343],[71.0428,34.2397],[71.0136,34.2379],[70.9867,34.2467],[70.9639,34.2519],[70.9179,34.2581],[70.9024,34.2628],[70.8893,34.2707],[70.869,34.2765],[70.8397,34.2929]]]]}},{"type":"Feature","properties":{"district_id":"af-nangarhar-muhmanddara","name":"MuhmandDara","country":"AFG","province":"Nangarhar"},"geometry":{"type":"MultiPolygon","coordinates":[[[[70.823,34.2631],[70.829,34.2791],[70.8397,34.2929],[70.869,34.2765],[70.8893,34.2707],[70.9024,34.2628],[70.9179,34.2581],[70.9639,34.2519],[70.9867,34.2467],[71.0136,34.2379],[71.0428,34.2397],[71.054,34.2343],[71.0653,34.2193],[71.0744,34.2155],[71.0831,34.2161],[71.111,34.225],[71.1476,34.227],[71.1511,34.224],[71.1401,34.2084],[71.1375,34.1985],[71.1378,34.1856],[71.1446,34.1659],[71.1431,34.16],[71.1401,34.1553],[71.1171,34.1372],[71.1069,34.1262],[71.1007,34.1164],[71.0947,34.1117],[71.0903,34.1112],[71.0792,34.1142],[71.0648,34.1195],[71.0548,34.1262],[71.0484,34.1334],[71.0456,34.1414],[71.0452,34.1573],[71.0422,34.1689],[71.0296,34.1789],[71.0208,34.1818],[70.9786,34.1876],[70.9586,34.1939],[70.9355,34.2121],[70.9125,34.2194],[70.8834,34.2229],[70.8502,34.231],[70.8343,34.2415],[70.8299,34.2473],[70.823,34.2631]]]]}},{"type":"Feature","properties":{"district_id":"af-nangarhar-nazyan","name":"Nazyan","country":"AFG","province":"Nangarhar"},"geometry":{"type":"MultiPolygon","coordinates":[[[[70.7897,34.0302],[70.7864,34.0642],[70.78,34.0841],[70.7788,34.1161],[70.775,34.1233],[70.7749,34.1351],[70.7833,34.1477],[70.7977,34.1565],[70.8402,34.1694],[70.8528,34.1693],[70.8585,34.1677],[70.8649,34.1629],[70.879,34.1445],[70.8809,34.1324],[70.8764,34.126],[70.8745,34.1199],[70.8715,34.0904],[70.8658,34.0791],[70.8522,34.0654],[70.8389,34.0558],[70.8221,34.0472],[70.8056,34.0411],[70.7897,34.0302]]]]}},{"type":"Feature","properties":{"district_id":"af-nangarhar-pachirwaagam","name":"PachirWaAgam","country":"AFG","province":"Nangarhar"},"geometry":{"type":"MultiPolygon","coordinates":[[[[70.2821,34.2456],[70.3011,34.2401],[70.3173,34.2383],[70.3484,34.2465],[70.3571,34.2465],[70.3683,34.2424],[70.3745,34.2357],[70.3764,34.23],[70.3517,34.2043],[70.3394,34.1869],[70.3181,34.1499],[70.3136,34.1342],[70.3116,34.1082],[70.3036,34.066],[70.2997,34.0244],[70.2907,33.9757],[70.2791,33.9803],[70.2388,33.9731],[70.2238,33.9812],[70.1982,33.9853],[70.1691,33.9993],[70.169,34.0207],[70.1719,34.0401],[70.1801,34.0665],[70.1749,34.0709],[70.1742,34.0761],[70.1846,34.0906],[70.1876,34.1083],[70.1934,34.1186],[70.1989,34.1431],[70.2193,34.1697],[70.2325,34.195],[70.2642,34.2299],[70.2821,34.2456]]]]}},{"type":"Feature","properties":{"district_id":"af-nangarhar-rodat","name":"Rodat","country":"AFG","province":"Nangarhar"},"geometry":{"type":"MultiPolygon","coordinates":[[[[70.7179,34.2287],[70.7061,34.2185],[70.6938,34.2111],[70.6812,34.1972],[70.674,34.1728],[70.6624,34.1524],[70.6584,34.14],[70.6536,34.133],[70.641,34.1246],[70.621,34.1191],[70.6008,34.1189],[70.5918,34.1164],[70.5444,34.0772],[70.5402,34.0802],[70.523,34.1003],[70.5188,34.1106],[70.519,34.1223],[70.5092,34.1503],[70.5094,34.1736],[70.5072,34.1873],[70.4974,34.2001],[70.4869,34.2059],[70.4712,34.2079],[70.4462,34.2057],[70.4037,34.1927],[70.3926,34.1868],[70.3675,34.1777],[70.3487,34.1735],[70.3311,34.1728],[70.3517,34.2043],[70.3764,34.23],[70.41,34.2615],[70.4369,34.2898],[70.474,34.3162],[70.4825,34.3283],[70.4837,34.3403],[70.4793,34.348],[70.4622,34.3646],[70.4613,34.3715],[70.4672,34.3849],[70.4684,34.3984],[70.4724,34.4075],[70.4767,34.4115],[70.4983,34.4213],[70.5304,34.4314],[70.5343,34.4246],[70.5407,34.4195],[70.5795,34.3987],[70.5875,34.3973],[70.6036,34.3988],[70.6481,34.407],[70.6581,34.4103],[70.6693,34.4108],[70.6776,34.409],[70.706,34.3921],[70.7269,34.3842],[70.728,34.3793],[70.7166,34.3452],[70.6977,34.317],[70.6932,34.2905],[70.6865,34.2765],[70.6853,34.2696],[70.6872,34.2617],[70.6978,34.2508],[70.7046,34.2382],[70.7179,34.2287]]]]}},{"type":"Feature","properties":{"district_id":"af-nangarhar-sherzad","name":"Sherzad","country":"AFG","province":"Nangarhar"},"geometry":{"type":"MultiPolygon","coordinates":[[[[69.9673,34.396],[69.9912,34.4012],[70.007,34.4007],[70.0207,34.398],[70.0409,34.3984],[70.0598,34.4062],[70.0727,34.3936],[70.083,34.3749],[70.0924,34.3631],[70.0943,34.3565],[70.0936,34.3427],[70.0864,34.3264],[70.0847,34.3171],[70.0884,34.2945],[70.0905,34.288],[70.1059,34.2679],[70.1086,34.2539],[70.1159,34.2398],[70.105,34.2229],[70.0922,34.2108],[70.0744,34.1885],[70.055,34.1774],[70.0478,34.1702],[70.0446,34.1637],[70.0447,34.1573],[70.0495,34.1431],[70.0508,34.1309],[70.0473,34.1222],[70.0445,34.1035],[70.0268,34.0899],[70.0187,34.0753],[69.9856,34.0382],[69.9805,34.0264],[69.9586,34.0293],[69.9197,34.0251],[69.9201,34.0295],[69.9088,34.0419],[69.9058,34.0588],[69.8961,34.0716],[69.8927,34.0835],[69.8843,34.0959],[69.8919,34.1076],[69.8963,34.1204],[69.9089,34.1291],[69.9175,34.1439],[69.918,34.1501],[69.9126,34.181],[69.9131,34.1893],[69.9197,34.2157],[69.9336,34.2401],[69.9317,34.2542],[69.9335,34.273],[69.921,34.2974],[69.9097,34.313],[69.9088,34.325],[69.913,34.3333],[69.9195,34.3391],[69.9232,34.3511],[69.9363,34.3532],[69.9463,34.3572],[69.9539,34.3632],[69.9646,34.3782],[69.9673,34.396]]]]}},{"type":"Feature","properties":{"district_id":"af-nangarhar-shinwar","name":"Shinwar","country":"AFG","province":"Nangarhar"},"geometry":{"type":"MultiPolygon","coordinates":[[[[70.775,34.1233],[70.7628,34.1315],[70.7355,34.1591],[70.7332,34.1688],[70.7385,34.1874],[70.7514,34.2029],[70.7541,34.2085],[70.7548,34.2147],[70.752,34.2268],[70.7534,34.2312],[70.76,34.2367],[70.7885,34.2513],[70.8097,34.2598],[70.823,34.2631],[70.8299,34.2473],[70.8343,34.2415],[70.8502,34.231],[70.8834,34.2229],[70.9125,34.2194],[70.9355,34.2121],[70.9586,34.1939],[70.9341,34.1642],[70.9135,34.1553],[70.8936,34.1443],[70.8809,34.1324],[70.879,34.1445],[70.8649,34.1629],[70.8585,34.1677],[70.8528,34.1693],[70.8402,34.1694],[70.7977,34.1565],[70.7833,34.1477],[70.7749,34.1351],[70.775,34.1233]]]]}},{"type":"Feature","properties":{"district_id":"af-nangarhar-surkhrod","name":"SurkhRod","country":"AFG","province":"Nangarhar"},"geometry":{"type":"MultiPolygon","coordinates":[[[[70.0598,34.4062],[70.0776,34.4141],[70.0994,34.4213],[70.1833,34.4453],[70.1975,34.4482],[70.2399,34.4525],[70.2809,34.4668],[70.3253,34.4705],[70.3696,34.4867],[70.3951,34.4704],[70.4016,34.4635],[70.4023,34.4541],[70.3986,34.4435],[70.3981,34.4345],[70.4006,34.4267],[70.406,34.4194],[70.4194,34.4081],[70.4382,34.3987],[70.4531,34.3872],[70.4658,34.3808],[70.4613,34.3715],[70.4622,34.3646],[70.4374,34.3642],[70.3702,34.3541],[70.3217,34.3555],[70.2906,34.3596],[70.2551,34.3611],[70.24,34.359],[70.2121,34.3483],[70.1865,34.3354],[70.1463,34.3242],[70.1246,34.3246],[70.0858,34.309],[70.0847,34.3171],[70.0864,34.3264],[70.0936,34.3427],[70.0943,34.3565],[70.0924,34.3631],[70.083,34.3749],[70.0727,34.3936],[70.0598,34.4062]]]]}},{"type":"Feature","properties":{"district_id":"af-nimroz-chakhansur","name":"Chakhansur","country":"AFG","province":"Nimroz"},"geometry":{"type":"MultiPolygon","coordinates":[[[[61.9468,32.0364],[61.9559,32.0441],[61.9664,32.0486],[62.0147,32.0523],[62.0623,32.0508],[62.1095,32.0439],[62.212,32.0415],[62.3071,32.0422],[62.4477,32.0506],[62.4984,32.0471],[62.5112,32.0443],[62.5057,32.0127],[62.4903,31.9767],[62.4749,31.9166],[62.4722,31.8928],[62.4517,31.7805],[62.433,31.7212],[62.428,31.6972],[62.4192,31.5873],[62.4157,31.5679],[62.4113,31.525],[62.4021,31.4713],[62.3981,31.4333],[62.3992,31.4203],[62.4046,31.411],[62.4142,31.4025],[62.4276,31.3971],[62.4646,31.3873],[62.5392,31.3723],[62.5676,31.3644],[62.5908,31.36],[62.6435,31.3427],[62.6922,31.3309],[62.7583,31.3117],[62.8295,31.2958],[63.0049,31.268],[63.0158,31.2686],[63.0466,31.2763],[63.0893,31.2808],[63.1237,31.2882],[63.16,31.2925],[63.173,31.2925],[63.1879,31.2901],[63.2102,31.2789],[63.2201,31.2776],[63.2391,31.2818],[63.264,31.2824],[63.2802,31.2861],[63.2785,31.2767],[63.2739,31.2654],[63.2644,31.2513],[63.2516,31.2243],[63.2395,31.1826],[63.2328,31.1689],[63.2196,31.1277],[63.2039,31.0874],[63.1819,31.023],[63.1724,30.9821],[63.168,30.9463],[63.149,30.8613],[63.1379,30.8307],[63.1298,30.7998],[63.0135,30.8118],[62.8923,30.8115],[62.6874,30.8245],[62.6322,30.8296],[62.6011,30.8302],[62.3524,30.8229],[62.3383,30.8251],[62.333,30.8336],[62.3191,30.8446],[62.3088,30.8568],[62.2732,30.8771],[62.2375,30.8893],[62.207,30.8939],[62.1899,30.8987],[62.1757,30.906],[62.1517,30.9236],[62.1289,30.935],[62.0992,30.9426],[62.0755,30.9457],[62.0656,30.95],[62.057,30.9585],[62.0499,30.9708],[62.0468,30.9812],[62.0466,31.0069],[62.0599,31.0281],[62.071,31.0744],[62.0679,31.1012],[62.0606,31.119],[62.0388,31.1475],[62.0175,31.1684],[62.0082,31.1821],[62.0076,31.1894],[62.0148,31.2151],[62.0143,31.2427],[62.012,31.2687],[62.001,31.3227],[61.9944,31.3365],[61.9837,31.3449],[61.9241,31.3594],[61.9041,31.3727],[61.8906,31.386],[61.8826,31.3965],[61.88,31.4036],[61.8798,31.4305],[61.8781,31.4363],[61.8515,31.4578],[61.8485,31.4627],[61.847,31.4754],[61.85,31.4959],[61.8556,31.5133],[61.8606,31.5372],[61.8596,31.5572],[61.8551,31.5692],[61.8472,31.5811],[61.8207,31.6109],[61.8063,31.6317],[61.8,31.6444],[61.7959,31.6578],[61.7944,31.6703],[61.7953,31.693],[61.8097,31.7075],[61.8288,31.7332],[61.8484,31.7777],[61.8658,31.84],[61.8736,31.8611],[61.8895,31.8977],[61.9076,31.9284],[61.9103,31.9392],[61.9121,31.9593],[61.9156,31.9724],[61.9333,32.0033],[61.9468,32.0364]]]]}},{"type":"Feature","properties":{"district_id":"af-nimroz-charburjak","name":"CharBurjak","country":"AFG","province":"Nimroz"},"geometry":{"type":"MultiPolygon","coordinates":[[[[62.7649,30.1736],[62.7462,30.1403],[62.725,30.0948],[62.7153,30.0775],[62.6906,30.0179],[62.6471,29.9463],[62.6419,29.9286],[62.6385,29.8648],[62.6414,29.8288],[62.6468,29.6952],[62.6708,29.5061],[62.696,29.3976],[62.5799,29.3859],[62.5694,29.3857],[62.5632,29.3879],[62.5624,29.3863],[62.5553,29.3844],[62.5305,29.3821],[62.5035,29.3764],[62.4801,29.3765],[62.44,29.384],[62.3967,29.388],[62.3314,29.4118],[62.3155,29.4147],[62.2968,29.4248],[62.1969,29.45],[62.1351,29.4697],[62.0854,29.4825],[62.0202,29.5021],[62.0038,29.5078],[62.0004,29.5169],[61.9982,29.5185],[61.9238,29.5434],[61.8719,29.5549],[61.8483,29.5636],[61.8191,29.571],[61.7865,29.5826],[61.7579,29.5906],[61.7233,29.6031],[61.697,29.609],[61.6788,29.6154],[61.6218,29.6304],[61.5694,29.6416],[61.5344,29.6524],[61.474,29.6749],[61.4383,29.6827],[61.3859,29.7006],[61.3374,29.714],[61.311,29.7234],[61.2853,29.7281],[61.2543,29.7391],[61.2037,29.7493],[61.1673,29.7633],[61.1187,29.7785],[61.1027,29.7813],[61.0455,29.8003],[61.0182,29.8069],[61.001,29.8093],[60.9736,29.8184],[60.9486,29.8226],[60.9092,29.8328],[60.8658,29.8532],[61.2094,30.2176],[61.7592,30.79],[61.7767,30.8109],[61.794,30.8262],[61.8012,30.8293],[61.9045,30.8236],[61.983,30.8251],[62.0863,30.8371],[62.1852,30.8332],[62.2526,30.8264],[62.2825,30.8264],[62.3189,30.8236],[62.3383,30.8251],[62.3524,30.8229],[62.6011,30.8302],[62.6322,30.8296],[62.6874,30.8245],[62.8923,30.8115],[63.0135,30.8118],[63.1298,30.7998],[63.1184,30.7764],[63.1048,30.7573],[63.0866,30.7269],[63.0827,30.7143],[63.0765,30.6771],[63.0721,30.6643],[63.0311,30.6027],[63.011,30.5762],[62.9897,30.5444],[62.9692,30.5089],[62.9607,30.4975],[62.9591,30.4926],[62.9388,30.4644],[62.9198,30.433],[62.8942,30.3993],[62.8663,30.3487],[62.8014,30.2443],[62.7946,30.2281],[62.7769,30.1979],[62.7649,30.1736]]]]}},{"type":"Feature","properties":{"district_id":"af-nimroz-kang","name":"Kang","country":"AFG","province":"Nimroz"},"geometry":{"type":"MultiPolygon","coordinates":[[[[61.6483,31.3849],[61.6535,31.4],[61.6512,31.4196],[61.6591,31.4438],[61.6632,31.4725],[61.6616,31.482],[61.6511,31.5045],[61.6499,31.5189],[61.6552,31.5293],[61.6842,31.5431],[61.6956,31.5532],[61.701,31.5606],[61.7047,31.5741],[61.701,31.5901],[61.6925,31.5982],[61.6789,31.6076],[61.6757,31.6138],[61.6781,31.6263],[61.6863,31.635],[61.7024,31.6429],[61.7259,31.65],[61.756,31.6617],[61.7785,31.6763],[61.7953,31.693],[61.7944,31.6703],[61.7959,31.6578],[61.8,31.6444],[61.8063,31.6317],[61.8171,31.6156],[61.8472,31.5811],[61.8551,31.5692],[61.8596,31.5572],[61.8606,31.5372],[61.8556,31.5133],[61.85,31.4959],[61.847,31.4754],[61.8485,31.4627],[61.8515,31.4578],[61.8781,31.4363],[61.8798,31.4305],[61.88,31.4036],[61.8826,31.3965],[61.8906,31.386],[61.9041,31.3727],[61.9241,31.3594],[61.9837,31.3449],[61.9944,31.3365],[62.001,31.3227],[62.012,31.2687],[62.0143,31.2427],[62.0148,31.2151],[62.0076,31.1894],[62.0082,31.1821],[62.0175,31.1684],[62.0388,31.1475],[62.0606,31.119],[62.0679,31.1012],[62.071,31.0744],[62.065,31.0506],[62.0403,31.0558],[62.0204,31.0627],[61.9921,31.0685],[61.9739,31.0686],[61.9415,31.0635],[61.9217,31.0568],[61.8732,31.051],[61.8393,31.0377],[61.8332,31.0539],[61.8333,31.0624],[61.8295,31.0674],[61.8343,31.0879],[61.8181,31.106],[61.8154,31.1136],[61.8157,31.1215],[61.8094,31.1343],[61.8104,31.1403],[61.8072,31.1469],[61.8079,31.1577],[61.8063,31.163],[61.8012,31.1735],[61.7744,31.2094],[61.7778,31.2181],[61.7729,31.2521],[61.7776,31.3036],[61.7065,31.3772],[61.6483,31.3849]]]]}},{"type":"Feature","properties":{"district_id":"af-nimroz-khashrod","name":"KhashRod","country":"AFG","province":"Nimroz"},"geometry":{"type":"MultiPolygon","coordinates":[[[[62.652,32.0851],[62.6984,32.0803],[62.7313,32.0788],[62.7691,32.0742],[62.7984,32.0666],[62.8814,32.0514],[62.9134,32.0409],[62.9437,32.0343],[62.9885,32.0194],[63.0083,32.0179],[63.0149,32.0199],[63.0232,32.0274],[63.0303,32.0385],[63.0507,32.0885],[63.0829,32.1393],[63.1187,32.1772],[63.1401,32.1933],[63.1616,32.2044],[63.1824,32.2217],[63.1969,32.2294],[63.2166,32.2327],[63.2297,32.2333],[63.263,32.24],[63.2734,32.2403],[63.2881,32.2375],[63.31,32.2307],[63.3277,32.2311],[63.3561,32.2288],[63.3793,32.2221],[63.4051,32.2104],[63.4272,32.2024],[63.4434,32.199],[63.5217,32.2063],[63.5124,32.1942],[63.4971,32.1693],[63.4881,32.1498],[63.455,32.0922],[63.4469,32.0735],[63.4357,32.0387],[63.4203,32.0139],[63.4121,31.9954],[63.4006,31.9686],[63.388,31.9249],[63.3722,31.8871],[63.3426,31.7999],[63.2998,31.7004],[63.295,31.6713],[63.2979,31.6524],[63.2983,31.6266],[63.2914,31.522],[63.2927,31.4472],[63.2883,31.4018],[63.279,31.3641],[63.276,31.3376],[63.2775,31.3196],[63.2809,31.3029],[63.2802,31.2861],[63.264,31.2824],[63.2391,31.2818],[63.2201,31.2776],[63.2102,31.2789],[63.1879,31.2901],[63.173,31.2925],[63.16,31.2925],[63.1237,31.2882],[63.0893,31.2808],[63.0466,31.2763],[63.0158,31.2686],[63.0049,31.268],[62.8295,31.2958],[62.7583,31.3117],[62.6922,31.3309],[62.6435,31.3427],[62.5908,31.36],[62.5676,31.3644],[62.5392,31.3723],[62.4646,31.3873],[62.4276,31.3971],[62.4142,31.4025],[62.4046,31.411],[62.3992,31.4203],[62.3981,31.4333],[62.4021,31.4713],[62.4113,31.525],[62.4157,31.5679],[62.4192,31.5873],[62.428,31.6972],[62.433,31.7212],[62.4517,31.7805],[62.4722,31.8928],[62.4749,31.9166],[62.4903,31.9767],[62.5057,32.0127],[62.5112,32.0443],[62.5687,32.0435],[62.595,32.055],[62.6302,32.0767],[62.652,32.0851]]]]}},{"type":"Feature","properties":{"district_id":"af-nimroz-zaranj","name":"Zaranj","country":"AFG","province":"Nimroz"},"geometry":{"type":"MultiPolygon","coordinates":[[[[62.065,31.0506],[62.0599,31.0281],[62.0466,31.0069],[62.0462,30.992],[62.0468,30.9812],[62.0499,30.9708],[62.057,30.9585],[62.0656,30.95],[62.0755,30.9457],[62.0992,30.9426],[62.1289,30.935],[62.1517,30.9236],[62.1757,30.906],[62.1899,30.8987],[62.207,30.8939],[62.2375,30.8893],[62.2732,30.8771],[62.3088,30.8568],[62.3191,30.8446],[62.333,30.8336],[62.3383,30.8251],[62.3189,30.8236],[62.2825,30.8264],[62.2526,30.8264],[62.1852,30.8332],[62.0863,30.8371],[61.983,30.8251],[61.9045,30.8236],[61.8012,30.8293],[61.803,30.8294],[61.8076,30.8376],[61.7968,30.8617],[61.7958,30.8668],[61.7982,30.8801],[61.7976,30.8853],[61.79,30.893],[61.7862,30.904],[61.7849,30.9112],[61.7852,30.9366],[61.7878,30.9435],[61.7957,30.9405],[61.7977,30.9413],[61.816,30.9598],[61.8324,30.972],[61.8254,30.9977],[61.8254,31.0037],[61.8349,31.0206],[61.8339,31.0302],[61.8392,31.0359],[61.8393,31.0377],[61.8732,31.051],[61.9217,31.0568],[61.9415,31.0635],[61.9739,31.0686],[61.9921,31.0685],[62.0204,31.0627],[62.0403,31.0558],[62.065,31.0506]]]]}},{"type":"Feature","properties":{"district_id":"af-nuristan-bargimatal","name":"BargiMatal","country":"AFG","province":"Nuristan"},"geometry":{"type":"MultiPolygon","coordinates":[[[[70.9455,35.6355],[70.9527,35.6517],[70.9579,35.6565],[70.979,35.6617],[70.9977,35.6709],[71.0079,35.6787],[71.0176,35.6956],[71.0229,35.7151],[71.0243,35.7287],[71.0211,35.7413],[71.014,35.7515],[71.0057,35.7694],[71.005,35.7772],[71.0094,35.7903],[71.0264,35.7992],[71.0322,35.8067],[71.0381,35.8191],[71.0482,35.8277],[71.0545,35.8393],[71.0652,35.8527],[71.0711,35.871],[71.0835,35.8791],[71.0867,35.884],[71.0881,35.8955],[71.0857,35.9151],[71.0884,35.9292],[71.1015,35.9555],[71.1137,35.9713],[71.1423,35.9933],[71.1516,36.009],[71.1578,36.0134],[71.1693,36.0143],[71.1912,36.0281],[71.2106,36.0287],[71.2265,36.0333],[71.2326,36.0403],[71.2474,36.0246],[71.2647,36.0129],[71.3233,35.987],[71.337,35.9686],[71.3428,35.9671],[71.3579,35.9731],[71.3705,35.974],[71.376,35.972],[71.3936,35.9589],[71.4034,35.9405],[71.4042,35.9338],[71.4024,35.9202],[71.4055,35.9109],[71.4232,35.9002],[71.4331,35.8969],[71.4454,35.8895],[71.4803,35.8577],[71.4852,35.8475],[71.4966,35.813],[71.5135,35.8053],[71.5178,35.8009],[71.5178,35.7944],[71.4968,35.782],[71.4951,35.768],[71.529,35.7473],[71.5489,35.7403],[71.5595,35.7333],[71.5712,35.7215],[71.5769,35.7002],[71.5675,35.6766],[71.5467,35.6567],[71.5285,35.6352],[71.5255,35.6273],[71.5254,35.6179],[71.527,35.617],[71.5011,35.6045],[71.4899,35.5942],[71.4756,35.5846],[71.4603,35.5698],[71.4337,35.5529],[71.4017,35.5484],[71.3841,35.5387],[71.3692,35.5364],[71.3581,35.5314],[71.3483,35.5291],[71.3412,35.5294],[71.3249,35.5383],[71.3042,35.5613],[71.2925,35.5712],[71.24,35.6082],[71.2346,35.6179],[71.2376,35.6249],[71.2358,35.6364],[71.2288,35.6409],[71.2266,35.6451],[71.2207,35.6483],[71.2092,35.6465],[71.1944,35.6374],[71.18,35.6316],[71.1639,35.6175],[71.1576,35.6163],[71.1482,35.6181],[71.142,35.6153],[71.1381,35.6038],[71.1323,35.5999],[71.1253,35.599],[71.1114,35.6018],[71.0988,35.601],[71.0837,35.5954],[71.0706,35.5873],[71.051,35.5976],[71.025,35.6033],[71.0044,35.615],[70.9943,35.6186],[70.9671,35.6247],[70.9455,35.6355]]]]}},{"type":"Feature","properties":{"district_id":"af-nuristan-kamdesh","name":"Kamdesh","country":"AFG","province":"Nuristan"},"geometry":{"type":"MultiPolygon","coordinates":[[[[71.3994,35.354],[71.3854,35.3597],[71.3689,35.3621],[71.3543,35.3589],[71.3348,35.3489],[71.3106,35.3451],[71.2648,35.3225],[71.2395,35.3142],[71.2085,35.2896],[71.2017,35.2881],[71.1971,35.303],[71.1975,35.3186],[71.1948,35.3317],[71.188,35.3453],[71.1786,35.3565],[71.1565,35.374],[71.1338,35.3843],[71.1185,35.3977],[71.085,35.4121],[71.0788,35.4161],[71.0814,35.4229],[71.0811,35.4298],[71.0737,35.4534],[71.0738,35.4612],[71.0768,35.4696],[71.0918,35.4836],[71.0972,35.4926],[71.0969,35.503],[71.0844,35.5102],[71.0759,35.5233],[71.0724,35.5386],[71.0731,35.5801],[71.0706,35.5873],[71.0837,35.5954],[71.0988,35.601],[71.1114,35.6018],[71.1253,35.599],[71.1323,35.5999],[71.1381,35.6038],[71.142,35.6153],[71.1482,35.6181],[71.1576,35.6163],[71.1639,35.6175],[71.18,35.6316],[71.1944,35.6374],[71.2092,35.6465],[71.2207,35.6483],[71.2266,35.6451],[71.2288,35.6409],[71.2358,35.6364],[71.2376,35.6249],[71.2346,35.6179],[71.24,35.6082],[71.2925,35.5712],[71.3042,35.5613],[71.3249,35.5383],[71.3412,35.5294],[71.3483,35.5291],[71.3581,35.5314],[71.3692,35.5364],[71.3841,35.5387],[71.4017,35.5484],[71.4337,35.5529],[71.4603,35.5698],[71.4756,35.5846],[71.4899,35.5942],[71.5011,35.6045],[71.527,35.617],[71.6101,35.5919],[71.6283,35.5825],[71.6394,35.574],[71.6452,35.5646],[71.6449,35.5588],[71.6367,35.5465],[71.6229,35.5331],[71.62,35.5186],[71.6202,35.5113],[71.6343,35.4991],[71.6153,35.4835],[71.5826,35.4664],[71.5711,35.4547],[71.5545,35.445],[71.5443,35.4325],[71.5259,35.4291],[71.5137,35.4291],[71.5024,35.4261],[71.4703,35.4042],[71.4614,35.3948],[71.454,35.3827],[71.4564,35.3688],[71.4603,35.3647],[71.4635,35.3556],[71.4619,35.3496],[71.4587,35.3454],[71.4447,35.3407],[71.4319,35.3408],[71.4162,35.346],[71.4122,35.3494],[71.3994,35.354]]]]}},{"type":"Feature","properties":{"district_id":"af-nuristan-mandol","name":"Mandol","country":"AFG","province":"Nuristan"},"geometry":{"type":"MultiPolygon","coordinates":[[[[70.251,35.6585],[70.2639,35.6533],[70.2801,35.6521],[70.3035,35.6575],[70.3313,35.6748],[70.3543,35.697],[70.3622,35.7023],[70.3712,35.7047],[70.3834,35.7034],[70.4022,35.6984],[70.4069,35.6955],[70.4166,35.6838],[70.4315,35.6801],[70.4435,35.6722],[70.4526,35.6727],[70.4619,35.6782],[70.4704,35.6806],[70.4796,35.6794],[70.4865,35.6741],[70.4886,35.6633],[70.4843,35.6444],[70.501,35.6195],[70.5168,35.6133],[70.5311,35.6112],[70.5444,35.6047],[70.5514,35.5835],[70.5606,35.5773],[70.5704,35.5656],[70.5715,35.5582],[70.5686,35.5527],[70.5601,35.5446],[70.5424,35.5332],[70.535,35.5236],[70.5329,35.5156],[70.5331,35.5085],[70.5411,35.4934],[70.5419,35.4874],[70.5404,35.4763],[70.5355,35.467],[70.534,35.4595],[70.5232,35.4491],[70.5193,35.4351],[70.512,35.4243],[70.4971,35.4126],[70.4875,35.4028],[70.4803,35.3902],[70.4791,35.3818],[70.4833,35.3629],[70.4908,35.3507],[70.4988,35.3449],[70.5106,35.3324],[70.5121,35.3234],[70.5097,35.3091],[70.5116,35.2954],[70.5194,35.2872],[70.5316,35.2801],[70.5201,35.2626],[70.5151,35.2501],[70.4921,35.2177],[70.4884,35.2028],[70.4837,35.1917],[70.47,35.1782],[70.4569,35.1717],[70.4369,35.1682],[70.421,35.1633],[70.3938,35.165],[70.3815,35.1625],[70.342,35.1431],[70.3127,35.1372],[70.3026,35.1304],[70.2923,35.1126],[70.2783,35.1016],[70.2731,35.101],[70.2583,35.1076],[70.2485,35.1076],[70.2222,35.1014],[70.1963,35.0929],[70.1873,35.0882],[70.1816,35.0821],[70.181,35.0779],[70.1612,35.0895],[70.1525,35.0894],[70.1369,35.0858],[70.1225,35.0942],[70.1173,35.0947],[70.093,35.09],[70.0689,35.0937],[70.053,35.0919],[70.0382,35.082],[70.0317,35.08],[70.0286,35.0835],[70.0262,35.0945],[70.0177,35.1055],[70.0185,35.153],[70.0147,35.1657],[70.0011,35.1832],[69.9902,35.2039],[69.976,35.2184],[69.9871,35.2214],[69.9924,35.2255],[69.9947,35.2299],[69.9968,35.2424],[69.9939,35.2669],[69.9875,35.2886],[69.979,35.2997],[69.961,35.3137],[69.9425,35.3252],[69.9314,35.3296],[69.9216,35.3398],[69.919,35.3495],[69.9196,35.356],[69.9272,35.3681],[69.9401,35.3821],[69.9475,35.3869],[69.9731,35.3902],[69.986,35.3992],[70.0088,35.4073],[70.0229,35.4056],[70.0362,35.4103],[70.046,35.4063],[70.0556,35.4073],[70.0575,35.4144],[70.0526,35.4222],[70.0489,35.4362],[70.0505,35.4443],[70.0544,35.4512],[70.0759,35.4604],[70.0871,35.4726],[70.093,35.4749],[70.0973,35.4743],[70.1179,35.4593],[70.1264,35.4579],[70.1354,35.4605],[70.1397,35.464],[70.159,35.493],[70.1629,35.4955],[70.1869,35.5011],[70.1961,35.5102],[70.1981,35.5159],[70.1989,35.5282],[70.1955,35.5459],[70.2011,35.558],[70.2231,35.5747],[70.2325,35.5857],[70.2354,35.5958],[70.2317,35.616],[70.233,35.6245],[70.2404,35.6411],[70.2494,35.6526],[70.251,35.6585]]]]}},{"type":"Feature","properties":{"district_id":"af-nuristan-nuristan","name":"Nuristan","country":"AFG","province":"Nuristan"},"geometry":{"type":"MultiPolygon","coordinates":[[[[70.6406,35.0744],[70.6338,35.0724],[70.6151,35.0602],[70.6095,35.0538],[70.6036,35.0417],[70.5955,35.0135],[70.5977,34.9749],[70.5966,34.9562],[70.5855,34.9459],[70.573,34.9388],[70.5509,34.9197],[70.533,34.9093],[70.5133,34.9019],[70.4502,34.8922],[70.4212,34.894],[70.3807,34.9026],[70.3151,34.9251],[70.2825,34.9397],[70.2637,34.9513],[70.251,34.9628],[70.2424,34.9868],[70.2357,34.9909],[70.221,34.9952],[70.2084,35.0107],[70.2008,35.0286],[70.1967,35.0634],[70.1921,35.0702],[70.181,35.0779],[70.1816,35.0821],[70.1873,35.0882],[70.1963,35.0929],[70.2222,35.1014],[70.2485,35.1076],[70.2583,35.1076],[70.2731,35.101],[70.2783,35.1016],[70.2923,35.1126],[70.3026,35.1304],[70.3127,35.1372],[70.342,35.1431],[70.3815,35.1625],[70.3938,35.165],[70.421,35.1633],[70.4369,35.1682],[70.4569,35.1717],[70.47,35.1782],[70.4837,35.1917],[70.4884,35.2028],[70.4921,35.2177],[70.5151,35.2501],[70.5201,35.2626],[70.5316,35.2801],[70.55,35.2771],[70.5685,35.2785],[70.5933,35.2779],[70.6218,35.2861],[70.6424,35.2846],[70.6484,35.2798],[70.6526,35.2499],[70.6552,35.2435],[70.6622,35.2349],[70.6775,35.2244],[70.6812,35.2184],[70.6822,35.2119],[70.6816,35.1944],[70.6739,35.1738],[70.663,35.1471],[70.6456,35.1177],[70.6358,35.0951],[70.6353,35.0839],[70.6406,35.0744]]]]}},{"type":"Feature","properties":{"district_id":"af-nuristan-wama","name":"Wama","country":"AFG","province":"Nuristan"},"geometry":{"type":"MultiPolygon","coordinates":[[[[70.534,35.4595],[70.5432,35.4498],[70.5539,35.4464],[70.5789,35.4483],[70.6023,35.4537],[70.6196,35.4635],[70.6379,35.4767],[70.6549,35.4931],[70.6734,35.5243],[70.6824,35.5303],[70.6919,35.5263],[70.7005,35.5186],[70.7053,35.5119],[70.7361,35.4948],[70.766,35.4858],[70.7917,35.4876],[70.8213,35.4843],[70.8547,35.4849],[70.8656,35.4868],[70.8797,35.4919],[70.8883,35.5039],[70.8893,35.5307],[70.8874,35.5616],[70.8848,35.5765],[70.8734,35.6132],[70.8757,35.6269],[70.883,35.6333],[70.8936,35.6353],[70.9226,35.6313],[70.9371,35.6318],[70.9455,35.6355],[70.9671,35.6247],[70.9943,35.6186],[71.0044,35.615],[71.025,35.6033],[71.051,35.5976],[71.0706,35.5873],[71.0731,35.5801],[71.0724,35.5386],[71.0759,35.5233],[71.0844,35.5102],[71.0969,35.503],[71.0972,35.4926],[71.0918,35.4836],[71.0768,35.4696],[71.0738,35.4612],[71.0737,35.4534],[71.0811,35.4298],[71.0814,35.4229],[71.0788,35.4161],[71.0571,35.4109],[71.049,35.4068],[71.043,35.3974],[71.0399,35.3751],[71.0381,35.3713],[71.0219,35.3577],[71.002,35.3323],[70.9704,35.3098],[70.9416,35.2821],[70.939,35.2759],[70.9376,35.2479],[70.9347,35.2386],[70.895,35.2024],[70.884,35.19],[70.8794,35.1817],[70.8472,35.1482],[70.8197,35.1265],[70.8131,35.1167],[70.8115,35.1076],[70.8116,35.0907],[70.8206,35.068],[70.7998,35.0702],[70.7913,35.0686],[70.7797,35.0605],[70.7716,35.0506],[70.7607,35.0413],[70.7447,35.0351],[70.7339,35.0338],[70.7227,35.0355],[70.7031,35.0463],[70.698,35.0523],[70.6767,35.0661],[70.6406,35.0744],[70.6353,35.0839],[70.6358,35.0951],[70.6456,35.1177],[70.663,35.1471],[70.6816,35.1944],[70.6812,35.2184],[70.6775,35.2244],[70.6622,35.2349],[70.6552,35.2435],[70.6526,35.2499],[70.6484,35.2798],[70.6424,35.2846],[70.6218,35.2861],[70.5933,35.2779],[70.5685,35.2785],[70.55,35.2771],[70.5316,35.2801],[70.5194,35.2872],[70.5116,35.2954],[70.5097,35.3091],[70.5121,35.3234],[70.5106,35.3324],[70.4988,35.3449],[70.4908,35.3507],[70.4833,35.3629],[70.4791,35.3818],[70.4803,35.3902],[70.4875,35.4028],[70.4971,35.4126],[70.512,35.4243],[70.5193,35.4351],[70.5232,35.4491],[70.534,35.4595]]]]}},{"type":"Feature","properties":{"district_id":"af-nuristan-waygal","name":"Waygal","country":"AFG","province":"Nuristan"},"geometry":{"type":"MultiPolygon","coordinates":[[[[71.1829,35.2069],[71.1688,35.1945],[71.1451,35.1807],[71.1413,35.1752],[71.1401,35.1586],[71.1438,35.137],[71.1417,35.1285],[71.1307,35.1046],[71.1313,35.0902],[71.1281,35.0856],[71.1225,35.082],[71.1101,35.0834],[71.1061,35.0859],[71.0892,35.1057],[71.0769,35.1122],[71.0642,35.1131],[71.0566,35.1114],[71.0481,35.1062],[71.041,35.0918],[71.0325,35.0818],[71.0174,35.083],[70.9971,35.088],[70.9698,35.089],[70.949,35.0841],[70.9352,35.0764],[70.924,35.068],[70.9124,35.0653],[70.8581,35.0673],[70.8265,35.0646],[70.8206,35.068],[70.8116,35.0907],[70.8115,35.1076],[70.8131,35.1167],[70.8197,35.1265],[70.8472,35.1482],[70.8794,35.1817],[70.884,35.19],[70.895,35.2024],[70.9347,35.2386],[70.9376,35.2479],[70.939,35.2759],[70.9416,35.2821],[70.9704,35.3098],[71.002,35.3323],[71.0219,35.3577],[71.0381,35.3713],[71.0399,35.3751],[71.043,35.3974],[71.049,35.4068],[71.0571,35.4109],[71.0788,35.4161],[71.085,35.4121],[71.1185,35.3977],[71.1338,35.3843],[71.1565,35.374],[71.1786,35.3565],[71.188,35.3453],[71.1948,35.3317],[71.1975,35.3186],[71.1971,35.303],[71.2017,35.2881],[71.1878,35.2675],[71.1787,35.2452],[71.1781,35.2263],[71.1842,35.2152],[71.1829,35.2069]]]]}},{"type":"Feature","properties":{"district_id":"af-paktika-burmul","name":"Burmul","country":"AFG","province":"Paktika"},"geometry":{"type":"MultiPolygon","coordinates":[[[[69.2481,32.4725],[69.2241,32.4737],[69.2164,32.476],[69.1834,32.5036],[69.164,32.512],[69.1348,32.5213],[69.0879,32.5439],[69.075,32.5524],[69.0562,32.5744],[69.0527,32.5829],[69.0514,32.5963],[69.0545,32.6284],[69.0665,32.6475],[69.0743,32.6714],[69.0885,32.7048],[69.098,32.7218],[69.109,32.7356],[69.1356,32.7538],[69.1446,32.7666],[69.1468,32.7775],[69.1568,32.804],[69.1887,32.8489],[69.2038,32.857],[69.2192,32.8742],[69.2314,32.885],[69.2463,32.8952],[69.2557,32.8993],[69.2774,32.9042],[69.3608,32.9091],[69.4347,32.9166],[69.4898,32.9241],[69.4986,32.9265],[69.5151,32.8863],[69.5311,32.874],[69.5346,32.8664],[69.5305,32.8612],[69.5109,32.8534],[69.4845,32.8477],[69.4755,32.8434],[69.4708,32.8392],[69.4678,32.8205],[69.4474,32.7938],[69.4417,32.7895],[69.4206,32.787],[69.4081,32.7768],[69.403,32.7691],[69.4059,32.7605],[69.4157,32.7513],[69.4291,32.7431],[69.4476,32.7349],[69.4519,32.7291],[69.4545,32.7227],[69.4558,32.7092],[69.4506,32.6969],[69.4506,32.6914],[69.4659,32.6676],[69.4653,32.6628],[69.4616,32.6561],[69.4562,32.6522],[69.4492,32.6415],[69.4383,32.6323],[69.4339,32.6164],[69.4243,32.602],[69.4101,32.6059],[69.3852,32.5666],[69.3261,32.5425],[69.3007,32.5411],[69.2852,32.533],[69.2702,32.5056],[69.2481,32.4725]]]]}},{"type":"Feature","properties":{"district_id":"af-paktika-dila","name":"Dila","country":"AFG","province":"Paktika"},"geometry":{"type":"MultiPolygon","coordinates":[[[[67.9183,32.7857],[67.9414,32.7772],[67.9502,32.7722],[67.9673,32.7574],[67.9865,32.7441],[68.0012,32.7365],[68.0119,32.7338],[68.0399,32.7328],[68.0593,32.7234],[68.0698,32.7209],[68.0937,32.7223],[68.1132,32.7193],[68.1395,32.7215],[68.1552,32.7255],[68.2343,32.7644],[68.2475,32.7737],[68.2636,32.7512],[68.27,32.7265],[68.273,32.6881],[68.277,32.6787],[68.2903,32.6703],[68.3072,32.6657],[68.359,32.6583],[68.3719,32.6544],[68.3844,32.6397],[68.3914,32.6238],[68.3931,32.6101],[68.3919,32.585],[68.3875,32.5703],[68.38,32.5628],[68.3698,32.5576],[68.3377,32.554],[68.3209,32.5492],[68.3031,32.5377],[68.2941,32.5272],[68.2905,32.5055],[68.2929,32.4846],[68.2966,32.4719],[68.3078,32.4586],[68.3156,32.4442],[68.3216,32.421],[68.3182,32.4084],[68.3106,32.3946],[68.2746,32.342],[68.2482,32.3109],[68.234,32.2901],[68.2219,32.2805],[68.2131,32.2784],[68.196,32.2795],[68.1707,32.2897],[68.1594,32.2976],[68.1506,32.3012],[68.1335,32.2973],[68.1197,32.2842],[68.1096,32.2795],[68.0877,32.2826],[68.081,32.2849],[68.0705,32.2937],[68.0724,32.2998],[68.0727,32.3133],[68.081,32.3334],[68.0823,32.3521],[68.0938,32.3762],[68.0949,32.3899],[68.0745,32.4359],[68.0695,32.4647],[68.0654,32.4751],[68.0487,32.4957],[68.0429,32.5149],[68.0378,32.5256],[68.0237,32.5457],[68.0063,32.5559],[67.9815,32.5604],[67.9665,32.5658],[67.9491,32.5756],[67.9404,32.5856],[67.9124,32.6029],[67.9076,32.6109],[67.9019,32.6379],[67.8908,32.6621],[67.865,32.6941],[67.8603,32.7056],[67.8599,32.7114],[67.8643,32.722],[67.8759,32.7328],[67.885,32.7447],[67.8895,32.7604],[67.894,32.7695],[67.9044,32.7801],[67.9097,32.7833],[67.9183,32.7857]]]]}},{"type":"Feature","properties":{"district_id":"af-paktika-gayan","name":"Gayan","country":"AFG","province":"Paktika"},"geometry":{"type":"MultiPolygon","coordinates":[[[[69.3515,33.0665],[69.3633,33.0585],[69.3764,33.0525],[69.3988,33.0511],[69.4063,33.0439],[69.4165,33.0399],[69.459,33.043],[69.4728,33.0386],[69.4899,33.0257],[69.504,33.018],[69.4996,33.0025],[69.493,32.9662],[69.492,32.9427],[69.4986,32.9265],[69.4898,32.9241],[69.4347,32.9166],[69.3346,32.9078],[69.3283,32.9157],[69.3231,32.928],[69.319,32.9504],[69.3207,32.9651],[69.344,33.0154],[69.3515,33.0665]]]]}},{"type":"Feature","properties":{"district_id":"af-paktika-gomal","name":"Gomal","country":"AFG","province":"Paktika"},"geometry":{"type":"MultiPolygon","coordinates":[[[[69.0545,32.6284],[69.0514,32.5963],[69.0527,32.5829],[69.0562,32.5744],[69.075,32.5524],[69.0879,32.5439],[69.1348,32.5213],[69.164,32.512],[69.1834,32.5036],[69.2164,32.476],[69.2241,32.4737],[69.2481,32.4725],[69.2407,32.4614],[69.2388,32.4443],[69.2502,32.414],[69.2808,32.3564],[69.2796,32.2922],[69.27,32.2721],[69.2758,32.1938],[69.2728,32.151],[69.2895,32.0927],[69.2861,32.0714],[69.3003,31.9919],[69.312,31.9861],[69.3127,31.9761],[69.3235,31.9442],[69.3233,31.9405],[69.318,31.929],[69.3129,31.9248],[69.2892,31.9156],[69.2569,31.9251],[69.2288,31.9417],[69.1694,31.9551],[69.1442,31.9653],[69.1144,31.9709],[69.1007,31.9775],[69.0626,31.9827],[69.0367,31.9949],[69.0171,32.0016],[69.0087,32.0072],[69.0021,32.0167],[68.9829,32.069],[68.9765,32.0806],[68.9723,32.0931],[68.9533,32.1235],[68.9446,32.1414],[68.9416,32.1524],[68.9328,32.1726],[68.9237,32.1843],[68.9071,32.1905],[68.8964,32.1908],[68.8773,32.1875],[68.8672,32.1877],[68.8589,32.1901],[68.8209,32.2165],[68.8129,32.2279],[68.808,32.2397],[68.803,32.2465],[68.7901,32.2555],[68.7686,32.262],[68.7225,32.2656],[68.7005,32.2635],[68.686,32.2594],[68.6642,32.2558],[68.6471,32.2545],[68.6084,32.2636],[68.5918,32.2697],[68.5736,32.2795],[68.5665,32.2811],[68.541,32.2943],[68.5289,32.3094],[68.5166,32.3204],[68.5135,32.3277],[68.5163,32.3463],[68.5241,32.3606],[68.5309,32.3828],[68.5314,32.3997],[68.5355,32.4227],[68.5451,32.4453],[68.5595,32.4672],[68.5702,32.4767],[68.5866,32.4964],[68.599,32.521],[68.6044,32.5435],[68.6096,32.5559],[68.6252,32.5802],[68.6439,32.5986],[68.6591,32.6194],[68.6667,32.6385],[68.6787,32.6479],[68.7032,32.6612],[68.713,32.6698],[68.715,32.6846],[68.7095,32.7186],[68.7088,32.737],[68.7113,32.7424],[68.7239,32.7552],[68.7278,32.7769],[68.7347,32.7868],[68.7466,32.7961],[68.7714,32.8018],[68.793,32.7997],[68.8061,32.796],[68.8314,32.7947],[68.8464,32.7954],[68.8648,32.7997],[68.8697,32.8026],[68.8772,32.8111],[68.8899,32.8472],[68.8935,32.8666],[68.9001,32.8837],[68.9297,32.8861],[68.9402,32.8853],[68.9502,32.8824],[68.9762,32.8824],[68.9909,32.8783],[68.9977,32.8748],[68.9989,32.8642],[68.9976,32.8521],[68.974,32.7601],[68.9613,32.7014],[68.9606,32.686],[68.9627,32.6761],[68.971,32.6573],[68.9716,32.6444],[68.9644,32.6224],[68.9526,32.5996],[68.9497,32.5843],[68.952,32.5767],[68.9572,32.572],[68.9671,32.569],[68.9852,32.5765],[69.0195,32.6],[69.0545,32.6284]]]]}},{"type":"Feature","properties":{"district_id":"af-paktika-matakhan","name":"MataKhan","country":"AFG","province":"Paktika"},"geometry":{"type":"MultiPolygon","coordinates":[[[[68.8876,33.1612],[68.8842,33.1701],[68.8404,33.2116],[68.8313,33.2227],[68.8098,33.24],[68.7963,33.2668],[68.7831,33.2802],[68.7766,33.2932],[68.7722,33.3171],[68.7766,33.3479],[68.7679,33.3839],[68.7904,33.3884],[68.8101,33.3999],[68.822,33.4021],[68.833,33.4012],[68.8686,33.3917],[68.8882,33.3843],[68.9151,33.3795],[68.9446,33.3822],[68.9535,33.3814],[68.9611,33.3796],[68.9673,33.3756],[68.9737,33.3612],[68.9753,33.3419],[68.9745,33.3267],[68.9846,33.2982],[68.987,33.2842],[68.982,33.2637],[68.9818,33.2463],[68.9865,33.2304],[68.9848,33.2141],[68.9789,33.2034],[68.9758,33.1894],[68.9562,33.1923],[68.9457,33.1903],[68.9317,33.1795],[68.8876,33.1612]]]]}},{"type":"Feature","properties":{"district_id":"af-paktika-nika","name":"Nika","country":"AFG","province":"Paktika"},"geometry":{"type":"MultiPolygon","coordinates":[[[[69.3276,33.2493],[69.3167,33.2331],[69.3148,33.2158],[69.3125,33.2086],[69.3039,33.1975],[69.288,33.1716],[69.2775,33.1624],[69.2427,33.1197],[69.2285,33.1244],[69.2092,33.1249],[69.1745,33.1388],[69.1779,33.1528],[69.179,33.1656],[69.1755,33.1898],[69.1751,33.221],[69.1835,33.2242],[69.1943,33.2321],[69.2028,33.2444],[69.2227,33.263],[69.2309,33.2774],[69.235,33.2798],[69.2418,33.28],[69.249,33.2772],[69.2517,33.2734],[69.2522,33.2588],[69.2586,33.2549],[69.2833,33.2514],[69.3276,33.2493]]]]}},{"type":"Feature","properties":{"district_id":"af-paktika-omna","name":"Omna","country":"AFG","province":"Paktika"},"geometry":{"type":"MultiPolygon","coordinates":[[[[68.9001,32.8837],[68.8935,32.8666],[68.8899,32.8472],[68.8772,32.8111],[68.8697,32.8026],[68.8648,32.7997],[68.8464,32.7954],[68.8314,32.7947],[68.8061,32.796],[68.793,32.7997],[68.7714,32.8018],[68.7466,32.7961],[68.7347,32.7868],[68.7278,32.7769],[68.7239,32.7552],[68.7113,32.7424],[68.682,32.7423],[68.6633,32.7452],[68.6479,32.756],[68.644,32.7614],[68.6427,32.767],[68.6445,32.7793],[68.6753,32.8236],[68.692,32.856],[68.726,32.9013],[68.7694,32.9454],[68.7875,32.9729],[68.7912,32.9899],[68.7902,33.0042],[68.786,33.014],[68.7749,33.0211],[68.7977,33.0315],[68.809,33.0334],[68.8226,33.0281],[68.8534,33.022],[68.8944,33.0387],[68.911,33.0283],[68.9325,33.0039],[68.9408,32.9854],[68.9432,32.9736],[68.942,32.9613],[68.9377,32.9474],[68.9153,32.9176],[68.9054,32.8999],[68.9001,32.8837]]]]}},{"type":"Feature","properties":{"district_id":"af-paktika-sarhawza","name":"SarHawza","country":"AFG","province":"Paktika"},"geometry":{"type":"MultiPolygon","coordinates":[[[[68.9977,32.8748],[68.9909,32.8783],[68.9762,32.8824],[68.9502,32.8824],[68.9402,32.8853],[68.9297,32.8861],[68.9001,32.8837],[68.9054,32.8999],[68.9153,32.9176],[68.9377,32.9474],[68.942,32.9613],[68.9432,32.9736],[68.9408,32.9854],[68.9325,33.0039],[68.911,33.0283],[68.8944,33.0387],[68.8972,33.0773],[68.8897,33.0972],[68.876,33.121],[68.8741,33.133],[68.8757,33.145],[68.8876,33.1612],[68.9317,33.1795],[68.9457,33.1903],[68.9562,33.1923],[68.9758,33.1894],[68.9754,33.1748],[68.9815,33.1557],[68.9872,33.1493],[68.9977,33.143],[69.0049,33.1429],[69.0114,33.145],[69.0301,33.1592],[69.0447,33.166],[69.0508,33.1716],[69.0627,33.1765],[69.095,33.2042],[69.1086,33.2078],[69.1272,33.2089],[69.1537,33.2196],[69.1751,33.221],[69.1755,33.1898],[69.179,33.1656],[69.1779,33.1528],[69.1745,33.1388],[69.1537,33.0928],[69.1458,33.083],[69.1406,33.0732],[69.1374,33.052],[69.1382,33.0379],[69.1441,33.0136],[69.1433,33.0052],[69.138,32.9923],[69.1202,32.9707],[69.1047,32.9364],[69.0746,32.9028],[69.0511,32.887],[69.0355,32.8805],[69.0175,32.8704],[69.0087,32.8696],[68.9977,32.8748]]]]}},{"type":"Feature","properties":{"district_id":"af-paktika-sarobi","name":"Sarobi","country":"AFG","province":"Paktika"},"geometry":{"type":"MultiPolygon","coordinates":[[[[69.1887,32.8489],[69.1568,32.804],[69.1468,32.7775],[69.1446,32.7666],[69.1356,32.7538],[69.109,32.7356],[69.098,32.7218],[69.0885,32.7048],[69.0743,32.6714],[69.0665,32.6475],[69.0545,32.6284],[69.0195,32.6],[68.9852,32.5765],[68.9671,32.569],[68.9572,32.572],[68.952,32.5767],[68.9497,32.5843],[68.9502,32.5904],[68.9526,32.5996],[68.9644,32.6224],[68.9716,32.6444],[68.971,32.6573],[68.9627,32.6761],[68.9606,32.686],[68.9613,32.7014],[68.974,32.7601],[68.9976,32.8521],[68.9989,32.8642],[68.9977,32.8748],[69.0087,32.8696],[69.0175,32.8704],[69.0304,32.8675],[69.0394,32.8636],[69.0702,32.8624],[69.1014,32.8452],[69.12,32.8408],[69.1597,32.841],[69.1749,32.8436],[69.1887,32.8489]]]]}},{"type":"Feature","properties":{"district_id":"af-paktika-sharan","name":"Sharan","country":"AFG","province":"Paktika"},"geometry":{"type":"MultiPolygon","coordinates":[[[[68.5585,33.1614],[68.5675,33.1663],[68.5989,33.1901],[68.6161,33.1993],[68.6373,33.2139],[68.6537,33.2336],[68.6571,33.2424],[68.6577,33.2517],[68.6488,33.283],[68.6497,33.2917],[68.6525,33.299],[68.6667,33.3194],[68.7365,33.3671],[68.7679,33.3839],[68.7766,33.3479],[68.7722,33.3171],[68.7766,33.2932],[68.7831,33.2802],[68.7963,33.2668],[68.8098,33.24],[68.8313,33.2227],[68.8404,33.2116],[68.8842,33.1701],[68.8876,33.1612],[68.8757,33.145],[68.8741,33.133],[68.876,33.121],[68.8897,33.0972],[68.8972,33.0773],[68.8944,33.0387],[68.8534,33.022],[68.8226,33.0281],[68.809,33.0334],[68.7977,33.0315],[68.7749,33.0211],[68.7598,33.0161],[68.7193,33.0141],[68.6787,33.018],[68.6453,33.0081],[68.6265,32.9958],[68.5817,32.9743],[68.5539,32.9576],[68.5395,32.9513],[68.5302,32.9502],[68.5155,32.9528],[68.5036,32.9581],[68.4947,32.9674],[68.4808,32.9865],[68.4675,32.9992],[68.4747,33.0123],[68.4769,33.0224],[68.4807,33.069],[68.4898,33.0863],[68.4947,33.1071],[68.5058,33.1221],[68.5175,33.1318],[68.5352,33.1431],[68.544,33.154],[68.5585,33.1614]]]]}},{"type":"Feature","properties":{"district_id":"af-paktika-urgun","name":"Urgun","country":"AFG","province":"Paktika"},"geometry":{"type":"MultiPolygon","coordinates":[[[[69.3346,32.9078],[69.2774,32.9042],[69.2557,32.8993],[69.2463,32.8952],[69.2314,32.885],[69.2192,32.8742],[69.2038,32.857],[69.1947,32.8511],[69.1749,32.8436],[69.1597,32.841],[69.12,32.8408],[69.1014,32.8452],[69.0702,32.8624],[69.0394,32.8636],[69.0304,32.8675],[69.0175,32.8704],[69.0355,32.8805],[69.0511,32.887],[69.0746,32.9028],[69.1047,32.9364],[69.1202,32.9707],[69.138,32.9923],[69.1433,33.0052],[69.1441,33.0136],[69.1382,33.0379],[69.1374,33.052],[69.1406,33.0732],[69.1458,33.083],[69.1537,33.0928],[69.1745,33.1388],[69.2092,33.1249],[69.2285,33.1244],[69.2427,33.1197],[69.2605,33.1088],[69.2839,33.0985],[69.3004,33.0956],[69.3206,33.0943],[69.3314,33.0908],[69.3385,33.0839],[69.3515,33.0665],[69.344,33.0154],[69.3207,32.9651],[69.319,32.9504],[69.3231,32.928],[69.3283,32.9157],[69.3346,32.9078]]]]}},{"type":"Feature","properties":{"district_id":"af-paktika-wazakhwa","name":"Wazakhwa","country":"AFG","province":"Paktika"},"geometry":{"type":"MultiPolygon","coordinates":[[[[68.0631,32.0763],[68.064,32.0873],[68.0706,32.0965],[68.0759,32.1089],[68.0792,32.1326],[68.0855,32.1498],[68.0872,32.163],[68.0868,32.1821],[68.0818,32.2043],[68.0668,32.233],[68.0629,32.2505],[68.0624,32.2716],[68.0705,32.2937],[68.081,32.2849],[68.0877,32.2826],[68.1096,32.2795],[68.1197,32.2842],[68.1335,32.2973],[68.1506,32.3012],[68.1594,32.2976],[68.1707,32.2897],[68.196,32.2795],[68.2131,32.2784],[68.2219,32.2805],[68.234,32.2901],[68.2482,32.3109],[68.2746,32.342],[68.3106,32.3946],[68.3182,32.4084],[68.3216,32.421],[68.3156,32.4442],[68.3078,32.4586],[68.2966,32.4719],[68.2929,32.4846],[68.2905,32.5055],[68.2921,32.5208],[68.2941,32.5272],[68.3031,32.5377],[68.3209,32.5492],[68.3377,32.554],[68.3698,32.5576],[68.38,32.5628],[68.3875,32.5703],[68.3919,32.585],[68.4108,32.5546],[68.4197,32.5498],[68.4415,32.5444],[68.4942,32.5349],[68.5067,32.529],[68.5128,32.5174],[68.5124,32.4995],[68.5094,32.4788],[68.5111,32.4725],[68.526,32.4531],[68.534,32.4484],[68.5451,32.4453],[68.5355,32.4227],[68.5314,32.3997],[68.5309,32.3828],[68.5241,32.3606],[68.5163,32.3463],[68.5135,32.3277],[68.5166,32.3204],[68.5289,32.3094],[68.541,32.2943],[68.5665,32.2811],[68.5695,32.2741],[68.5711,32.2553],[68.5619,32.2168],[68.5477,32.184],[68.5218,32.139],[68.5163,32.1243],[68.5153,32.1124],[68.5192,32.0893],[68.5469,32.0013],[68.5639,31.9686],[68.5647,31.9584],[68.5627,31.9418],[68.5445,31.898],[68.5415,31.8819],[68.5294,31.8447],[68.5254,31.8042],[68.4672,31.7747],[68.4513,31.7706],[68.4331,31.7632],[68.4476,31.7579],[68.4637,31.7481],[68.4984,31.7538],[68.5264,31.7543],[68.5261,31.7237],[68.5009,31.7383],[68.4904,31.7404],[68.4801,31.7394],[68.4453,31.7425],[68.4361,31.7471],[68.4218,31.7574],[68.372,31.7585],[68.2866,31.757],[68.2722,31.7651],[68.251,31.7853],[68.2594,31.8015],[68.2413,31.8064],[68.1775,31.8145],[68.1718,31.8226],[68.1689,31.8342],[68.1541,31.8174],[68.1444,31.8012],[68.1404,31.7981],[68.1167,31.7587],[68.1087,31.753],[68.0821,31.7643],[68.0578,31.7783],[68.0446,31.789],[68.0298,31.8054],[68.0249,31.8146],[68.0202,31.8312],[68.0192,31.843],[68.0215,31.8624],[68.0382,31.8981],[68.0608,31.9259],[68.0791,31.952],[68.083,31.975],[68.0935,31.9888],[68.0962,31.9991],[68.0945,32.0171],[68.0831,32.0493],[68.0752,32.0635],[68.0631,32.0763]]]]}},{"type":"Feature","properties":{"district_id":"af-paktika-wolmamay","name":"Wolmamay","country":"AFG","province":"Paktika"},"geometry":{"type":"MultiPolygon","coordinates":[[[[68.5264,31.7543],[68.5385,31.7546],[68.582,31.7503],[68.5746,31.7349],[68.5635,31.7198],[68.5563,31.7148],[68.5371,31.714],[68.5261,31.7237],[68.5264,31.7543]]],[[[68.5736,32.2795],[68.5918,32.2697],[68.6084,32.2636],[68.6471,32.2545],[68.6642,32.2558],[68.686,32.2594],[68.7005,32.2635],[68.7225,32.2656],[68.7686,32.262],[68.7901,32.2555],[68.803,32.2465],[68.808,32.2397],[68.8129,32.2279],[68.8209,32.2165],[68.8589,32.1901],[68.8672,32.1877],[68.8773,32.1875],[68.8964,32.1908],[68.9071,32.1905],[68.9237,32.1843],[68.9328,32.1726],[68.9416,32.1524],[68.9446,32.1414],[68.9533,32.1235],[68.9723,32.0931],[68.9765,32.0806],[68.9829,32.069],[69.0021,32.0167],[69.0087,32.0072],[69.0171,32.0016],[69.0367,31.9949],[69.0626,31.9827],[69.1007,31.9775],[69.1144,31.9709],[69.1442,31.9653],[69.1694,31.9551],[69.2288,31.9417],[69.2569,31.9251],[69.2892,31.9156],[69.2777,31.9115],[69.2719,31.9062],[69.2626,31.8866],[69.2311,31.8626],[69.2106,31.8541],[69.2034,31.8526],[69.1976,31.8484],[69.1923,31.83],[69.1858,31.8233],[69.1809,31.8095],[69.1747,31.8],[69.1563,31.7839],[69.149,31.7589],[69.1353,31.7479],[69.1274,31.7245],[69.12,31.7202],[69.121,31.7099],[69.1179,31.7033],[69.0965,31.6936],[69.0665,31.6672],[69.0468,31.6598],[69.0315,31.6502],[69.0242,31.6421],[69.021,31.6267],[69.0109,31.6247],[69.0009,31.6282],[68.9934,31.627],[68.9859,31.628],[68.9783,31.6361],[68.9689,31.6355],[68.9616,31.6405],[68.9492,31.6458],[68.9444,31.6422],[68.9337,31.6205],[68.9285,31.6134],[68.9169,31.6047],[68.9006,31.6012],[68.872,31.6017],[68.8587,31.5983],[68.8483,31.5974],[68.8418,31.5991],[68.8315,31.6058],[68.8219,31.605],[68.8122,31.6096],[68.8049,31.61],[68.7827,31.6353],[68.7779,31.6551],[68.7735,31.661],[68.7519,31.6695],[68.7428,31.6795],[68.717,31.6966],[68.7139,31.7021],[68.7157,31.7161],[68.7093,31.751],[68.7018,31.7699],[68.6822,31.7737],[68.6395,31.7756],[68.6322,31.7783],[68.5821,31.8209],[68.5701,31.828],[68.5254,31.8042],[68.5294,31.8447],[68.5415,31.8819],[68.5445,31.898],[68.5627,31.9418],[68.5647,31.9584],[68.5639,31.9686],[68.5469,32.0013],[68.5192,32.0893],[68.5153,32.1124],[68.5163,32.1243],[68.5218,32.139],[68.5477,32.184],[68.5619,32.2168],[68.5711,32.2553],[68.5695,32.2741],[68.5665,32.2811],[68.5736,32.2795]]]]}},{"type":"Feature","properties":{"district_id":"af-paktika-zarghunshahr","name":"ZarghunShahr","country":"AFG","province":"Paktika"},"geometry":{"type":"MultiPolygon","coordinates":[[[[68.2475,32.7737],[68.2537,32.7805],[68.2592,32.7921],[68.2588,32.8017],[68.2558,32.8117],[68.256,32.8198],[68.2602,32.8288],[68.2766,32.8392],[68.2918,32.8441],[68.303,32.8507],[68.3181,32.8632],[68.3253,32.8713],[68.3282,32.8772],[68.3552,32.9074],[68.3726,32.9305],[68.3961,32.9553],[68.4161,32.967],[68.4472,32.9815],[68.4675,32.9992],[68.4808,32.9865],[68.4947,32.9674],[68.5036,32.9581],[68.5155,32.9528],[68.5302,32.9502],[68.5395,32.9513],[68.5539,32.9576],[68.5817,32.9743],[68.6265,32.9958],[68.6453,33.0081],[68.6787,33.018],[68.7193,33.0141],[68.7598,33.0161],[68.7749,33.0211],[68.786,33.014],[68.7902,33.0042],[68.7912,32.9899],[68.7875,32.9729],[68.7694,32.9454],[68.726,32.9013],[68.692,32.856],[68.6753,32.8236],[68.6445,32.7793],[68.6427,32.767],[68.644,32.7614],[68.6479,32.756],[68.6633,32.7452],[68.682,32.7423],[68.7113,32.7424],[68.7088,32.737],[68.7095,32.7186],[68.715,32.6846],[68.713,32.6698],[68.7032,32.6612],[68.6787,32.6479],[68.6667,32.6385],[68.6591,32.6194],[68.6439,32.5986],[68.6252,32.5802],[68.6096,32.5559],[68.6044,32.5435],[68.599,32.521],[68.5866,32.4964],[68.5702,32.4767],[68.5595,32.4672],[68.5451,32.4453],[68.534,32.4484],[68.526,32.4531],[68.5111,32.4725],[68.5094,32.4788],[68.5124,32.4995],[68.5128,32.5174],[68.5067,32.529],[68.4942,32.5349],[68.4415,32.5444],[68.4197,32.5498],[68.4108,32.5546],[68.3919,32.585],[68.3931,32.6101],[68.3914,32.6238],[68.3844,32.6397],[68.3719,32.6544],[68.359,32.6583],[68.3072,32.6657],[68.2903,32.6703],[68.277,32.6787],[68.273,32.6881],[68.27,32.7265],[68.2636,32.7512],[68.2475,32.7737]]]]}},{"type":"Feature","properties":{"district_id":"af-paktika-ziluk","name":"Ziluk","country":"AFG","province":"Paktika"},"geometry":{"type":"MultiPolygon","coordinates":[[[[69.3923,33.2624],[69.402,33.2594],[69.4164,33.252],[69.4416,33.233],[69.4536,33.2167],[69.4679,33.1841],[69.4676,33.1762],[69.4583,33.1616],[69.436,33.1462],[69.4303,33.1387],[69.4207,33.1298],[69.3659,33.089],[69.3558,33.0799],[69.3525,33.0734],[69.3515,33.0665],[69.3385,33.0839],[69.3314,33.0908],[69.3206,33.0943],[69.3004,33.0956],[69.2839,33.0985],[69.2605,33.1088],[69.2427,33.1197],[69.2775,33.1624],[69.288,33.1716],[69.3039,33.1975],[69.3125,33.2086],[69.3148,33.2158],[69.3167,33.2331],[69.3276,33.2493],[69.338,33.2604],[69.3469,33.2643],[69.3552,33.2635],[69.3661,33.2559],[69.3762,33.2534],[69.3829,33.2558],[69.3923,33.2624]]]]}},{"type":"Feature","properties":{"district_id":"af-paktya-azro","name":"Azro","country":"AFG","province":"Paktya"},"geometry":{"type":"MultiPolygon","coordinates":[[[[69.476,33.9694],[69.4605,33.995],[69.4495,34.0076],[69.444,34.0189],[69.4383,34.0251],[69.397,34.0521],[69.3892,34.0601],[69.4047,34.0696],[69.4079,34.0744],[69.4121,34.0979],[69.4219,34.112],[69.4674,34.1388],[69.5007,34.1615],[69.5102,34.1654],[69.5179,34.1764],[69.5243,34.1815],[69.5336,34.1858],[69.5439,34.1983],[69.5519,34.2039],[69.5904,34.2084],[69.606,34.2083],[69.6326,34.2107],[69.6484,34.2169],[69.6688,34.229],[69.6926,34.2391],[69.7382,34.252],[69.7582,34.2538],[69.7716,34.249],[69.779,34.242],[69.7864,34.2283],[69.8015,34.2178],[69.8137,34.2069],[69.831,34.1828],[69.841,34.1512],[69.8484,34.1364],[69.8656,34.1189],[69.8748,34.1054],[69.8843,34.0959],[69.8927,34.0835],[69.8961,34.0716],[69.9058,34.0588],[69.9088,34.0419],[69.9049,34.0273],[69.901,34.0199],[69.8965,34.0163],[69.86,33.9995],[69.8255,33.9944],[69.8154,33.9972],[69.8074,34.0016],[69.792,34.0166],[69.7809,34.0224],[69.7747,34.024],[69.7481,34.0218],[69.7325,34.0168],[69.7096,34.005],[69.6964,34.0051],[69.6872,34.0135],[69.6865,34.023],[69.6831,34.0312],[69.6787,34.035],[69.668,34.038],[69.6626,34.0493],[69.6523,34.0528],[69.6306,34.0521],[69.6129,34.0591],[69.5607,34.0565],[69.5486,34.0528],[69.5262,34.0421],[69.5089,34.0273],[69.5032,34.0147],[69.4979,34.0079],[69.4955,33.9912],[69.4925,33.9861],[69.476,33.9694]]]]}},{"type":"Feature","properties":{"district_id":"af-paktya-chamkani","name":"Chamkani","country":"AFG","province":"Paktya"},"geometry":{"type":"MultiPolygon","coordinates":[[[[69.8851,33.7303],[69.8764,33.7293],[69.862,33.7197],[69.8328,33.7048],[69.8195,33.7029],[69.7825,33.7031],[69.7615,33.6943],[69.725,33.6924],[69.71,33.6883],[69.6757,33.6894],[69.7099,33.726],[69.7165,33.7309],[69.7455,33.7433],[69.754,33.749],[69.7627,33.7595],[69.7638,33.7742],[69.7575,33.7866],[69.7343,33.8035],[69.7279,33.8291],[69.7292,33.846],[69.7374,33.8685],[69.7495,33.8872],[69.7624,33.9021],[69.8368,33.9053],[69.8352,33.9003],[69.8358,33.8922],[69.8395,33.8842],[69.8505,33.8721],[69.859,33.8656],[69.863,33.8587],[69.8867,33.8394],[69.8939,33.8254],[69.8927,33.8117],[69.8865,33.7963],[69.8787,33.7848],[69.8717,33.765],[69.873,33.7541],[69.8851,33.7303]]]]}},{"type":"Feature","properties":{"district_id":"af-paktya-dandwapatan","name":"DandWaPatan","country":"AFG","province":"Paktya"},"geometry":{"type":"MultiPolygon","coordinates":[[[[70.0281,33.7418],[70.0052,33.7214],[69.9835,33.7127],[69.9705,33.7055],[69.9613,33.692],[69.9543,33.6856],[69.9493,33.6839],[69.9254,33.6835],[69.9179,33.6805],[69.9032,33.6982],[69.8912,33.725],[69.8851,33.7303],[69.873,33.7541],[69.8717,33.765],[69.8787,33.7848],[69.8865,33.7963],[69.8927,33.8117],[69.8939,33.8254],[69.8867,33.8394],[69.863,33.8587],[69.859,33.8656],[69.8505,33.8721],[69.8395,33.8842],[69.8358,33.8922],[69.8352,33.9003],[69.8368,33.9053],[69.846,33.9092],[69.8773,33.928],[69.9087,33.9086],[69.9178,33.8968],[69.9285,33.8732],[69.9371,33.8647],[69.9509,33.8439],[69.9704,33.8235],[69.9678,33.7997],[69.972,33.7699],[69.9767,33.7616],[69.9905,33.7474],[70.0005,33.7412],[70.0042,33.7402],[70.0196,33.7438],[70.0281,33.7418]]]]}},{"type":"Feature","properties":{"district_id":"af-paktya-gardez","name":"Gardez","country":"AFG","province":"Paktya"},"geometry":{"type":"MultiPolygon","coordinates":[[[[69.0326,33.6164],[69.0315,33.6377],[69.0348,33.647],[69.0392,33.6504],[69.049,33.6525],[69.0663,33.6516],[69.0751,33.6576],[69.0851,33.6736],[69.0879,33.683],[69.0849,33.6908],[69.0779,33.6987],[69.0783,33.7059],[69.0864,33.7163],[69.1137,33.7352],[69.1189,33.7363],[69.1315,33.7435],[69.1541,33.761],[69.1739,33.7737],[69.1898,33.781],[69.2127,33.7864],[69.2283,33.775],[69.2381,33.7595],[69.2463,33.7514],[69.2525,33.7404],[69.2535,33.7198],[69.2431,33.7007],[69.2393,33.6769],[69.2401,33.6703],[69.2472,33.6615],[69.2624,33.6589],[69.282,33.662],[69.3007,33.6605],[69.3576,33.6417],[69.3704,33.6329],[69.3876,33.6135],[69.4097,33.5968],[69.4163,33.5896],[69.4453,33.5658],[69.4732,33.5558],[69.5057,33.549],[69.5028,33.5368],[69.4918,33.513],[69.4897,33.5041],[69.4783,33.5026],[69.4649,33.4985],[69.4611,33.5008],[69.4468,33.5031],[69.4211,33.5027],[69.3772,33.492],[69.3482,33.4793],[69.3264,33.4641],[69.3004,33.4515],[69.2926,33.4696],[69.2816,33.488],[69.2693,33.502],[69.2651,33.5042],[69.2149,33.515],[69.1948,33.5158],[69.1809,33.5204],[69.1576,33.519],[69.1453,33.526],[69.138,33.5368],[69.1317,33.5581],[69.1253,33.5647],[69.1165,33.5803],[69.1062,33.59],[69.0877,33.6027],[69.0812,33.609],[69.0695,33.6143],[69.0436,33.6184],[69.0326,33.6164]]]]}},{"type":"Feature","properties":{"district_id":"af-paktya-jadran","name":"Jadran","country":"AFG","province":"Paktya"},"geometry":{"type":"MultiPolygon","coordinates":[[[[69.5813,33.4723],[69.5763,33.4532],[69.5686,33.4398],[69.5565,33.4263],[69.4965,33.3734],[69.4763,33.3622],[69.4631,33.3508],[69.4553,33.3331],[69.4472,33.3232],[69.4443,33.3163],[69.4444,33.2944],[69.4286,33.2862],[69.4057,33.283],[69.3971,33.2771],[69.3934,33.2719],[69.3923,33.2624],[69.3829,33.2558],[69.3762,33.2534],[69.3661,33.2559],[69.3552,33.2635],[69.3469,33.2643],[69.338,33.2604],[69.3276,33.2493],[69.2833,33.2514],[69.2586,33.2549],[69.2522,33.2588],[69.2517,33.2734],[69.249,33.2772],[69.2418,33.28],[69.262,33.3372],[69.2821,33.3832],[69.2868,33.4065],[69.2951,33.4314],[69.3257,33.416],[69.3319,33.4092],[69.3429,33.4026],[69.3579,33.3996],[69.3725,33.3914],[69.383,33.3902],[69.4015,33.3943],[69.4155,33.4003],[69.4258,33.4182],[69.4282,33.4418],[69.4378,33.4558],[69.45,33.4644],[69.4596,33.4736],[69.4649,33.4985],[69.4783,33.5026],[69.4897,33.5041],[69.5098,33.5044],[69.5639,33.5204],[69.5829,33.5238],[69.5831,33.4832],[69.5813,33.4723]]]]}},{"type":"Feature","properties":{"district_id":"af-paktya-jaji","name":"Jaji","country":"AFG","province":"Paktya"},"geometry":{"type":"MultiPolygon","coordinates":[[[[69.4135,33.9205],[69.4295,33.9426],[69.4368,33.9476],[69.4652,33.9588],[69.4925,33.9861],[69.4955,33.9912],[69.4979,34.0079],[69.5032,34.0147],[69.5089,34.0273],[69.5262,34.0421],[69.5486,34.0528],[69.5607,34.0565],[69.6129,34.0591],[69.6306,34.0521],[69.6523,34.0528],[69.6626,34.0493],[69.668,34.038],[69.6787,34.035],[69.6831,34.0312],[69.6865,34.023],[69.6872,34.0135],[69.6964,34.0051],[69.7096,34.005],[69.7325,34.0168],[69.7481,34.0218],[69.7747,34.024],[69.7809,34.0224],[69.792,34.0166],[69.8074,34.0016],[69.8154,33.9972],[69.8255,33.9944],[69.86,33.9995],[69.8965,34.0163],[69.901,34.0199],[69.9049,34.0273],[69.9088,34.0419],[69.9201,34.0295],[69.9197,34.0251],[69.912,34.0225],[69.9084,34.0154],[69.9067,34.005],[69.9106,33.9841],[69.9052,33.9779],[69.887,33.972],[69.8802,33.959],[69.8745,33.9518],[69.8716,33.934],[69.8773,33.928],[69.846,33.9092],[69.8368,33.9053],[69.7449,33.9022],[69.7334,33.9047],[69.7027,33.9065],[69.6853,33.9128],[69.6808,33.9172],[69.6791,33.9346],[69.6734,33.9399],[69.667,33.9422],[69.6344,33.9446],[69.6177,33.9422],[69.6002,33.9421],[69.5662,33.9265],[69.542,33.9221],[69.4965,33.8989],[69.4742,33.8941],[69.4556,33.893],[69.4382,33.8991],[69.4195,33.9094],[69.4162,33.913],[69.4135,33.9205]]]]}},{"type":"Feature","properties":{"district_id":"af-paktya-janikhel","name":"JaniKhel","country":"AFG","province":"Paktya"},"geometry":{"type":"MultiPolygon","coordinates":[[[[69.9179,33.6805],[69.9095,33.6756],[69.8966,33.6639],[69.8467,33.6477],[69.8365,33.6415],[69.8278,33.6325],[69.824,33.62],[69.8173,33.6151],[69.8022,33.6172],[69.7971,33.6148],[69.7956,33.5989],[69.7832,33.5983],[69.7562,33.6088],[69.7264,33.6101],[69.7011,33.6079],[69.6539,33.5891],[69.6261,33.5749],[69.6086,33.5628],[69.5898,33.5385],[69.5829,33.5238],[69.5639,33.5204],[69.5098,33.5044],[69.4897,33.5041],[69.4918,33.513],[69.5028,33.5368],[69.5057,33.549],[69.513,33.5641],[69.5232,33.5763],[69.5398,33.6053],[69.5542,33.6245],[69.5674,33.654],[69.5839,33.6504],[69.6075,33.6518],[69.6412,33.6594],[69.6532,33.6661],[69.6757,33.6894],[69.71,33.6883],[69.725,33.6924],[69.7615,33.6943],[69.7825,33.7031],[69.8195,33.7029],[69.8328,33.7048],[69.862,33.7197],[69.8764,33.7293],[69.8851,33.7303],[69.8912,33.725],[69.9032,33.6982],[69.9179,33.6805]]]]}},{"type":"Feature","properties":{"district_id":"af-paktya-lijamangal","name":"LijaMangal","country":"AFG","province":"Paktya"},"geometry":{"type":"MultiPolygon","coordinates":[[[[69.7624,33.9021],[69.7495,33.8872],[69.7374,33.8685],[69.7292,33.846],[69.7279,33.8291],[69.7343,33.8035],[69.7575,33.7866],[69.7638,33.7742],[69.7627,33.7595],[69.754,33.749],[69.7455,33.7433],[69.7165,33.7309],[69.7099,33.726],[69.6532,33.6661],[69.6479,33.6625],[69.6412,33.6594],[69.6075,33.6518],[69.5839,33.6504],[69.5674,33.654],[69.5721,33.6667],[69.5725,33.6756],[69.5689,33.6882],[69.5625,33.6981],[69.5619,33.704],[69.5659,33.7169],[69.5748,33.7366],[69.5723,33.7611],[69.5735,33.768],[69.5843,33.7898],[69.5863,33.8024],[69.5861,33.8238],[69.5792,33.8369],[69.5565,33.8597],[69.5451,33.8662],[69.5241,33.8715],[69.5169,33.8766],[69.515,33.8835],[69.516,33.8922],[69.5186,33.9033],[69.523,33.9119],[69.542,33.9221],[69.5662,33.9265],[69.6002,33.9421],[69.6177,33.9422],[69.6344,33.9446],[69.667,33.9422],[69.6734,33.9399],[69.6791,33.9346],[69.6808,33.9172],[69.6853,33.9128],[69.6952,33.9082],[69.7334,33.9047],[69.7449,33.9022],[69.7624,33.9021]]]]}},{"type":"Feature","properties":{"district_id":"af-paktya-sayidkaram","name":"SayidKaram","country":"AFG","province":"Paktya"},"geometry":{"type":"MultiPolygon","coordinates":[[[[69.3559,33.8674],[69.3741,33.8829],[69.3845,33.8988],[69.4135,33.9205],[69.4162,33.913],[69.4195,33.9094],[69.4382,33.8991],[69.4556,33.893],[69.4742,33.8941],[69.4965,33.8989],[69.523,33.9119],[69.5186,33.9033],[69.516,33.8922],[69.515,33.8835],[69.5169,33.8766],[69.5241,33.8715],[69.5451,33.8662],[69.5565,33.8597],[69.5792,33.8369],[69.5861,33.8238],[69.5863,33.8024],[69.5843,33.7898],[69.5735,33.768],[69.5723,33.7611],[69.5748,33.7366],[69.5659,33.7169],[69.5619,33.704],[69.5625,33.6981],[69.5689,33.6882],[69.5725,33.6756],[69.5721,33.6667],[69.5542,33.6245],[69.5398,33.6053],[69.5232,33.5763],[69.513,33.5641],[69.5057,33.549],[69.4732,33.5558],[69.4453,33.5658],[69.4163,33.5896],[69.4097,33.5968],[69.3876,33.6135],[69.3704,33.6329],[69.3576,33.6417],[69.3007,33.6605],[69.282,33.662],[69.2624,33.6589],[69.2472,33.6615],[69.2401,33.6703],[69.2393,33.6769],[69.2431,33.7007],[69.2535,33.7198],[69.2525,33.7404],[69.2463,33.7514],[69.2381,33.7595],[69.2283,33.775],[69.2127,33.7864],[69.2307,33.7942],[69.2609,33.8106],[69.2684,33.8126],[69.2919,33.814],[69.3034,33.8187],[69.314,33.8282],[69.3227,33.8393],[69.3425,33.8576],[69.3559,33.8674]]]]}},{"type":"Feature","properties":{"district_id":"af-paktya-shamul","name":"Shamul","country":"AFG","province":"Paktya"},"geometry":{"type":"MultiPolygon","coordinates":[[[[69.5068,33.3821],[69.5075,33.3749],[69.51,33.3708],[69.5189,33.3626],[69.5359,33.3513],[69.5611,33.3264],[69.5659,33.3184],[69.5702,33.315],[69.5812,33.2943],[69.5818,33.2861],[69.579,33.2809],[69.5616,33.2686],[69.5114,33.2487],[69.5019,33.248],[69.4964,33.2505],[69.4906,33.2571],[69.4812,33.2746],[69.4641,33.2899],[69.4534,33.2951],[69.4444,33.2944],[69.4443,33.3163],[69.4472,33.3232],[69.4553,33.3331],[69.4631,33.3508],[69.4763,33.3622],[69.4965,33.3734],[69.5068,33.3821]]]]}},{"type":"Feature","properties":{"district_id":"af-paktya-shwak","name":"Shwak","country":"AFG","province":"Paktya"},"geometry":{"type":"MultiPolygon","coordinates":[[[[69.3004,33.4515],[69.3264,33.4641],[69.3482,33.4793],[69.3772,33.492],[69.4211,33.5027],[69.4468,33.5031],[69.4611,33.5008],[69.4649,33.4985],[69.4596,33.4736],[69.45,33.4644],[69.4378,33.4558],[69.4282,33.4418],[69.4258,33.4182],[69.4155,33.4003],[69.4015,33.3943],[69.383,33.3902],[69.3725,33.3914],[69.3579,33.3996],[69.3429,33.4026],[69.3319,33.4092],[69.3257,33.416],[69.2951,33.4314],[69.3004,33.4515]]]]}},{"type":"Feature","properties":{"district_id":"af-paktya-zurmat","name":"Zurmat","country":"AFG","province":"Paktya"},"geometry":{"type":"MultiPolygon","coordinates":[[[[68.7679,33.3839],[68.7713,33.3978],[68.7878,33.426],[68.7925,33.4313],[68.7936,33.4414],[68.7751,33.4713],[68.7692,33.4857],[68.7658,33.4992],[68.765,33.5469],[68.7554,33.5643],[68.7551,33.5804],[68.7597,33.6051],[68.7817,33.6193],[68.8011,33.6197],[68.8309,33.6146],[68.8629,33.6146],[68.9046,33.6035],[68.9376,33.6005],[68.9797,33.5996],[69.0069,33.6016],[69.0229,33.6078],[69.0326,33.6164],[69.0436,33.6184],[69.0695,33.6143],[69.0812,33.609],[69.0877,33.6027],[69.1062,33.59],[69.1165,33.5803],[69.1253,33.5647],[69.1317,33.5581],[69.138,33.5368],[69.1453,33.526],[69.1576,33.519],[69.1809,33.5204],[69.1948,33.5158],[69.2149,33.515],[69.2651,33.5042],[69.2693,33.502],[69.2816,33.488],[69.2926,33.4696],[69.3004,33.4515],[69.2868,33.4065],[69.2821,33.3832],[69.262,33.3372],[69.2418,33.28],[69.235,33.2798],[69.2309,33.2774],[69.2227,33.263],[69.2028,33.2444],[69.1943,33.2321],[69.1835,33.2242],[69.1751,33.221],[69.1537,33.2196],[69.1272,33.2089],[69.1086,33.2078],[69.095,33.2042],[69.0627,33.1765],[69.0508,33.1716],[69.0447,33.166],[69.0301,33.1592],[69.0114,33.145],[69.0049,33.1429],[68.9977,33.143],[68.9872,33.1493],[68.9815,33.1557],[68.9754,33.1748],[68.9751,33.1841],[68.9789,33.2034],[68.9848,33.2141],[68.9865,33.2304],[68.9818,33.2463],[68.982,33.2637],[68.987,33.2842],[68.9846,33.2982],[68.9745,33.3267],[68.9753,33.3419],[68.9737,33.3612],[68.9673,33.3756],[68.9611,33.3796],[68.9535,33.3814],[68.9446,33.3822],[68.9151,33.3795],[68.8882,33.3843],[68.8686,33.3917],[68.833,33.4012],[68.822,33.4021],[68.8101,33.3999],[68.7904,33.3884],[68.7679,33.3839]]]]}},{"type":"Feature","properties":{"district_id":"af-panjshir-hisa-i-awalipanjsher","name":"Hisa-I-AwaliPanjsher","country":"AFG","province":"Panjshir"},"geometry":{"type":"MultiPolygon","coordinates":[[[[70.2539,35.8755],[70.254,35.8697],[70.2589,35.8643],[70.271,35.8577],[70.2754,35.8509],[70.2776,35.8356],[70.2738,35.7855],[70.2691,35.77],[70.262,35.7551],[70.2637,35.746],[70.2704,35.7338],[70.2705,35.7047],[70.2661,35.6897],[70.2554,35.674],[70.2494,35.6526],[70.2404,35.6411],[70.233,35.6245],[70.2317,35.616],[70.2354,35.5958],[70.2325,35.5857],[70.2231,35.5747],[70.2011,35.558],[70.1955,35.5459],[70.1989,35.5282],[70.1981,35.5159],[70.1961,35.5102],[70.1869,35.5011],[70.1629,35.4955],[70.159,35.493],[70.1397,35.464],[70.1354,35.4605],[70.1264,35.4579],[70.1179,35.4593],[70.0973,35.4743],[70.093,35.4749],[70.0871,35.4726],[70.0759,35.4604],[70.0544,35.4512],[70.0505,35.4443],[70.0489,35.4362],[70.0526,35.4222],[70.0575,35.4144],[70.0556,35.4073],[70.046,35.4063],[70.0362,35.4103],[70.0229,35.4056],[70.0088,35.4073],[69.986,35.3992],[69.9731,35.3902],[69.9475,35.3869],[69.9401,35.3821],[69.9272,35.3681],[69.9196,35.356],[69.919,35.3495],[69.9216,35.3398],[69.9314,35.3296],[69.8667,35.3116],[69.8138,35.2946],[69.7952,35.2942],[69.7723,35.2902],[69.758,35.291],[69.7311,35.3013],[69.7042,35.3094],[69.6869,35.3259],[69.675,35.3447],[69.6596,35.3543],[69.6481,35.3639],[69.6333,35.4004],[69.6177,35.4164],[69.6079,35.429],[69.5861,35.4655],[69.6017,35.4786],[69.6198,35.4911],[69.6402,35.4992],[69.6577,35.499],[69.671,35.5023],[69.677,35.5063],[69.689,35.5194],[69.7122,35.5344],[69.7315,35.5444],[69.7558,35.5501],[69.7656,35.5584],[69.7713,35.5707],[69.7697,35.5953],[69.7713,35.604],[69.788,35.6229],[69.7916,35.6563],[69.7909,35.6709],[69.7946,35.6814],[69.8049,35.6863],[69.8117,35.6927],[69.8198,35.7138],[69.8249,35.7209],[69.8626,35.7242],[69.8869,35.7307],[69.9026,35.7319],[69.91,35.7362],[69.9137,35.7409],[69.9173,35.7527],[69.9182,35.7684],[69.9209,35.7801],[69.9258,35.7841],[69.9312,35.7844],[69.9664,35.7786],[69.9726,35.7811],[69.9782,35.7887],[69.9835,35.7836],[69.989,35.7826],[70.0033,35.7881],[70.0204,35.8003],[70.03,35.8036],[70.0434,35.8191],[70.049,35.8219],[70.0574,35.8228],[70.0678,35.8181],[70.0739,35.8182],[70.0992,35.8244],[70.1118,35.8222],[70.1187,35.8235],[70.1256,35.8301],[70.1324,35.8445],[70.1398,35.8478],[70.1551,35.8512],[70.1638,35.8571],[70.167,35.8641],[70.1705,35.8852],[70.1737,35.8945],[70.1807,35.9016],[70.191,35.9026],[70.2028,35.894],[70.2157,35.8893],[70.2263,35.8797],[70.2335,35.8759],[70.248,35.8745],[70.2539,35.8755]]]]}},{"type":"Feature","properties":{"district_id":"af-panjshir-hisa-i-duwumpanjsher","name":"Hisa-I-DuwumPanjsher","country":"AFG","province":"Panjshir"},"geometry":{"type":"MultiPolygon","coordinates":[[[[69.7873,35.098],[69.7772,35.1072],[69.7683,35.1185],[69.7521,35.1318],[69.7293,35.1588],[69.712,35.1664],[69.6973,35.1677],[69.6733,35.1616],[69.6477,35.1689],[69.6353,35.17],[69.6243,35.1667],[69.6095,35.1582],[69.595,35.1532],[69.56,35.1564],[69.5515,35.1588],[69.557,35.1706],[69.5581,35.1795],[69.555,35.1967],[69.5548,35.207],[69.5594,35.2254],[69.5742,35.2526],[69.5756,35.259],[69.5743,35.2815],[69.5779,35.3037],[69.5806,35.3096],[69.5986,35.3241],[69.6031,35.3318],[69.6073,35.3644],[69.6102,35.3742],[69.6136,35.3793],[69.625,35.3856],[69.6393,35.3877],[69.6481,35.3639],[69.6596,35.3543],[69.675,35.3447],[69.6869,35.3259],[69.7042,35.3094],[69.7311,35.3013],[69.758,35.291],[69.7723,35.2902],[69.7952,35.2942],[69.8138,35.2946],[69.8667,35.3116],[69.9314,35.3296],[69.9425,35.3252],[69.961,35.3137],[69.979,35.2997],[69.9875,35.2886],[69.9939,35.2669],[69.9968,35.2424],[69.9947,35.2299],[69.9924,35.2255],[69.9871,35.2214],[69.976,35.2184],[69.9668,35.2203],[69.9566,35.2173],[69.9496,35.2109],[69.9446,35.2015],[69.9393,35.1747],[69.9347,35.1678],[69.8664,35.1433],[69.848,35.1313],[69.8377,35.1195],[69.8275,35.0989],[69.8228,35.0929],[69.8131,35.0893],[69.7957,35.0936],[69.7873,35.098]]]]}},{"type":"Feature","properties":{"district_id":"af-panjshir-panjsher","name":"Panjsher","country":"AFG","province":"Panjshir"},"geometry":{"type":"MultiPolygon","coordinates":[[[[69.3,35.4231],[69.3084,35.4211],[69.3244,35.4107],[69.3414,35.4103],[69.352,35.4139],[69.3667,35.427],[69.3778,35.4329],[69.3905,35.4354],[69.4073,35.4332],[69.4207,35.4226],[69.4314,35.4182],[69.4399,35.4195],[69.4448,35.4245],[69.4377,35.4319],[69.4368,35.437],[69.4383,35.4475],[69.454,35.4666],[69.4622,35.473],[69.4754,35.4785],[69.4888,35.4796],[69.5615,35.4588],[69.5731,35.4597],[69.5861,35.4655],[69.6079,35.429],[69.6177,35.4164],[69.6333,35.4004],[69.6393,35.3877],[69.625,35.3856],[69.6136,35.3793],[69.6102,35.3742],[69.6073,35.3644],[69.6031,35.3318],[69.5986,35.3241],[69.5806,35.3096],[69.5779,35.3037],[69.5743,35.2815],[69.5756,35.259],[69.5742,35.2526],[69.5594,35.2254],[69.5548,35.207],[69.555,35.1967],[69.5581,35.1795],[69.557,35.1706],[69.5515,35.1588],[69.5217,35.1719],[69.5162,35.1729],[69.4645,35.1666],[69.4416,35.1584],[69.4229,35.1612],[69.3904,35.177],[69.3674,35.1763],[69.3221,35.1855],[69.2971,35.1842],[69.2896,35.1824],[69.2818,35.1856],[69.2808,35.1956],[69.2871,35.2132],[69.2952,35.227],[69.3046,35.2386],[69.3165,35.2651],[69.3339,35.2911],[69.3497,35.3237],[69.3492,35.3337],[69.3441,35.345],[69.3381,35.3709],[69.3272,35.3808],[69.3225,35.3878],[69.3049,35.4059],[69.3,35.4231]]]]}},{"type":"Feature","properties":{"district_id":"af-parwan-bagram","name":"Bagram","country":"AFG","province":"Parwan"},"geometry":{"type":"MultiPolygon","coordinates":[[[[69.094,34.8893],[69.0882,34.8865],[69.0748,34.8841],[69.061,34.873],[69.0479,34.8727],[69.0413,34.8743],[69.0261,34.8824],[69.012,34.8923],[68.9993,34.9043],[68.9882,34.907],[68.9622,34.9085],[68.964,34.916],[68.9767,34.9276],[68.9993,34.9436],[69.0146,34.9607],[69.0298,34.9729],[69.0868,34.9466],[69.0947,34.9448],[69.1097,34.9455],[69.1464,34.957],[69.2034,34.9784],[69.2203,34.9797],[69.2696,34.9798],[69.2796,34.9817],[69.2885,34.9859],[69.2959,34.9937],[69.2987,35.0039],[69.3063,34.9998],[69.3152,34.9991],[69.3234,35.0053],[69.3312,35.0057],[69.3392,35.01],[69.3537,35.0002],[69.3609,34.9989],[69.3743,34.9894],[69.3834,34.9876],[69.3877,34.9754],[69.3945,34.9706],[69.4005,34.9614],[69.4055,34.9589],[69.4092,34.949],[69.4133,34.9463],[69.3828,34.9007],[69.3571,34.8939],[69.3442,34.8877],[69.3376,34.8829],[69.3275,34.8668],[69.3118,34.8506],[69.3032,34.8385],[69.2931,34.8361],[69.2732,34.8407],[69.246,34.8513],[69.2278,34.8636],[69.2084,34.8692],[69.1839,34.8798],[69.1316,34.8837],[69.1106,34.893],[69.102,34.8938],[69.094,34.8893]]]]}},{"type":"Feature","properties":{"district_id":"af-parwan-chaharikar","name":"Chaharikar","country":"AFG","province":"Parwan"},"geometry":{"type":"MultiPolygon","coordinates":[[[[69.2741,35.0572],[69.2729,35.0453],[69.2766,35.0331],[69.2807,35.0282],[69.2889,35.0243],[69.2961,35.0138],[69.2987,35.0039],[69.2959,34.9937],[69.2885,34.9859],[69.2796,34.9817],[69.2696,34.9798],[69.2203,34.9797],[69.2034,34.9784],[69.1464,34.957],[69.1097,34.9455],[69.0947,34.9448],[69.0868,34.9466],[69.0298,34.9729],[69.0578,34.995],[69.0644,35.0109],[69.0711,35.0191],[69.0914,35.0282],[69.0991,35.036],[69.0993,35.0423],[69.0905,35.0583],[69.0886,35.0689],[69.0936,35.0761],[69.1064,35.0847],[69.1138,35.0867],[69.1292,35.0862],[69.1358,35.0889],[69.1443,35.097],[69.1518,35.1016],[69.1644,35.104],[69.1945,35.096],[69.2038,35.0913],[69.2123,35.0832],[69.2199,35.0728],[69.2338,35.0625],[69.2562,35.0573],[69.2741,35.0572]]]]}},{"type":"Feature","properties":{"district_id":"af-parwan-ghorband","name":"Ghorband","country":"AFG","province":"Parwan"},"geometry":{"type":"MultiPolygon","coordinates":[[[[68.8525,35.2772],[68.9206,35.2744],[68.9608,35.2646],[68.9824,35.2622],[68.9793,35.2544],[68.9691,35.2437],[68.9492,35.2066],[68.9484,35.189],[68.954,35.1591],[68.9448,35.1223],[68.9529,35.096],[68.9546,35.0809],[68.9523,35.0721],[68.9419,35.0566],[68.9351,35.0402],[68.9228,35.0298],[68.92,35.025],[68.9156,35.0081],[68.9138,34.9894],[68.9181,34.9703],[68.9297,34.9516],[68.9511,34.9314],[68.964,34.916],[68.9622,34.9085],[68.9509,34.895],[68.9445,34.8899],[68.936,34.8784],[68.9323,34.8666],[68.9139,34.8429],[68.9058,34.8222],[68.8967,34.8089],[68.8866,34.8001],[68.8822,34.7888],[68.8847,34.7831],[68.8889,34.7808],[68.9139,34.7767],[68.9136,34.7697],[68.9109,34.7634],[68.8964,34.7513],[68.8856,34.7339],[68.8686,34.7206],[68.8642,34.7154],[68.8406,34.7236],[68.7618,34.7597],[68.7526,34.7654],[68.7416,34.7762],[68.7127,34.8213],[68.6998,34.8519],[68.6939,34.8794],[68.695,34.9277],[68.6873,34.9418],[68.677,34.9518],[68.6478,34.9701],[68.6381,34.9732],[68.6208,34.9742],[68.6235,34.9949],[68.6217,35.0103],[68.6125,35.0466],[68.6056,35.0569],[68.5998,35.0724],[68.5774,35.0941],[68.5674,35.1071],[68.5939,35.1076],[68.6002,35.1105],[68.6033,35.1145],[68.6043,35.1275],[68.6123,35.137],[68.6187,35.1384],[68.6255,35.1376],[68.6425,35.1297],[68.651,35.1312],[68.6549,35.1342],[68.664,35.1472],[68.6983,35.1778],[68.7181,35.1921],[68.7534,35.2125],[68.7715,35.2347],[68.8016,35.2651],[68.8126,35.2715],[68.8292,35.2717],[68.8525,35.2772]]]]}},{"type":"Feature","properties":{"district_id":"af-parwan-jabalussaraj","name":"Jabalussaraj","country":"AFG","province":"Parwan"},"geometry":{"type":"MultiPolygon","coordinates":[[[[69.2896,35.1824],[69.2883,35.1726],[69.2851,35.1686],[69.2886,35.1557],[69.2874,35.1505],[69.2891,35.1454],[69.2866,35.1413],[69.2912,35.1241],[69.2899,35.118],[69.2914,35.1134],[69.2865,35.1106],[69.2858,35.0968],[69.2824,35.092],[69.2826,35.0856],[69.2741,35.0662],[69.2741,35.0572],[69.2562,35.0573],[69.2338,35.0625],[69.2199,35.0728],[69.2123,35.0832],[69.2038,35.0913],[69.1945,35.096],[69.1644,35.104],[69.1518,35.1016],[69.1443,35.097],[69.1358,35.0889],[69.1292,35.0862],[69.1138,35.0867],[69.1064,35.0847],[69.0936,35.0761],[69.0886,35.0689],[69.081,35.0644],[69.0698,35.0618],[69.0624,35.0619],[69.0536,35.0646],[69.0465,35.0688],[69.0431,35.0733],[69.0396,35.0854],[69.0445,35.1075],[69.0502,35.1214],[69.0566,35.13],[69.0629,35.1352],[69.0897,35.1493],[69.1007,35.1615],[69.1013,35.1719],[69.1148,35.1639],[69.1352,35.1564],[69.1401,35.1513],[69.1544,35.1437],[69.1789,35.1422],[69.199,35.1462],[69.2214,35.1623],[69.2358,35.1683],[69.2639,35.1715],[69.276,35.1754],[69.2896,35.1824]]]]}},{"type":"Feature","properties":{"district_id":"af-parwan-kohisafi","name":"KohiSafi","country":"AFG","province":"Parwan"},"geometry":{"type":"MultiPolygon","coordinates":[[[[69.6086,34.6941],[69.6169,34.6944],[69.6189,34.6884],[69.6106,34.6874],[69.6045,34.6913],[69.6086,34.6941]]],[[[69.4599,34.596],[69.4541,34.606],[69.4546,34.6119],[69.4505,34.6238],[69.4414,34.6312],[69.4299,34.6363],[69.4279,34.6455],[69.433,34.6642],[69.4314,34.6692],[69.4273,34.6735],[69.421,34.6766],[69.414,34.689],[69.4009,34.698],[69.4012,34.7177],[69.4037,34.7237],[69.4031,34.732],[69.3984,34.7392],[69.3932,34.7424],[69.3752,34.7479],[69.3663,34.7547],[69.3606,34.7636],[69.3545,34.782],[69.3479,34.7889],[69.3396,34.7925],[69.2997,34.7945],[69.2957,34.8005],[69.2945,34.8094],[69.2953,34.8158],[69.2996,34.8222],[69.2996,34.8281],[69.2931,34.8361],[69.3032,34.8385],[69.3118,34.8506],[69.3275,34.8668],[69.3376,34.8829],[69.3442,34.8877],[69.3571,34.8939],[69.3828,34.9007],[69.4133,34.9463],[69.4164,34.9421],[69.4207,34.943],[69.4413,34.9363],[69.4493,34.9369],[69.4582,34.9413],[69.4798,34.9368],[69.4857,34.9332],[69.4924,34.9325],[69.4997,34.9208],[69.5061,34.9187],[69.5113,34.9138],[69.532,34.916],[69.5411,34.9089],[69.5603,34.9054],[69.5724,34.9102],[69.5775,34.9099],[69.5774,34.905],[69.5814,34.8991],[69.5708,34.8815],[69.5819,34.8692],[69.568,34.8581],[69.5653,34.8523],[69.5655,34.8382],[69.5757,34.8321],[69.5862,34.829],[69.5767,34.8258],[69.5726,34.8088],[69.5682,34.8059],[69.5636,34.7949],[69.5693,34.7834],[69.5778,34.7813],[69.5673,34.7782],[69.5634,34.7737],[69.5609,34.7683],[69.5618,34.7626],[69.564,34.7569],[69.5637,34.7512],[69.5774,34.7418],[69.5785,34.7364],[69.5825,34.7325],[69.581,34.725],[69.5853,34.7257],[69.5893,34.7295],[69.5942,34.7283],[69.5956,34.7236],[69.5949,34.7079],[69.5971,34.7006],[69.603,34.6955],[69.6045,34.6913],[69.6015,34.6879],[69.6015,34.6824],[69.6041,34.677],[69.6058,34.6638],[69.6027,34.6604],[69.6008,34.6508],[69.5955,34.6532],[69.5923,34.6491],[69.5987,34.6454],[69.6061,34.6485],[69.6114,34.6476],[69.6159,34.6423],[69.6174,34.6367],[69.6206,34.6339],[69.6117,34.6256],[69.6,34.6201],[69.5809,34.6047],[69.5667,34.6003],[69.5568,34.6011],[69.5428,34.6075],[69.5337,34.6094],[69.5249,34.6085],[69.51,34.6016],[69.4887,34.601],[69.4795,34.5922],[69.4752,34.5902],[69.4684,34.5902],[69.4599,34.596]]]]}},{"type":"Feature","properties":{"district_id":"af-parwan-salang","name":"Salang","country":"AFG","province":"Parwan"},"geometry":{"type":"MultiPolygon","coordinates":[[[[69.2064,35.4195],[69.2148,35.422],[69.2516,35.4209],[69.2621,35.4191],[69.2667,35.416],[69.2754,35.4169],[69.2843,35.4214],[69.2937,35.4234],[69.3,35.4231],[69.3049,35.4059],[69.3225,35.3878],[69.3272,35.3808],[69.3381,35.3709],[69.3441,35.345],[69.3492,35.3337],[69.3497,35.3237],[69.3339,35.2911],[69.3165,35.2651],[69.3046,35.2386],[69.2952,35.227],[69.2871,35.2132],[69.2808,35.1956],[69.2818,35.1856],[69.2896,35.1824],[69.276,35.1754],[69.2639,35.1715],[69.2358,35.1683],[69.2214,35.1623],[69.199,35.1462],[69.1789,35.1422],[69.1544,35.1437],[69.1401,35.1513],[69.1352,35.1564],[69.1148,35.1639],[69.1013,35.1719],[69.0934,35.1773],[69.0798,35.1949],[69.0662,35.206],[69.0491,35.2167],[69.027,35.2252],[69.0169,35.2334],[69.012,35.2404],[69.0055,35.2556],[69.0031,35.271],[69.0155,35.2772],[69.0403,35.295],[69.0527,35.3111],[69.0599,35.3231],[69.0649,35.3366],[69.0708,35.3639],[69.0879,35.3776],[69.1012,35.3838],[69.1116,35.3852],[69.1297,35.3923],[69.1771,35.4165],[69.2064,35.4195]]]]}},{"type":"Feature","properties":{"district_id":"af-parwan-shekhali","name":"ShekhAli","country":"AFG","province":"Parwan"},"geometry":{"type":"MultiPolygon","coordinates":[[[[68.1701,35.0278],[68.1724,35.0337],[68.1813,35.0452],[68.1955,35.0552],[68.206,35.0586],[68.2288,35.0612],[68.2401,35.0679],[68.2545,35.0708],[68.2662,35.0755],[68.3055,35.0755],[68.3234,35.0692],[68.3967,35.0637],[68.4094,35.0658],[68.4343,35.0755],[68.4754,35.0777],[68.5113,35.0725],[68.5201,35.0737],[68.5365,35.0851],[68.5499,35.0974],[68.5674,35.1071],[68.5774,35.0941],[68.5998,35.0724],[68.6056,35.0569],[68.6125,35.0466],[68.6217,35.0103],[68.6235,34.9949],[68.6208,34.9742],[68.6154,34.9615],[68.6049,34.9176],[68.5997,34.9066],[68.5847,34.8933],[68.5801,34.886],[68.5721,34.8784],[68.5115,34.8519],[68.4779,34.8443],[68.4606,34.8462],[68.4514,34.8454],[68.4085,34.8311],[68.3811,34.8381],[68.3496,34.8361],[68.3398,34.8334],[68.3114,34.8161],[68.2972,34.8096],[68.2647,34.8046],[68.2536,34.8048],[68.2546,34.8219],[68.2508,34.84],[68.2508,34.8511],[68.2437,34.8795],[68.2256,34.9164],[68.213,34.9367],[68.2099,34.9536],[68.2072,34.9598],[68.1932,34.9798],[68.1851,34.9998],[68.175,35.0128],[68.1701,35.0278]]]]}},{"type":"Feature","properties":{"district_id":"af-parwan-shinwari","name":"Shinwari","country":"AFG","province":"Parwan"},"geometry":{"type":"MultiPolygon","coordinates":[[[[68.9824,35.2622],[69.0031,35.271],[69.0055,35.2556],[69.012,35.2404],[69.0169,35.2334],[69.027,35.2252],[69.0491,35.2167],[69.0662,35.206],[69.0798,35.1949],[69.0934,35.1773],[69.1013,35.1719],[69.1007,35.1615],[69.0897,35.1493],[69.0629,35.1352],[69.0566,35.13],[69.0502,35.1214],[69.0445,35.1075],[69.0396,35.0854],[69.0431,35.0733],[69.0465,35.0688],[69.0536,35.0646],[69.0624,35.0619],[69.0698,35.0618],[69.081,35.0644],[69.0886,35.0689],[69.0905,35.0583],[69.0993,35.0423],[69.0991,35.036],[69.0914,35.0282],[69.0711,35.0191],[69.0644,35.0109],[69.0578,34.995],[69.0146,34.9607],[68.9993,34.9436],[68.9767,34.9276],[68.964,34.916],[68.9511,34.9314],[68.9297,34.9516],[68.9181,34.9703],[68.9138,34.9894],[68.9156,35.0081],[68.92,35.025],[68.9228,35.0298],[68.9351,35.0402],[68.9419,35.0566],[68.9523,35.0721],[68.9546,35.0809],[68.9529,35.096],[68.9448,35.1223],[68.954,35.1591],[68.9484,35.189],[68.9492,35.2066],[68.9691,35.2437],[68.9793,35.2544],[68.9824,35.2622]]]]}},{"type":"Feature","properties":{"district_id":"af-parwan-surkhiparsa","name":"SurkhiParsa","country":"AFG","province":"Parwan"},"geometry":{"type":"MultiPolygon","coordinates":[[[[68.8811,34.6719],[68.883,34.6654],[68.8815,34.6595],[68.8737,34.6485],[68.8405,34.6198],[68.8286,34.6264],[68.7961,34.634],[68.7773,34.6409],[68.7466,34.6458],[68.6571,34.6738],[68.5856,34.702],[68.57,34.7052],[68.5508,34.7009],[68.5286,34.7064],[68.5218,34.7052],[68.5163,34.7024],[68.5104,34.6948],[68.4881,34.6827],[68.4533,34.6735],[68.4332,34.6637],[68.4165,34.6525],[68.3927,34.643],[68.3639,34.6413],[68.3536,34.6437],[68.339,34.6546],[68.3346,34.6653],[68.3293,34.6986],[68.3009,34.7075],[68.2904,34.7165],[68.2704,34.7564],[68.2581,34.7864],[68.2536,34.8048],[68.2647,34.8046],[68.2972,34.8096],[68.3114,34.8161],[68.3398,34.8334],[68.3496,34.8361],[68.3811,34.8381],[68.4085,34.8311],[68.4514,34.8454],[68.4606,34.8462],[68.4779,34.8443],[68.5115,34.8519],[68.5721,34.8784],[68.5801,34.886],[68.5847,34.8933],[68.5997,34.9066],[68.6049,34.9176],[68.6154,34.9615],[68.6208,34.9742],[68.6381,34.9732],[68.6478,34.9701],[68.677,34.9518],[68.6873,34.9418],[68.695,34.9277],[68.6939,34.8794],[68.6998,34.8519],[68.7127,34.8213],[68.7416,34.7762],[68.7526,34.7654],[68.7618,34.7597],[68.8406,34.7236],[68.8642,34.7154],[68.8524,34.696],[68.8527,34.6856],[68.8579,34.6792],[68.873,34.6763],[68.8811,34.6719]]]]}},{"type":"Feature","properties":{"district_id":"af-samangan-aybak","name":"Aybak","country":"AFG","province":"Samangan"},"geometry":{"type":"MultiPolygon","coordinates":[[[[68.2521,36.4245],[68.264,36.4112],[68.2855,36.3784],[68.2964,36.3408],[68.3005,36.3138],[68.307,36.3015],[68.3195,36.2894],[68.3575,36.2706],[68.3481,36.2499],[68.3363,36.2372],[68.3229,36.2262],[68.2924,36.2076],[68.2779,36.203],[68.1918,36.1948],[68.1733,36.1945],[68.1543,36.1969],[68.1043,36.1992],[68.0914,36.1968],[68.0818,36.1909],[68.0654,36.1757],[68.0397,36.1429],[68.0288,36.1346],[67.978,36.1069],[67.9214,36.0834],[67.8687,36.0547],[67.8288,36.0416],[67.8022,36.0385],[67.768,36.0275],[67.72,36.0192],[67.7051,36.0146],[67.6592,36.0088],[67.6518,36.0163],[67.6471,36.0261],[67.6466,36.0516],[67.6579,36.0813],[67.6592,36.114],[67.6656,36.1322],[67.6658,36.137],[67.6613,36.1534],[67.662,36.1721],[67.6603,36.1852],[67.6539,36.2119],[67.654,36.2235],[67.6572,36.2387],[67.7062,36.2696],[67.7213,36.2837],[67.7278,36.2925],[67.7434,36.3065],[67.7532,36.3185],[67.76,36.3383],[67.7826,36.3417],[67.7979,36.3418],[67.8117,36.339],[67.8549,36.3216],[67.8717,36.3184],[67.886,36.3185],[67.9055,36.3218],[67.9415,36.3384],[67.965,36.3394],[67.9965,36.3359],[68.0293,36.3455],[68.0572,36.3471],[68.0753,36.3409],[68.097,36.3407],[68.1144,36.327],[68.1267,36.3245],[68.1366,36.3284],[68.1417,36.3344],[68.1477,36.3829],[68.1544,36.3923],[68.1751,36.4029],[68.1909,36.4048],[68.2014,36.4089],[68.228,36.4148],[68.2521,36.4245]]]]}},{"type":"Feature","properties":{"district_id":"af-samangan-dara-i-suf","name":"Dara-i-Suf","country":"AFG","province":"Samangan"},"geometry":{"type":"MultiPolygon","coordinates":[[[[67.1963,36.1568],[67.291,36.1781],[67.2999,36.182],[67.3087,36.189],[67.3179,36.1999],[67.3358,36.2338],[67.3452,36.2479],[67.3623,36.2968],[67.373,36.3172],[67.3887,36.3284],[67.4068,36.3357],[67.4452,36.3411],[67.4771,36.3412],[67.494,36.3325],[67.503,36.3244],[67.5208,36.3152],[67.5369,36.3022],[67.5597,36.2951],[67.58,36.2863],[67.6043,36.2728],[67.625,36.2669],[67.6326,36.2616],[67.6357,36.2567],[67.6361,36.2459],[67.6437,36.2333],[67.6572,36.2387],[67.654,36.2235],[67.6539,36.2119],[67.6603,36.1852],[67.662,36.1721],[67.6613,36.1534],[67.6658,36.137],[67.6656,36.1322],[67.6592,36.114],[67.6579,36.0813],[67.6466,36.0516],[67.6471,36.0261],[67.6518,36.0163],[67.6668,36.0012],[67.6807,35.9756],[67.6971,35.9597],[67.7001,35.9526],[67.7091,35.9392],[67.7234,35.9293],[67.7274,35.923],[67.7391,35.8929],[67.7396,35.8884],[67.7361,35.883],[67.7289,35.8779],[67.7193,35.8754],[67.7101,35.8769],[67.6944,35.8765],[67.6814,35.8728],[67.6756,35.868],[67.6684,35.8562],[67.6504,35.8471],[67.6451,35.8363],[67.6304,35.8269],[67.6284,35.8216],[67.6296,35.8155],[67.637,35.8078],[67.6515,35.7985],[67.6698,35.7822],[67.6714,35.7725],[67.6673,35.7664],[67.6592,35.7627],[67.6353,35.7599],[67.6187,35.7529],[67.5907,35.7548],[67.5774,35.7521],[67.572,35.7494],[67.5674,35.7445],[67.5594,35.7237],[67.5509,35.718],[67.5402,35.7168],[67.5341,35.7212],[67.5255,35.7319],[67.5148,35.7357],[67.5051,35.7349],[67.4971,35.7273],[67.4926,35.7031],[67.4833,35.6874],[67.4667,35.6727],[67.4532,35.666],[67.4369,35.6553],[67.4316,35.6479],[67.4306,35.6389],[67.4311,35.6302],[67.4346,35.6272],[67.4391,35.617],[67.4337,35.585],[67.4337,35.5597],[67.4285,35.5468],[67.4029,35.5037],[67.3987,35.4907],[67.3979,35.4672],[67.3951,35.4488],[67.3959,35.4384],[67.3716,35.4468],[67.3499,35.4471],[67.3343,35.4528],[67.3239,35.4532],[67.2947,35.4467],[67.2686,35.4369],[67.2468,35.4336],[67.1094,35.3893],[67.0623,35.3831],[67.0458,35.3825],[67.0232,35.3743],[66.9803,35.3802],[66.9564,35.3888],[66.9204,35.398],[66.8993,35.397],[66.9074,35.4041],[66.9147,35.418],[66.9273,35.4512],[66.9376,35.4729],[66.9532,35.4869],[66.9625,35.4932],[66.9899,35.5065],[66.9955,35.5082],[67.0159,35.5072],[67.0241,35.5116],[67.0467,35.5376],[67.0624,35.5635],[67.0697,35.5685],[67.0891,35.5576],[67.1002,35.5581],[67.1048,35.5678],[67.1033,35.6025],[67.1062,35.6145],[67.1162,35.6317],[67.1231,35.6375],[67.1475,35.6486],[67.1527,35.6532],[67.1538,35.6594],[67.1492,35.6724],[67.134,35.6959],[67.1163,35.7283],[67.113,35.7508],[67.114,35.7623],[67.1191,35.7819],[67.1192,35.7994],[67.1141,35.8179],[67.0986,35.8385],[67.0972,35.8441],[67.1181,35.8625],[67.1248,35.8811],[67.1279,35.8978],[67.137,35.9179],[67.1534,35.9318],[67.1559,35.9445],[67.1491,35.9578],[67.1421,35.9638],[67.1107,36.0078],[67.0784,36.0343],[67.0568,36.0576],[67.0516,36.0694],[67.0565,36.0775],[67.0634,36.0824],[67.0851,36.0859],[67.1113,36.0938],[67.1324,36.1119],[67.1473,36.1375],[67.1561,36.1415],[67.1754,36.144],[67.1914,36.155],[67.1963,36.1568]]]]}},{"type":"Feature","properties":{"district_id":"af-samangan-hazratisultan","name":"HazratiSultan","country":"AFG","province":"Samangan"},"geometry":{"type":"MultiPolygon","coordinates":[[[[68.2597,36.5753],[68.2703,36.5676],[68.2748,36.5614],[68.2784,36.546],[68.2768,36.5272],[68.2682,36.5112],[68.2492,36.4965],[68.235,36.4823],[68.2304,36.4742],[68.2287,36.4654],[68.2323,36.4518],[68.2521,36.4245],[68.228,36.4148],[68.2014,36.4089],[68.1909,36.4048],[68.1751,36.4029],[68.1544,36.3923],[68.1477,36.3829],[68.1417,36.3344],[68.1366,36.3284],[68.1267,36.3245],[68.1144,36.327],[68.097,36.3407],[68.0753,36.3409],[68.0572,36.3471],[68.0293,36.3455],[67.9965,36.3359],[67.965,36.3394],[67.9415,36.3384],[67.9055,36.3218],[67.886,36.3185],[67.8717,36.3184],[67.8549,36.3216],[67.8117,36.339],[67.7979,36.3418],[67.7826,36.3417],[67.76,36.3383],[67.7616,36.3568],[67.7521,36.4557],[67.7535,36.4717],[67.7588,36.494],[67.7763,36.5232],[67.7806,36.5379],[67.791,36.5551],[67.802,36.5639],[67.8261,36.5747],[67.8615,36.5835],[67.8813,36.5861],[67.903,36.5831],[67.9262,36.5894],[67.9318,36.5881],[67.9425,36.5765],[67.9508,36.5732],[67.9797,36.5724],[68.0035,36.5768],[68.0197,36.57],[68.0331,36.5672],[68.0644,36.5638],[68.0973,36.5647],[68.118,36.5635],[68.1348,36.5697],[68.1418,36.5742],[68.1602,36.5787],[68.1813,36.5912],[68.2048,36.5954],[68.2065,36.5906],[68.2116,36.5857],[68.2164,36.5836],[68.2401,36.5851],[68.2471,36.5833],[68.2597,36.5753]]]]}},{"type":"Feature","properties":{"district_id":"af-samangan-khuramwasarbagh","name":"KhuramWaSarbagh","country":"AFG","province":"Samangan"},"geometry":{"type":"MultiPolygon","coordinates":[[[[68.4753,36.2233],[68.4997,36.197],[68.507,36.1858],[68.5175,36.1789],[68.5227,36.1678],[68.5168,36.1477],[68.4922,36.1102],[68.4744,36.0921],[68.4643,36.0863],[68.431,36.0737],[68.3804,36.0493],[68.3629,36.0358],[68.3345,36.0067],[68.3236,35.9908],[68.302,35.9491],[68.2831,35.8977],[68.2761,35.8677],[68.2723,35.8395],[68.2666,35.8127],[68.261,35.8016],[68.2431,35.7878],[68.2297,35.772],[68.1932,35.7544],[68.1858,35.7482],[68.1655,35.7253],[68.1614,35.7168],[68.1599,35.6861],[68.1426,35.665],[68.1354,35.6467],[68.1242,35.6458],[68.0972,35.6396],[68.0809,35.6384],[68.0729,35.6391],[68.0386,35.6512],[68.0257,35.6603],[68.0184,35.6702],[68.0072,35.6814],[67.9632,35.7127],[67.9535,35.7279],[67.9506,35.746],[67.9524,35.7858],[67.9639,35.8284],[67.9638,35.8381],[67.9606,35.8425],[67.9539,35.8469],[67.9166,35.861],[67.8888,35.8741],[67.8764,35.8763],[67.8606,35.875],[67.8285,35.8678],[67.804,35.8656],[67.7829,35.861],[67.7698,35.8614],[67.7521,35.8676],[67.7367,35.8652],[67.7285,35.8702],[67.7289,35.8779],[67.7361,35.883],[67.7396,35.8884],[67.7391,35.8929],[67.7274,35.923],[67.7234,35.9293],[67.7091,35.9392],[67.7001,35.9526],[67.6971,35.9597],[67.6807,35.9756],[67.6668,36.0012],[67.6592,36.0088],[67.7051,36.0146],[67.72,36.0192],[67.768,36.0275],[67.8022,36.0385],[67.8288,36.0416],[67.8687,36.0547],[67.9214,36.0834],[67.978,36.1069],[68.0288,36.1346],[68.0397,36.1429],[68.0654,36.1757],[68.0818,36.1909],[68.0914,36.1968],[68.1043,36.1992],[68.1543,36.1969],[68.1733,36.1945],[68.1918,36.1948],[68.2779,36.203],[68.2924,36.2076],[68.3229,36.2262],[68.3363,36.2372],[68.3481,36.2499],[68.3575,36.2706],[68.3903,36.264],[68.409,36.2514],[68.4236,36.2491],[68.4324,36.2455],[68.4471,36.2332],[68.4633,36.2299],[68.4753,36.2233]]]]}},{"type":"Feature","properties":{"district_id":"af-samangan-royiduab","name":"RoyiDuAb","country":"AFG","province":"Samangan"},"geometry":{"type":"MultiPolygon","coordinates":[[[[68.1354,35.6467],[68.1519,35.6373],[68.1739,35.6348],[68.1822,35.6314],[68.1923,35.6239],[68.1952,35.6136],[68.1951,35.6064],[68.1925,35.5998],[68.1683,35.5739],[68.1622,35.5703],[68.1513,35.5587],[68.1446,35.543],[68.1311,35.5262],[68.1215,35.5181],[68.0782,35.4938],[68.0659,35.4906],[68.0,35.4619],[67.9598,35.4548],[67.9001,35.456],[67.8901,35.4578],[67.8754,35.465],[67.857,35.4812],[67.8446,35.4858],[67.8345,35.4871],[67.8151,35.4831],[67.7717,35.4637],[67.7304,35.4505],[67.71,35.4488],[67.6584,35.4625],[67.6307,35.4633],[67.609,35.4616],[67.5954,35.463],[67.5846,35.4663],[67.5678,35.4657],[67.5213,35.4771],[67.5021,35.4766],[67.4709,35.4657],[67.4554,35.4632],[67.444,35.4548],[67.4201,35.4496],[67.4063,35.4415],[67.3959,35.4384],[67.3951,35.4488],[67.3979,35.4672],[67.3987,35.4907],[67.4029,35.5037],[67.4285,35.5468],[67.4337,35.5597],[67.4337,35.585],[67.4391,35.617],[67.4346,35.6272],[67.4311,35.6302],[67.4316,35.6479],[67.4369,35.6553],[67.4532,35.666],[67.4667,35.6727],[67.4833,35.6874],[67.4926,35.7031],[67.4971,35.7273],[67.5051,35.7349],[67.5148,35.7357],[67.5255,35.7319],[67.5341,35.7212],[67.5402,35.7168],[67.5509,35.718],[67.5594,35.7237],[67.5674,35.7445],[67.572,35.7494],[67.5774,35.7521],[67.5907,35.7548],[67.6187,35.7529],[67.6353,35.7599],[67.6592,35.7627],[67.6673,35.7664],[67.6714,35.7725],[67.6698,35.7822],[67.6515,35.7985],[67.637,35.8078],[67.6296,35.8155],[67.6284,35.8216],[67.6304,35.8269],[67.6451,35.8363],[67.6504,35.8471],[67.6684,35.8562],[67.6756,35.868],[67.6814,35.8728],[67.6944,35.8765],[67.7101,35.8769],[67.7193,35.8754],[67.7289,35.8779],[67.7285,35.8702],[67.7367,35.8652],[67.7521,35.8676],[67.7698,35.8614],[67.7829,35.861],[67.804,35.8656],[67.8285,35.8678],[67.8606,35.875],[67.8764,35.8763],[67.8888,35.8741],[67.9166,35.861],[67.9539,35.8469],[67.9606,35.8425],[67.9638,35.8381],[67.9639,35.8284],[67.9524,35.7858],[67.9506,35.746],[67.9535,35.7279],[67.9632,35.7127],[68.0072,35.6814],[68.0184,35.6702],[68.0257,35.6603],[68.0386,35.6512],[68.0729,35.6391],[68.0809,35.6384],[68.0972,35.6396],[68.1242,35.6458],[68.1354,35.6467]]]]}},{"type":"Feature","properties":{"district_id":"af-saripul-balkhab","name":"Balkhab","country":"AFG","province":"SariPul"},"geometry":{"type":"MultiPolygon","coordinates":[[[[66.4235,35.6406],[66.4146,35.6314],[66.4086,35.6165],[66.4136,35.6069],[66.4334,35.6025],[66.4431,35.6039],[66.4877,35.6211],[66.5017,35.6215],[66.5079,35.6192],[66.5212,35.6177],[66.5345,35.619],[66.5394,35.6176],[66.5428,35.611],[66.5378,35.6033],[66.5395,35.5945],[66.5456,35.5907],[66.5596,35.5907],[66.5733,35.594],[66.5904,35.6013],[66.6138,35.6076],[66.6256,35.6172],[66.6316,35.6264],[66.6396,35.6345],[66.6595,35.6497],[66.6973,35.673],[66.7215,35.6831],[66.7655,35.6961],[66.7989,35.6991],[66.83,35.7069],[66.8641,35.7113],[66.9044,35.7203],[66.9395,35.735],[66.9546,35.7377],[66.9637,35.7416],[66.9808,35.755],[66.9831,35.759],[66.9837,35.7671],[66.9801,35.7937],[66.9834,35.8064],[66.9893,35.8116],[67.0017,35.8171],[67.0589,35.828],[67.0927,35.8403],[67.0972,35.8441],[67.0986,35.8385],[67.1141,35.8179],[67.1192,35.7994],[67.1191,35.7819],[67.114,35.7623],[67.113,35.7508],[67.1163,35.7283],[67.134,35.6959],[67.1492,35.6724],[67.1538,35.6594],[67.1527,35.6532],[67.1475,35.6486],[67.1231,35.6375],[67.1162,35.6317],[67.1062,35.6145],[67.1033,35.6025],[67.1048,35.5678],[67.1002,35.5581],[67.0891,35.5576],[67.0697,35.5685],[67.0624,35.5635],[67.0467,35.5376],[67.0241,35.5116],[67.0159,35.5072],[66.9955,35.5082],[66.9899,35.5065],[66.9625,35.4932],[66.9532,35.4869],[66.9376,35.4729],[66.9273,35.4512],[66.9147,35.418],[66.9074,35.4041],[66.8993,35.397],[66.874,35.3905],[66.8562,35.3936],[66.8419,35.3937],[66.8026,35.3816],[66.7901,35.3728],[66.7796,35.3525],[66.7503,35.3262],[66.7369,35.3074],[66.7315,35.2957],[66.7171,35.2744],[66.7055,35.2605],[66.6905,35.2463],[66.6629,35.2265],[66.6373,35.2127],[66.6079,35.2037],[66.5933,35.1947],[66.5637,35.187],[66.5292,35.184],[66.4753,35.1994],[66.4608,35.2023],[66.4135,35.2227],[66.3971,35.2342],[66.3688,35.2416],[66.3558,35.2551],[66.3488,35.2697],[66.3452,35.2818],[66.3304,35.3049],[66.3212,35.3288],[66.3126,35.3435],[66.2993,35.3531],[66.2729,35.3549],[66.262,35.3584],[66.234,35.3576],[66.2064,35.363],[66.1995,35.3667],[66.1721,35.375],[66.152,35.3759],[66.1351,35.3827],[66.1258,35.3915],[66.1241,35.3971],[66.126,35.4027],[66.1337,35.4095],[66.1458,35.414],[66.165,35.4139],[66.1788,35.4112],[66.1903,35.4121],[66.1966,35.4147],[66.2016,35.4225],[66.1986,35.4355],[66.2001,35.4504],[66.2113,35.4746],[66.219,35.4841],[66.2293,35.4902],[66.2379,35.4906],[66.2514,35.4866],[66.273,35.4857],[66.2913,35.4902],[66.3092,35.5002],[66.3274,35.5164],[66.3355,35.5282],[66.3426,35.5332],[66.3489,35.5353],[66.3636,35.536],[66.3781,35.5411],[66.3766,35.5484],[66.359,35.5593],[66.3538,35.5656],[66.3482,35.569],[66.3447,35.5749],[66.3455,35.5804],[66.3491,35.5869],[66.36,35.5987],[66.3479,35.6086],[66.3471,35.615],[66.3521,35.6264],[66.3531,35.6525],[66.3637,35.6482],[66.3773,35.6453],[66.4235,35.6406]]]]}},{"type":"Feature","properties":{"district_id":"af-saripul-kohistanat","name":"Kohistanat","country":"AFG","province":"SariPul"},"geometry":{"type":"MultiPolygon","coordinates":[[[[66.5362,35.1844],[66.5229,35.1747],[66.5179,35.1678],[66.5159,35.1598],[66.5206,35.1095],[66.5209,35.0898],[66.5152,35.0628],[66.5083,35.0409],[66.5056,35.0074],[66.5021,35.0008],[66.4946,34.9945],[66.4825,34.9911],[66.4708,34.9918],[66.4509,34.9966],[66.4438,34.9958],[66.4375,34.9927],[66.4324,34.987],[66.4308,34.9781],[66.4319,34.9651],[66.4283,34.9583],[66.4159,34.9451],[66.407,34.9387],[66.3887,34.9313],[66.3311,34.9318],[66.3039,34.9294],[66.2681,34.9231],[66.2496,34.9179],[66.1786,34.8893],[66.1646,34.8872],[66.1415,34.8891],[66.1234,34.896],[66.1144,34.913],[66.115,34.9429],[66.1183,34.9534],[66.1275,34.9713],[66.1338,34.997],[66.1339,35.0047],[66.1203,35.0736],[66.1096,35.0993],[66.0982,35.1111],[66.089,35.1158],[66.0823,35.1155],[66.0682,35.1116],[66.0597,35.1063],[66.0484,35.1031],[66.0377,35.1035],[66.0128,35.0977],[66.0021,35.0853],[65.9953,35.08],[65.9757,35.0768],[65.9344,35.0846],[65.86,35.1069],[65.8306,35.1066],[65.8018,35.1104],[65.7918,35.1165],[65.7799,35.138],[65.774,35.1564],[65.7657,35.1672],[65.7347,35.1877],[65.6867,35.2131],[65.652,35.2385],[65.6416,35.2504],[65.629,35.2694],[65.6211,35.2747],[65.6122,35.2766],[65.6028,35.2758],[65.571,35.2643],[65.5295,35.2604],[65.493,35.2589],[65.4703,35.2606],[65.4601,35.2684],[65.4393,35.2885],[65.4285,35.3027],[65.4197,35.3184],[65.405,35.3274],[65.3912,35.3329],[65.3822,35.3409],[65.376,35.3517],[65.374,35.3597],[65.3727,35.3901],[65.3744,35.4417],[65.3828,35.4639],[65.4,35.4768],[65.411,35.4806],[65.4206,35.4867],[65.4299,35.4962],[65.4307,35.5024],[65.4291,35.5116],[65.4177,35.5228],[65.4157,35.5298],[65.4203,35.5424],[65.437,35.5549],[65.4557,35.5647],[65.4728,35.5796],[65.4817,35.5951],[65.4832,35.6096],[65.486,35.6198],[65.4907,35.627],[65.5021,35.6354],[65.5094,35.6504],[65.5263,35.6628],[65.5982,35.6934],[65.6158,35.7032],[65.6266,35.7112],[65.632,35.7201],[65.6347,35.7312],[65.6339,35.7465],[65.6269,35.7782],[65.6286,35.7941],[65.6308,35.7999],[65.637,35.8048],[65.6526,35.8064],[65.6737,35.8025],[65.7018,35.7941],[65.7294,35.7898],[65.7541,35.7892],[65.7922,35.7923],[65.8226,35.7993],[65.8327,35.8033],[65.8398,35.8083],[65.841,35.8144],[65.8396,35.8237],[65.8343,35.8365],[65.81,35.8698],[65.7959,35.8841],[65.7846,35.891],[65.7903,35.896],[65.8064,35.9166],[65.8371,35.9476],[65.8485,35.9549],[65.8576,35.9574],[65.8686,35.9579],[65.8903,35.9585],[65.8992,35.9571],[65.923,35.9488],[65.9522,35.9417],[65.9792,35.9311],[66.0025,35.9158],[66.0359,35.9149],[66.0476,35.9103],[66.0565,35.9031],[66.0796,35.894],[66.0737,35.8778],[66.076,35.8598],[66.0763,35.8378],[66.0813,35.8226],[66.0954,35.8029],[66.1037,35.7842],[66.1194,35.7663],[66.1512,35.7432],[66.1784,35.7265],[66.1991,35.719],[66.2171,35.7161],[66.2242,35.7133],[66.2359,35.7048],[66.2536,35.6968],[66.3129,35.6797],[66.3383,35.6655],[66.3531,35.6525],[66.3521,35.6264],[66.3471,35.615],[66.3479,35.6086],[66.36,35.5987],[66.3491,35.5869],[66.3455,35.5804],[66.3447,35.5749],[66.3482,35.569],[66.3538,35.5656],[66.359,35.5593],[66.3766,35.5484],[66.3781,35.5411],[66.3636,35.536],[66.3489,35.5353],[66.3426,35.5332],[66.3355,35.5282],[66.3274,35.5164],[66.3092,35.5002],[66.2913,35.4902],[66.273,35.4857],[66.2514,35.4866],[66.2379,35.4906],[66.2293,35.4902],[66.219,35.4841],[66.2113,35.4746],[66.2001,35.4504],[66.1986,35.4355],[66.2016,35.4225],[66.1966,35.4147],[66.1903,35.4121],[66.1788,35.4112],[66.165,35.4139],[66.1458,35.414],[66.1337,35.4095],[66.126,35.4027],[66.1241,35.3971],[66.1258,35.3915],[66.1351,35.3827],[66.152,35.3759],[66.1721,35.375],[66.2145,35.3611],[66.234,35.3576],[66.262,35.3584],[66.2729,35.3549],[66.2993,35.3531],[66.3126,35.3435],[66.3212,35.3288],[66.3304,35.3049],[66.3452,35.2818],[66.3488,35.2697],[66.3558,35.2551],[66.3688,35.2416],[66.3971,35.2342],[66.4135,35.2227],[66.4608,35.2023],[66.4753,35.1994],[66.5292,35.184],[66.5362,35.1844]]]]}},{"type":"Feature","properties":{"district_id":"af-saripul-sangcharak","name":"Sangcharak","country":"AFG","province":"SariPul"},"geometry":{"type":"MultiPolygon","coordinates":[[[[66.5929,36.1008],[66.6011,36.0552],[66.6096,36.028],[66.6288,35.98],[66.6409,35.9607],[66.6472,35.9353],[66.6476,35.9222],[66.6442,35.9122],[66.6256,35.8824],[66.6257,35.8577],[66.6024,35.8287],[66.5959,35.8138],[66.5936,35.7954],[66.5966,35.7668],[66.5902,35.7316],[66.5843,35.7186],[66.5739,35.708],[66.541,35.6861],[66.5163,35.6733],[66.4988,35.6686],[66.4853,35.6667],[66.4488,35.6537],[66.4235,35.6406],[66.3773,35.6453],[66.3637,35.6482],[66.3531,35.6525],[66.3383,35.6655],[66.3129,35.6797],[66.2536,35.6968],[66.2359,35.7048],[66.2242,35.7133],[66.2171,35.7161],[66.1991,35.719],[66.1784,35.7265],[66.1512,35.7432],[66.1194,35.7663],[66.1037,35.7842],[66.0954,35.8029],[66.0813,35.8226],[66.0763,35.8378],[66.076,35.8598],[66.0737,35.8778],[66.0796,35.894],[66.0943,35.9079],[66.108,35.9278],[66.1176,35.9363],[66.1329,35.9416],[66.1546,35.9402],[66.167,35.9414],[66.1864,35.949],[66.1928,35.9546],[66.1991,35.9642],[66.2053,35.9855],[66.2844,35.9986],[66.2977,36.0029],[66.3184,36.0156],[66.363,36.0239],[66.4151,36.0292],[66.4343,36.0355],[66.4561,36.0376],[66.4726,36.0424],[66.482,36.0466],[66.5028,36.052],[66.5929,36.1008]]]]}},{"type":"Feature","properties":{"district_id":"af-saripul-sar-i-pulcity","name":"Sar-i-PulCity","country":"AFG","province":"SariPul"},"geometry":{"type":"MultiPolygon","coordinates":[[[[66.5696,36.5703],[66.5773,36.5734],[66.5864,36.5712],[66.5909,36.5672],[66.5921,36.5586],[66.588,36.5488],[66.5845,36.5159],[66.577,36.496],[66.5632,36.4679],[66.5468,36.4428],[66.5338,36.4125],[66.5328,36.3913],[66.541,36.368],[66.5441,36.3545],[66.5402,36.3373],[66.53,36.3225],[66.5213,36.3145],[66.513,36.3093],[66.4852,36.3064],[66.4548,36.2942],[66.4184,36.2882],[66.3978,36.2821],[66.3526,36.279],[66.3347,36.2815],[66.325,36.2806],[66.2941,36.2709],[66.2916,36.267],[66.2911,36.2595],[66.2935,36.2237],[66.2907,36.2146],[66.2799,36.203],[66.2388,36.1848],[66.1929,36.1732],[66.1744,36.1644],[66.1392,36.1386],[66.1309,36.1253],[66.133,36.1058],[66.1398,36.0917],[66.1785,36.0302],[66.1878,36.0102],[66.2032,35.9942],[66.2053,35.9855],[66.1991,35.9642],[66.1928,35.9546],[66.1864,35.949],[66.167,35.9414],[66.1546,35.9402],[66.1329,35.9416],[66.1176,35.9363],[66.108,35.9278],[66.0943,35.9079],[66.0796,35.894],[66.0565,35.9031],[66.0476,35.9103],[66.0359,35.9149],[66.0025,35.9158],[65.9792,35.9311],[65.9522,35.9417],[65.923,35.9488],[65.8992,35.9571],[65.8903,35.9585],[65.8686,35.9579],[65.8666,35.9773],[65.8581,35.9957],[65.8641,36.0503],[65.8678,36.1008],[65.8674,36.1145],[65.8595,36.1626],[65.8086,36.3371],[65.8283,36.3445],[65.8808,36.3477],[65.9106,36.3519],[65.9253,36.3573],[65.935,36.3629],[65.9493,36.3794],[65.9585,36.3978],[65.9769,36.4496],[65.9869,36.4631],[65.9975,36.471],[66.0484,36.4755],[66.07,36.4823],[66.0978,36.4938],[66.1241,36.5008],[66.1389,36.5021],[66.1618,36.5011],[66.2159,36.4929],[66.2341,36.4936],[66.2993,36.5113],[66.3618,36.5151],[66.4005,36.5121],[66.4133,36.5127],[66.4865,36.5342],[66.5195,36.5415],[66.5533,36.5568],[66.5696,36.5703]]]]}},{"type":"Feature","properties":{"district_id":"af-saripul-sayyad","name":"Sayyad","country":"AFG","province":"SariPul"},"geometry":{"type":"MultiPolygon","coordinates":[[[[65.7846,35.891],[65.7706,35.8979],[65.7623,35.8999],[65.7513,35.9066],[65.7438,35.9166],[65.7397,35.9368],[65.7314,35.9497],[65.7226,35.958],[65.7065,35.9635],[65.6667,35.9684],[65.6498,35.9677],[65.6424,35.9646],[65.5969,35.977],[65.5314,35.9817],[65.49,35.983],[65.4784,35.9855],[65.4749,35.988],[65.4637,36.0443],[65.4656,36.0678],[65.4756,36.1056],[65.4885,36.1302],[65.493,36.1473],[65.4876,36.2041],[65.4903,36.2267],[65.5009,36.2437],[65.5167,36.2577],[65.5288,36.2653],[65.5626,36.2803],[65.5852,36.2863],[65.6205,36.293],[65.651,36.309],[65.6687,36.3142],[65.7048,36.3167],[65.7485,36.3227],[65.7864,36.3297],[65.8086,36.3371],[65.8595,36.1626],[65.8674,36.1145],[65.8678,36.1008],[65.8641,36.0503],[65.8581,35.9957],[65.8666,35.9773],[65.8686,35.9579],[65.8576,35.9574],[65.8485,35.9549],[65.8371,35.9476],[65.8064,35.9166],[65.7903,35.896],[65.7846,35.891]]]]}},{"type":"Feature","properties":{"district_id":"af-saripul-sozmaqala","name":"SozmaQala","country":"AFG","province":"SariPul"},"geometry":{"type":"MultiPolygon","coordinates":[[[[66.513,36.3093],[66.5014,36.2951],[66.4891,36.2858],[66.4729,36.2773],[66.4655,36.2701],[66.4636,36.2655],[66.4683,36.2572],[66.4749,36.2526],[66.4794,36.2516],[66.4938,36.2412],[66.5577,36.2035],[66.5869,36.181],[66.5839,36.1774],[66.5837,36.1594],[66.5947,36.1313],[66.5929,36.1008],[66.5028,36.052],[66.482,36.0466],[66.4726,36.0424],[66.4561,36.0376],[66.4343,36.0355],[66.4151,36.0292],[66.363,36.0239],[66.3184,36.0156],[66.2977,36.0029],[66.2844,35.9986],[66.2053,35.9855],[66.2032,35.9942],[66.1878,36.0102],[66.1785,36.0302],[66.1398,36.0917],[66.133,36.1058],[66.1309,36.1253],[66.1392,36.1386],[66.1744,36.1644],[66.1929,36.1732],[66.2388,36.1848],[66.2799,36.203],[66.2907,36.2146],[66.2935,36.2237],[66.2911,36.2595],[66.2916,36.267],[66.2941,36.2709],[66.325,36.2806],[66.3347,36.2815],[66.3526,36.279],[66.3978,36.2821],[66.4184,36.2882],[66.4548,36.2942],[66.4852,36.3064],[66.513,36.3093]]]]}},{"type":"Feature","properties":{"district_id":"af-takhar-bangi","name":"Bangi","country":"AFG","province":"Takhar"},"geometry":{"type":"MultiPolygon","coordinates":[[[[69.2473,36.4829],[69.2265,36.5388],[69.2235,36.5602],[69.2275,36.578],[69.2409,36.6052],[69.2546,36.6387],[69.2533,36.653],[69.2466,36.6685],[69.2364,36.682],[69.2231,36.693],[69.2136,36.7062],[69.21,36.7126],[69.2073,36.7299],[69.2031,36.7393],[69.2295,36.7423],[69.2537,36.7382],[69.2699,36.739],[69.2958,36.7464],[69.3144,36.7494],[69.3404,36.7458],[69.3583,36.7415],[69.3722,36.7324],[69.3767,36.7269],[69.3829,36.7002],[69.3968,36.686],[69.4245,36.6662],[69.446,36.6578],[69.4621,36.6539],[69.522,36.6347],[69.5291,36.6304],[69.5373,36.621],[69.5583,36.6114],[69.5664,36.606],[69.5576,36.6003],[69.5297,36.591],[69.5065,36.5767],[69.4914,36.5575],[69.4846,36.545],[69.4779,36.5203],[69.4719,36.5096],[69.4545,36.496],[69.423,36.4852],[69.3969,36.4832],[69.3537,36.4858],[69.3107,36.485],[69.2647,36.4872],[69.2473,36.4829]]]]}},{"type":"Feature","properties":{"district_id":"af-takhar-chahab","name":"ChahAb","country":"AFG","province":"Takhar"},"geometry":{"type":"MultiPolygon","coordinates":[[[[70.05,37.5417],[70.0247,37.5216],[70.0146,37.4946],[70.003,37.4771],[69.994,37.4583],[69.9659,37.4269],[69.9626,37.415],[69.9615,37.4013],[69.9632,37.3925],[69.9781,37.3533],[69.99,37.3288],[70.0142,37.299],[70.0233,37.279],[70.0237,37.2735],[70.0142,37.2667],[70.0029,37.2633],[69.9875,37.2639],[69.9701,37.2677],[69.9391,37.2814],[69.907,37.2991],[69.8868,37.3031],[69.8776,37.3068],[69.8619,37.3091],[69.8555,37.3084],[69.8456,37.303],[69.8391,37.2969],[69.8249,37.2944],[69.8144,37.2973],[69.7966,37.3106],[69.7756,37.3201],[69.7671,37.3261],[69.744,37.3542],[69.7446,37.3636],[69.7623,37.3654],[69.774,37.3686],[69.7801,37.3721],[69.7895,37.3848],[69.7914,37.3986],[69.7892,37.4123],[69.7819,37.4301],[69.7815,37.4642],[69.7743,37.4742],[69.753,37.4954],[69.7457,37.5097],[69.7441,37.5217],[69.7459,37.5275],[69.7514,37.5354],[69.7752,37.5526],[69.7959,37.5747],[69.8044,37.5722],[69.815,37.5735],[69.8211,37.5805],[69.8319,37.5978],[69.8439,37.6074],[69.8605,37.6135],[69.8993,37.6157],[69.9155,37.6139],[69.9289,37.6094],[69.9409,37.6091],[69.9504,37.592],[69.9513,37.5719],[69.9555,37.5684],[69.9663,37.5668],[69.9946,37.5701],[69.9995,37.565],[70.0018,37.5592],[70.0072,37.5546],[70.0175,37.5508],[70.0229,37.546],[70.0396,37.5492],[70.0443,37.5472],[70.05,37.5417]]]]}},{"type":"Feature","properties":{"district_id":"af-takhar-chal","name":"Chal","country":"AFG","province":"Takhar"},"geometry":{"type":"MultiPolygon","coordinates":[[[[69.6819,36.3537],[69.6662,36.3468],[69.6471,36.3341],[69.6075,36.314],[69.5637,36.2968],[69.5486,36.2928],[69.5225,36.2888],[69.5153,36.2862],[69.4949,36.2715],[69.4701,36.2627],[69.4409,36.2496],[69.4467,36.2654],[69.4517,36.2738],[69.493,36.3901],[69.4979,36.4163],[69.4979,36.4282],[69.4961,36.4362],[69.482,36.4567],[69.4745,36.4741],[69.4588,36.4934],[69.4545,36.496],[69.4719,36.5096],[69.4779,36.5203],[69.4846,36.545],[69.4914,36.5575],[69.5065,36.5767],[69.5297,36.591],[69.5576,36.6003],[69.5664,36.606],[69.5733,36.6013],[69.5938,36.5928],[69.6034,36.5828],[69.6498,36.549],[69.6646,36.5342],[69.6781,36.517],[69.6896,36.5104],[69.7034,36.5048],[69.7184,36.4898],[69.7246,36.4798],[69.7298,36.4657],[69.73,36.4523],[69.7177,36.4238],[69.699,36.401],[69.6868,36.3802],[69.6819,36.3537]]]]}},{"type":"Feature","properties":{"district_id":"af-takhar-darqad","name":"Darqad","country":"AFG","province":"Takhar"},"geometry":{"type":"MultiPolygon","coordinates":[[[[69.7368,37.5889],[69.711,37.5665],[69.6787,37.527],[69.6655,37.5171],[69.6485,37.5116],[69.6388,37.5054],[69.6259,37.489],[69.6004,37.4701],[69.5871,37.4504],[69.5653,37.4312],[69.5475,37.409],[69.5342,37.3984],[69.5262,37.3831],[69.5005,37.348],[69.4938,37.3299],[69.4859,37.3162],[69.4753,37.3033],[69.4601,37.2912],[69.4306,37.273],[69.4196,37.258],[69.4166,37.2681],[69.4079,37.2809],[69.4147,37.2883],[69.4123,37.2956],[69.403,37.3007],[69.3994,37.3056],[69.404,37.3119],[69.4036,37.3181],[69.392,37.3163],[69.3854,37.3214],[69.3825,37.3302],[69.3832,37.3373],[69.3867,37.3506],[69.3935,37.3541],[69.3917,37.3619],[69.3845,37.3625],[69.3804,37.3647],[69.3789,37.3755],[69.3749,37.3804],[69.374,37.388],[69.3798,37.3947],[69.378,37.4002],[69.3735,37.4038],[69.3718,37.4098],[69.3792,37.4278],[69.379,37.4354],[69.3868,37.441],[69.393,37.4514],[69.4108,37.4562],[69.416,37.4609],[69.4193,37.4678],[69.4259,37.4753],[69.4304,37.4872],[69.4391,37.4914],[69.4484,37.4896],[69.4549,37.4998],[69.4533,37.505],[69.4627,37.5134],[69.4779,37.5224],[69.4931,37.524],[69.4987,37.5395],[69.5121,37.55],[69.5128,37.5616],[69.5211,37.5735],[69.5231,37.5804],[69.5305,37.5892],[69.5367,37.5923],[69.5421,37.5909],[69.5504,37.5847],[69.5688,37.5797],[69.6092,37.5742],[69.6278,37.5776],[69.6495,37.5766],[69.6629,37.5778],[69.6722,37.5764],[69.6842,37.5781],[69.704,37.5762],[69.7125,37.5777],[69.731,37.5875],[69.7368,37.5889]]]]}},{"type":"Feature","properties":{"district_id":"af-takhar-farkhar","name":"Farkhar","country":"AFG","province":"Takhar"},"geometry":{"type":"MultiPolygon","coordinates":[[[[70.0242,36.6584],[70.0341,36.6493],[70.0667,36.6337],[70.0846,36.6199],[70.0989,36.5975],[70.1029,36.5863],[70.1065,36.5591],[70.1131,36.5466],[70.1172,36.5308],[70.1186,36.5071],[70.1172,36.4944],[70.1102,36.4749],[70.0988,36.457],[70.0857,36.4413],[70.0839,36.4257],[70.0723,36.4193],[70.0548,36.4065],[70.0424,36.3892],[70.0366,36.3751],[70.0271,36.3619],[69.9916,36.3382],[69.9665,36.3264],[69.9475,36.3154],[69.9012,36.2979],[69.8807,36.2829],[69.8285,36.2738],[69.8059,36.2613],[69.7823,36.254],[69.7706,36.2462],[69.7586,36.235],[69.7392,36.2464],[69.7304,36.2465],[69.716,36.2423],[69.7075,36.2445],[69.6985,36.2524],[69.6955,36.2605],[69.6927,36.277],[69.6857,36.2914],[69.6816,36.3056],[69.6861,36.3468],[69.6819,36.3537],[69.6868,36.3802],[69.699,36.401],[69.7177,36.4238],[69.73,36.4523],[69.7298,36.4657],[69.7246,36.4798],[69.7184,36.4898],[69.7034,36.5048],[69.6896,36.5104],[69.6781,36.517],[69.6646,36.5342],[69.6498,36.549],[69.6034,36.5828],[69.5938,36.5928],[69.5733,36.6013],[69.5664,36.606],[69.5724,36.6096],[69.599,36.6365],[69.6025,36.6462],[69.6041,36.6745],[69.6079,36.6851],[69.6119,36.6906],[69.6167,36.6941],[69.6292,36.6826],[69.6474,36.6596],[69.673,36.6376],[69.6814,36.6342],[69.6999,36.6297],[69.8038,36.6175],[69.8372,36.6248],[69.8588,36.6264],[69.8715,36.6321],[69.8926,36.647],[69.9064,36.6625],[69.9262,36.6791],[69.9386,36.685],[69.9515,36.6869],[69.9618,36.6848],[69.9687,36.6802],[69.9824,36.6672],[69.9937,36.6624],[70.0242,36.6584]]]]}},{"type":"Feature","properties":{"district_id":"af-takhar-ishkamish","name":"Ishkamish","country":"AFG","province":"Takhar"},"geometry":{"type":"MultiPolygon","coordinates":[[[[69.4409,36.2496],[69.3711,36.2423],[69.3621,36.2369],[69.35,36.2198],[69.3451,36.2198],[69.3109,36.2423],[69.2876,36.2459],[69.2821,36.2484],[69.2766,36.2544],[69.2729,36.2644],[69.2653,36.2739],[69.2407,36.2865],[69.2237,36.3039],[69.2174,36.3284],[69.1988,36.3552],[69.1847,36.3908],[69.1849,36.4012],[69.1889,36.4131],[69.1883,36.4307],[69.1746,36.4469],[69.17,36.458],[69.1693,36.4656],[69.1725,36.4696],[69.1783,36.472],[69.2345,36.4666],[69.244,36.4675],[69.2471,36.4715],[69.2486,36.4773],[69.2473,36.4829],[69.2647,36.4872],[69.3107,36.485],[69.3537,36.4858],[69.3969,36.4832],[69.423,36.4852],[69.4545,36.496],[69.4588,36.4934],[69.4745,36.4741],[69.482,36.4567],[69.4961,36.4362],[69.4979,36.4282],[69.4979,36.4163],[69.493,36.3901],[69.4517,36.2738],[69.4467,36.2654],[69.4409,36.2496]]]]}},{"type":"Feature","properties":{"district_id":"af-takhar-kalafgan","name":"Kalafgan","country":"AFG","province":"Takhar"},"geometry":{"type":"MultiPolygon","coordinates":[[[[70.0294,36.9202],[70.023,36.9069],[70.0176,36.8795],[70.009,36.8557],[70.0078,36.818],[70.0102,36.8112],[70.0209,36.7947],[70.0241,36.7805],[70.0229,36.77],[70.0146,36.7403],[70.014,36.6959],[70.0178,36.6727],[70.0242,36.6584],[69.9937,36.6624],[69.9824,36.6672],[69.9687,36.6802],[69.9618,36.6848],[69.9515,36.6869],[69.9386,36.685],[69.9262,36.6791],[69.9064,36.6625],[69.8926,36.647],[69.8715,36.6321],[69.8588,36.6264],[69.8372,36.6248],[69.8038,36.6175],[69.6999,36.6297],[69.6814,36.6342],[69.673,36.6376],[69.6474,36.6596],[69.6292,36.6826],[69.6167,36.6941],[69.6213,36.6968],[69.6409,36.6986],[69.6703,36.6935],[69.697,36.6944],[69.7187,36.7008],[69.7358,36.7003],[69.7414,36.7015],[69.7603,36.7174],[69.7701,36.7237],[69.7773,36.733],[69.7808,36.7421],[69.78,36.7466],[69.7761,36.7522],[69.7483,36.7765],[69.7413,36.7932],[69.7316,36.8002],[69.7188,36.8163],[69.6872,36.8311],[69.6535,36.8532],[69.6397,36.8571],[69.6537,36.8604],[69.6812,36.8609],[69.7166,36.8547],[69.7448,36.857],[69.7558,36.8547],[69.7692,36.8459],[69.7789,36.8431],[69.794,36.8479],[69.798,36.8546],[69.7983,36.8605],[69.7911,36.8759],[69.7957,36.8833],[69.8173,36.884],[69.8269,36.8862],[69.8423,36.8814],[69.8511,36.872],[69.8604,36.8698],[69.8685,36.8726],[69.8822,36.8838],[69.8956,36.8897],[69.8986,36.9025],[69.904,36.9073],[69.9096,36.9086],[69.9264,36.9037],[69.9317,36.904],[69.9408,36.9088],[69.9594,36.9063],[69.9662,36.908],[69.9751,36.9134],[69.9942,36.913],[70.0053,36.9195],[70.0294,36.9202]]]]}},{"type":"Feature","properties":{"district_id":"af-takhar-khwajaghar","name":"KhwajaGhar","country":"AFG","province":"Takhar"},"geometry":{"type":"MultiPolygon","coordinates":[[[[69.2958,36.8411],[69.2995,36.8543],[69.3219,36.8972],[69.335,36.9313],[69.3331,36.9579],[69.3217,36.9771],[69.3218,36.989],[69.3248,36.9959],[69.3302,37.0018],[69.3304,37.0079],[69.3152,37.0283],[69.3108,37.0391],[69.3198,37.0555],[69.3533,37.0929],[69.3561,37.0996],[69.3555,37.1086],[69.3517,37.1172],[69.3333,37.1363],[69.3457,37.1485],[69.354,37.1529],[69.3677,37.1641],[69.3771,37.1683],[69.3826,37.1688],[69.3927,37.1673],[69.4072,37.1483],[69.4246,37.1323],[69.4441,37.1012],[69.4687,37.0737],[69.4756,37.0681],[69.4856,37.0628],[69.5135,37.0562],[69.5297,37.0444],[69.5475,37.0286],[69.5685,37.0198],[69.5779,37.0137],[69.5867,37.0],[69.5975,36.9909],[69.61,36.9859],[69.6332,36.98],[69.6366,36.9774],[69.6435,36.9667],[69.6574,36.9541],[69.6649,36.9413],[69.6714,36.9389],[69.6827,36.9385],[69.6847,36.9313],[69.6879,36.9282],[69.7077,36.9186],[69.7102,36.9089],[69.7088,36.9014],[69.7105,36.8965],[69.7189,36.8889],[69.7309,36.8864],[69.7348,36.8835],[69.7366,36.8777],[69.7351,36.8638],[69.7448,36.857],[69.7166,36.8547],[69.6812,36.8609],[69.6537,36.8604],[69.6397,36.8571],[69.603,36.8566],[69.5818,36.8534],[69.536,36.8538],[69.5019,36.8484],[69.3864,36.8604],[69.3651,36.8556],[69.3289,36.8411],[69.3181,36.8396],[69.2958,36.8411]]]]}},{"type":"Feature","properties":{"district_id":"af-takhar-rustaq","name":"Rustaq","country":"AFG","province":"Takhar"},"geometry":{"type":"MultiPolygon","coordinates":[[[[70.1674,37.1249],[70.1605,37.1056],[70.1553,37.0781],[70.1497,37.0664],[70.1252,37.0443],[70.1193,37.0416],[70.1041,37.0255],[70.0988,37.0111],[70.0998,37.0026],[70.086,36.9997],[70.0761,36.9933],[70.0657,36.9904],[70.0574,36.9855],[70.048,36.9764],[70.0429,36.967],[70.0378,36.9372],[70.0294,36.9202],[70.0053,36.9195],[69.9942,36.913],[69.9751,36.9134],[69.9662,36.908],[69.9594,36.9063],[69.9408,36.9088],[69.9317,36.904],[69.9264,36.9037],[69.9096,36.9086],[69.904,36.9073],[69.8986,36.9025],[69.8956,36.8897],[69.8822,36.8838],[69.8685,36.8726],[69.8604,36.8698],[69.8511,36.872],[69.8423,36.8814],[69.8269,36.8862],[69.8173,36.884],[69.7957,36.8833],[69.7911,36.8759],[69.7983,36.8605],[69.798,36.8546],[69.794,36.8479],[69.7789,36.8431],[69.7692,36.8459],[69.7558,36.8547],[69.7448,36.857],[69.7351,36.8638],[69.7366,36.8777],[69.7348,36.8835],[69.7309,36.8864],[69.7189,36.8889],[69.7105,36.8965],[69.7088,36.9014],[69.7102,36.9089],[69.7077,36.9186],[69.6879,36.9282],[69.6847,36.9313],[69.6827,36.9385],[69.7017,36.9635],[69.706,36.9724],[69.7142,36.9831],[69.7189,36.994],[69.7191,37.0023],[69.7155,37.0145],[69.7156,37.0341],[69.7139,37.0401],[69.7069,37.0498],[69.7073,37.0803],[69.7057,37.0861],[69.6908,37.0972],[69.6874,37.1022],[69.6888,37.108],[69.6974,37.1187],[69.6948,37.133],[69.6765,37.1531],[69.6806,37.1579],[69.6898,37.1632],[69.6919,37.1676],[69.6915,37.173],[69.6674,37.1981],[69.649,37.2397],[69.6461,37.245],[69.6339,37.258],[69.6316,37.2647],[69.6429,37.2841],[69.6432,37.2893],[69.6397,37.3004],[69.6413,37.3065],[69.6554,37.323],[69.6613,37.3351],[69.6693,37.3446],[69.6877,37.3548],[69.7195,37.3646],[69.7446,37.3636],[69.744,37.3542],[69.7671,37.3261],[69.7756,37.3201],[69.7966,37.3106],[69.8144,37.2973],[69.8249,37.2944],[69.8391,37.2969],[69.8456,37.303],[69.8555,37.3084],[69.8619,37.3091],[69.8776,37.3068],[69.8868,37.3031],[69.907,37.2991],[69.9391,37.2814],[69.9701,37.2677],[69.9875,37.2639],[70.0029,37.2633],[70.0142,37.2667],[70.0237,37.2735],[70.0244,37.264],[70.0199,37.2482],[70.0293,37.2422],[70.0302,37.2205],[70.0398,37.1762],[70.0451,37.1693],[70.0534,37.1622],[70.0683,37.1566],[70.1082,37.1557],[70.1323,37.149],[70.1586,37.135],[70.1674,37.1249]]]]}},{"type":"Feature","properties":{"district_id":"af-takhar-taluqan","name":"Taluqan","country":"AFG","province":"Takhar"},"geometry":{"type":"MultiPolygon","coordinates":[[[[69.1778,36.7739],[69.1827,36.7804],[69.1923,36.7885],[69.2136,36.7983],[69.2742,36.8113],[69.2849,36.8201],[69.292,36.83],[69.2958,36.8411],[69.3181,36.8396],[69.3289,36.8411],[69.3651,36.8556],[69.3864,36.8604],[69.5019,36.8484],[69.536,36.8538],[69.5818,36.8534],[69.603,36.8566],[69.6397,36.8571],[69.6535,36.8532],[69.6872,36.8311],[69.7188,36.8163],[69.7316,36.8002],[69.7413,36.7932],[69.7483,36.7765],[69.7761,36.7522],[69.78,36.7466],[69.7808,36.7421],[69.7773,36.733],[69.7701,36.7237],[69.7603,36.7174],[69.7414,36.7015],[69.7358,36.7003],[69.7187,36.7008],[69.697,36.6944],[69.6703,36.6935],[69.6409,36.6986],[69.6213,36.6968],[69.6167,36.6941],[69.6119,36.6906],[69.6079,36.6851],[69.6041,36.6745],[69.6025,36.6462],[69.599,36.6365],[69.5724,36.6096],[69.5664,36.606],[69.5583,36.6114],[69.5373,36.621],[69.5291,36.6304],[69.522,36.6347],[69.4621,36.6539],[69.446,36.6578],[69.4245,36.6662],[69.3968,36.686],[69.3829,36.7002],[69.3767,36.7269],[69.3722,36.7324],[69.3583,36.7415],[69.3404,36.7458],[69.3144,36.7494],[69.2958,36.7464],[69.2699,36.739],[69.2537,36.7382],[69.2295,36.7423],[69.2031,36.7393],[69.1876,36.757],[69.1793,36.7635],[69.1778,36.7739]]]]}},{"type":"Feature","properties":{"district_id":"af-takhar-warsaj","name":"Warsaj","country":"AFG","province":"Takhar"},"geometry":{"type":"MultiPolygon","coordinates":[[[[70.4608,36.3016],[70.4702,36.2973],[70.4811,36.2839],[70.4815,36.2777],[70.4783,36.2701],[70.4561,36.2434],[70.4536,36.2349],[70.4591,36.2153],[70.4805,36.1766],[70.4914,36.1491],[70.4926,36.1377],[70.4813,36.1172],[70.4501,36.0811],[70.4253,36.0444],[70.4262,36.0374],[70.4292,36.0339],[70.4386,36.0311],[70.4602,36.0189],[70.4624,36.0136],[70.4611,36.007],[70.4499,36.0036],[70.4452,35.9993],[70.4387,35.9702],[70.4354,35.9651],[70.408,35.9511],[70.3841,35.9431],[70.3281,35.9037],[70.3032,35.8928],[70.2754,35.8879],[70.2591,35.8765],[70.248,35.8745],[70.2335,35.8759],[70.2263,35.8797],[70.2157,35.8893],[70.2028,35.894],[70.191,35.9026],[70.1807,35.9016],[70.1737,35.8945],[70.1705,35.8852],[70.167,35.8641],[70.1638,35.8571],[70.1551,35.8512],[70.1398,35.8478],[70.1324,35.8445],[70.1256,35.8301],[70.1187,35.8235],[70.1118,35.8222],[70.0992,35.8244],[70.0739,35.8182],[70.0678,35.8181],[70.0574,35.8228],[70.049,35.8219],[70.0434,35.8191],[70.03,35.8036],[70.0204,35.8003],[70.0033,35.7881],[69.989,35.7826],[69.9835,35.7836],[69.9782,35.7887],[69.9736,35.8209],[69.9742,35.8525],[69.9707,35.8609],[69.9737,35.8821],[69.9727,35.8877],[69.9535,35.9212],[69.9485,35.9273],[69.9371,35.9361],[69.9286,35.9486],[69.9191,35.9554],[69.8994,35.9632],[69.8878,35.9742],[69.8801,35.9897],[69.8731,36.0114],[69.8548,36.0497],[69.844,36.0625],[69.8346,36.0689],[69.8144,36.076],[69.8002,36.083],[69.7861,36.0934],[69.775,36.107],[69.7707,36.1245],[69.7722,36.1387],[69.7804,36.154],[69.7898,36.1659],[69.7946,36.1697],[69.7977,36.1782],[69.7978,36.185],[69.7948,36.1935],[69.7814,36.2172],[69.7737,36.2257],[69.7586,36.235],[69.7706,36.2462],[69.7823,36.254],[69.8059,36.2613],[69.8285,36.2738],[69.8807,36.2829],[69.9012,36.2979],[69.9475,36.3154],[69.9665,36.3264],[69.9916,36.3382],[70.0271,36.3619],[70.0366,36.3751],[70.0424,36.3892],[70.0548,36.4065],[70.0723,36.4193],[70.0839,36.4257],[70.0911,36.4179],[70.0957,36.4156],[70.1206,36.409],[70.1276,36.4052],[70.142,36.3862],[70.1658,36.3715],[70.1782,36.3585],[70.1841,36.3545],[70.2303,36.3395],[70.246,36.3286],[70.2678,36.3237],[70.3268,36.3238],[70.4006,36.3158],[70.4235,36.3109],[70.4394,36.3047],[70.4608,36.3016]]]]}},{"type":"Feature","properties":{"district_id":"af-takhar-yangiqala","name":"YangiQala","country":"AFG","province":"Takhar"},"geometry":{"type":"MultiPolygon","coordinates":[[[[69.7959,37.5747],[69.7752,37.5526],[69.7514,37.5354],[69.7459,37.5275],[69.7441,37.5217],[69.7457,37.5097],[69.753,37.4954],[69.7743,37.4742],[69.7815,37.4642],[69.7819,37.4301],[69.7892,37.4123],[69.7914,37.3986],[69.7895,37.3848],[69.7801,37.3721],[69.774,37.3686],[69.7623,37.3654],[69.7446,37.3636],[69.7195,37.3646],[69.6877,37.3548],[69.6693,37.3446],[69.6613,37.3351],[69.6554,37.323],[69.6413,37.3065],[69.6397,37.3004],[69.6432,37.2893],[69.6429,37.2841],[69.6316,37.2647],[69.6339,37.258],[69.6461,37.245],[69.649,37.2397],[69.6674,37.1981],[69.6915,37.173],[69.6919,37.1676],[69.6898,37.1632],[69.6806,37.1579],[69.6765,37.1531],[69.6948,37.133],[69.6974,37.1187],[69.6888,37.108],[69.6874,37.1022],[69.6908,37.0972],[69.7057,37.0861],[69.7073,37.0803],[69.7069,37.0498],[69.7139,37.0401],[69.7156,37.0341],[69.7155,37.0145],[69.7191,37.0023],[69.7189,36.994],[69.7142,36.9831],[69.706,36.9724],[69.7017,36.9635],[69.6827,36.9385],[69.6714,36.9389],[69.6649,36.9413],[69.6574,36.9541],[69.6435,36.9667],[69.6366,36.9774],[69.6332,36.98],[69.61,36.9859],[69.5975,36.9909],[69.5867,37.0],[69.5779,37.0137],[69.5685,37.0198],[69.5475,37.0286],[69.5297,37.0444],[69.5135,37.0562],[69.4856,37.0628],[69.4756,37.0681],[69.4687,37.0737],[69.4441,37.1012],[69.4246,37.1323],[69.4072,37.1483],[69.3927,37.1673],[69.3989,37.1668],[69.4056,37.1716],[69.4207,37.1932],[69.4258,37.2048],[69.4504,37.2313],[69.4508,37.2371],[69.447,37.2395],[69.4276,37.236],[69.4168,37.2377],[69.4139,37.2441],[69.4196,37.258],[69.4306,37.273],[69.4601,37.2912],[69.4753,37.3033],[69.4859,37.3162],[69.4938,37.3299],[69.5005,37.348],[69.5262,37.3831],[69.5342,37.3984],[69.5475,37.409],[69.5653,37.4312],[69.5871,37.4504],[69.6004,37.4701],[69.6259,37.489],[69.6388,37.5054],[69.6485,37.5116],[69.6655,37.5171],[69.6787,37.527],[69.711,37.5665],[69.7368,37.5889],[69.7711,37.5864],[69.7848,37.5812],[69.7959,37.5747]]]]}},{"type":"Feature","properties":{"district_id":"af-uruzgan-chora","name":"Chora","country":"AFG","province":"Uruzgan"},"geometry":{"type":"MultiPolygon","coordinates":[[[[65.9567,33.043],[65.9704,33.0528],[65.9993,33.0633],[66.0174,33.0745],[66.0406,33.0799],[66.049,33.0859],[66.0585,33.097],[66.0618,33.1189],[66.0616,33.1542],[66.0633,33.1691],[66.0709,33.1863],[66.0773,33.1953],[66.091,33.2051],[66.111,33.2107],[66.1242,33.2114],[66.1427,33.216],[66.1689,33.2326],[66.205,33.2483],[66.2384,33.2731],[66.2665,33.2852],[66.3075,33.3126],[66.3235,33.3205],[66.3422,33.3261],[66.3754,33.3285],[66.3948,33.3335],[66.408,33.3423],[66.4218,33.349],[66.4333,33.3499],[66.4615,33.3331],[66.4701,33.3298],[66.4856,33.3188],[66.497,33.2993],[66.5093,33.2883],[66.5379,33.2679],[66.551,33.2509],[66.5642,33.2388],[66.5609,33.2348],[66.5391,33.1661],[66.5392,33.1458],[66.5418,33.1359],[66.5417,33.1244],[66.534,33.1053],[66.5074,33.0685],[66.4927,33.0525],[66.4532,33.0176],[66.4434,33.0051],[66.4323,32.9952],[66.3713,32.9584],[66.3364,32.9403],[66.328,32.9333],[66.3037,32.907],[66.2972,32.8937],[66.2979,32.8868],[66.3075,32.8694],[66.3203,32.8536],[66.3547,32.8334],[66.3669,32.8291],[66.3973,32.822],[66.45,32.8133],[66.4975,32.8137],[66.5273,32.8089],[66.5419,32.8032],[66.5505,32.7968],[66.5764,32.7599],[66.5473,32.7609],[66.5353,32.7551],[66.515,32.715],[66.5049,32.7031],[66.4752,32.6867],[66.4495,32.686],[66.435,32.6829],[66.4263,32.6785],[66.4205,32.6727],[66.4016,32.6637],[66.3958,32.6488],[66.3809,32.6358],[66.3766,32.6283],[66.3781,32.6222],[66.3843,32.6131],[66.3812,32.6058],[66.3739,32.6012],[66.3581,32.5855],[66.3505,32.5667],[66.3508,32.5515],[66.3656,32.536],[66.3638,32.5297],[66.3305,32.5176],[66.3144,32.5077],[66.3,32.4835],[66.2845,32.4722],[66.2549,32.4601],[66.2444,32.4597],[66.2299,32.471],[66.2244,32.4728],[66.2184,32.4717],[66.2135,32.4673],[66.2054,32.465],[66.1957,32.4662],[66.1898,32.4688],[66.1755,32.4676],[66.1706,32.4743],[66.1606,32.4779],[66.134,32.4817],[66.1219,32.486],[66.1116,32.4927],[66.1011,32.5054],[66.0919,32.5125],[66.0545,32.5254],[66.0507,32.5284],[66.0492,32.5364],[66.0527,32.5444],[66.0594,32.5508],[66.0992,32.5707],[66.1316,32.5842],[66.1454,32.5935],[66.1587,32.6068],[66.1635,32.6148],[66.1642,32.6234],[66.1606,32.6354],[66.1387,32.6749],[66.1275,32.701],[66.1175,32.7129],[66.1054,32.722],[66.0783,32.7366],[66.0601,32.7422],[66.0262,32.7565],[65.9977,32.7595],[65.9796,32.7675],[65.9688,32.7764],[65.9462,32.7901],[65.9414,32.7962],[65.9388,32.8027],[65.939,32.8288],[65.9549,32.8515],[65.9799,32.8662],[66.0089,32.8712],[66.0238,32.8816],[66.0301,32.8932],[66.0343,32.9283],[66.0469,32.9482],[66.049,32.9578],[66.0457,32.9659],[66.0309,32.9734],[66.0193,32.9764],[66.0036,32.9775],[65.9881,32.9868],[65.973,32.9908],[65.9622,32.9978],[65.9342,32.9996],[65.9324,33.006],[65.9329,33.0137],[65.9361,33.0216],[65.9517,33.0364],[65.9567,33.043]]]]}},{"type":"Feature","properties":{"district_id":"af-uruzgan-dihrawud","name":"Dihrawud","country":"AFG","province":"Uruzgan"},"geometry":{"type":"MultiPolygon","coordinates":[[[[65.2068,32.264],[65.2115,32.2918],[65.2099,32.3149],[65.2135,32.3334],[65.2206,32.3512],[65.2305,32.369],[65.2588,32.4523],[65.2583,32.4568],[65.2682,32.4995],[65.2729,32.5538],[65.2788,32.5875],[65.2761,32.6003],[65.2682,32.6081],[65.2594,32.6206],[65.2758,32.6353],[65.2807,32.6427],[65.3045,32.6658],[65.3106,32.674],[65.3307,32.6921],[65.3393,32.7048],[65.3455,32.7497],[65.3516,32.7781],[65.3622,32.8001],[65.3971,32.843],[65.3993,32.8488],[65.4085,32.8614],[65.4268,32.898],[65.4383,32.9106],[65.455,32.92],[65.4598,32.9243],[65.4805,32.9329],[65.4902,32.9345],[65.5017,32.931],[65.5178,32.9204],[65.5391,32.9137],[65.562,32.8997],[65.6024,32.8907],[65.6131,32.8869],[65.6433,32.8686],[65.6935,32.8443],[65.7042,32.8423],[65.7113,32.8428],[65.7247,32.8487],[65.7235,32.8307],[65.7251,32.8135],[65.7228,32.8014],[65.726,32.7902],[65.733,32.7849],[65.7369,32.7761],[65.7375,32.7544],[65.731,32.7251],[65.725,32.7174],[65.7147,32.7095],[65.6907,32.6986],[65.682,32.6884],[65.6746,32.6743],[65.6725,32.6605],[65.6753,32.6411],[65.6885,32.6021],[65.6895,32.5832],[65.6838,32.577],[65.6738,32.575],[65.6484,32.5749],[65.5673,32.5818],[65.549,32.5786],[65.5418,32.5751],[65.5303,32.5638],[65.526,32.5536],[65.5222,32.5373],[65.5221,32.5293],[65.523,32.5192],[65.5293,32.5012],[65.5289,32.489],[65.5255,32.4731],[65.5203,32.4637],[65.5148,32.4573],[65.503,32.4508],[65.4736,32.4479],[65.4567,32.4419],[65.4492,32.4345],[65.4441,32.4198],[65.446,32.384],[65.4437,32.3704],[65.437,32.3485],[65.4234,32.3202],[65.4214,32.3127],[65.4219,32.2988],[65.4302,32.2751],[65.4182,32.274],[65.3864,32.2787],[65.373,32.2792],[65.3642,32.2812],[65.3386,32.2944],[65.3272,32.2959],[65.3145,32.2951],[65.3048,32.2926],[65.2851,32.2795],[65.2583,32.25],[65.2522,32.2476],[65.2395,32.2464],[65.2273,32.2497],[65.2121,32.2583],[65.2068,32.264]]]]}},{"type":"Feature","properties":{"district_id":"af-uruzgan-khasuruzgan","name":"KhasUruzgan","country":"AFG","province":"Uruzgan"},"geometry":{"type":"MultiPolygon","coordinates":[[[[66.5642,33.2388],[66.5885,33.2469],[66.6079,33.2507],[66.6267,33.2587],[66.6393,33.2671],[66.6845,33.2891],[66.7022,33.3011],[66.7112,33.3046],[66.733,33.3093],[66.7413,33.3138],[66.7495,33.3207],[66.7563,33.3124],[66.7593,33.3018],[66.7589,33.2957],[66.7522,33.2802],[66.753,33.2694],[66.7578,33.2644],[66.7723,33.2612],[66.7918,33.263],[66.8212,33.2751],[66.8341,33.2783],[66.8836,33.2841],[66.9244,33.2834],[66.9444,33.2885],[66.9706,33.2996],[66.9994,33.3046],[67.0482,33.3103],[67.063,33.3106],[67.0731,33.3084],[67.0814,33.3035],[67.0853,33.299],[67.0895,33.2901],[67.0955,33.2674],[67.1013,33.2542],[67.1027,33.2458],[67.102,33.2351],[67.0983,33.2243],[67.0829,33.2034],[67.054,33.1851],[67.038,33.1672],[67.0218,33.1595],[67.0089,33.1568],[67.0045,33.1568],[66.9989,33.1597],[66.9841,33.1602],[66.969,33.1572],[66.964,33.1506],[66.9587,33.1477],[66.9535,33.1421],[66.9492,33.1271],[66.9405,33.1159],[66.928,33.1062],[66.9262,33.1017],[66.926,33.0858],[66.9211,33.0757],[66.9113,33.0682],[66.8883,33.0424],[66.8793,33.0283],[66.8727,33.0127],[66.8721,33.0068],[66.8669,32.9922],[66.8662,32.9778],[66.8677,32.9643],[66.8823,32.9407],[66.8856,32.9258],[66.8833,32.9198],[66.8659,32.8974],[66.8391,32.8774],[66.8355,32.8714],[66.8256,32.842],[66.8204,32.8342],[66.8071,32.8214],[66.7968,32.8152],[66.773,32.8074],[66.7438,32.7937],[66.723,32.7815],[66.698,32.7635],[66.6754,32.7418],[66.6333,32.687],[66.6201,32.6747],[66.6067,32.6688],[66.5994,32.6726],[66.5981,32.6788],[66.6036,32.6972],[66.6192,32.7318],[66.6187,32.7506],[66.6178,32.756],[66.6152,32.7597],[66.6073,32.7642],[66.5984,32.7646],[66.5764,32.7599],[66.5505,32.7968],[66.5419,32.8032],[66.5273,32.8089],[66.4975,32.8137],[66.45,32.8133],[66.3973,32.822],[66.3547,32.8334],[66.3203,32.8536],[66.3075,32.8694],[66.2979,32.8868],[66.2972,32.8937],[66.3037,32.907],[66.328,32.9333],[66.3364,32.9403],[66.3713,32.9584],[66.4323,32.9952],[66.4434,33.0051],[66.4532,33.0176],[66.4927,33.0525],[66.5074,33.0685],[66.534,33.1053],[66.5417,33.1244],[66.5418,33.1359],[66.5392,33.1458],[66.5391,33.1661],[66.5609,33.2348],[66.5642,33.2388]]]]}},{"type":"Feature","properties":{"district_id":"af-uruzgan-nesh","name":"Nesh","country":"AFG","province":"Uruzgan"},"geometry":{"type":"MultiPolygon","coordinates":[[[[65.5442,32.2681],[65.5163,32.2782],[65.5073,32.2797],[65.4925,32.2798],[65.4631,32.2759],[65.4302,32.2751],[65.4219,32.2988],[65.4214,32.3127],[65.4234,32.3202],[65.437,32.3485],[65.4437,32.3704],[65.446,32.384],[65.4441,32.4198],[65.4492,32.4345],[65.4567,32.4419],[65.4736,32.4479],[65.503,32.4508],[65.5148,32.4573],[65.5203,32.4637],[65.5255,32.4731],[65.5289,32.489],[65.5293,32.5012],[65.523,32.5192],[65.5221,32.5293],[65.5222,32.5373],[65.526,32.5536],[65.5303,32.5638],[65.5418,32.5751],[65.549,32.5786],[65.5673,32.5818],[65.6484,32.5749],[65.6738,32.575],[65.6838,32.577],[65.6895,32.5832],[65.6899,32.5921],[65.703,32.5807],[65.7086,32.5715],[65.7098,32.5607],[65.701,32.5271],[65.7007,32.518],[65.7058,32.5098],[65.7111,32.5061],[65.7204,32.503],[65.7504,32.498],[65.8131,32.4946],[65.8568,32.4899],[65.8899,32.4927],[65.9272,32.499],[65.9771,32.5011],[66.0451,32.5081],[66.0545,32.5254],[66.0919,32.5125],[66.1011,32.5054],[66.1116,32.4927],[66.1219,32.486],[66.134,32.4817],[66.1606,32.4779],[66.1706,32.4743],[66.1755,32.4676],[66.1699,32.4644],[66.1646,32.4557],[66.1599,32.4525],[66.1572,32.4374],[66.1507,32.4285],[66.143,32.4255],[66.1255,32.4231],[66.1173,32.4187],[66.1092,32.4105],[66.0997,32.3936],[66.0936,32.389],[66.08,32.3837],[66.0566,32.3714],[65.9944,32.3559],[65.969,32.3451],[65.9473,32.338],[65.9137,32.3306],[65.9172,32.3274],[65.8491,32.3141],[65.7897,32.297],[65.7627,32.2802],[65.7447,32.2601],[65.737,32.2549],[65.7303,32.2532],[65.7242,32.2566],[65.7273,32.2807],[65.726,32.2902],[65.7213,32.2931],[65.714,32.2939],[65.705,32.2922],[65.6885,32.2792],[65.6698,32.2586],[65.6601,32.2523],[65.6506,32.2495],[65.638,32.2492],[65.6261,32.2532],[65.6108,32.2544],[65.5899,32.2467],[65.5817,32.2466],[65.575,32.2502],[65.5643,32.2622],[65.5442,32.2681]]]]}},{"type":"Feature","properties":{"district_id":"af-uruzgan-shahidihasas","name":"ShahidiHasas","country":"AFG","province":"Uruzgan"},"geometry":{"type":"MultiPolygon","coordinates":[[[[65.8297,33.1704],[65.8301,33.1645],[65.8325,33.1609],[65.8422,33.1563],[65.8618,33.1536],[65.9072,33.1543],[65.9129,33.1528],[65.9567,33.1497],[65.9643,33.1458],[65.9705,33.1354],[65.9723,33.1278],[65.9579,33.0877],[65.9548,33.0632],[65.9567,33.043],[65.9517,33.0364],[65.9361,33.0216],[65.9329,33.0137],[65.9324,33.006],[65.9342,32.9996],[65.912,32.9848],[65.9016,32.9745],[65.8855,32.9534],[65.8696,32.9393],[65.8539,32.9348],[65.8264,32.9369],[65.8153,32.9332],[65.7815,32.9066],[65.7724,32.8971],[65.7641,32.8845],[65.7568,32.878],[65.7445,32.8719],[65.7281,32.8575],[65.7247,32.8487],[65.7113,32.8428],[65.7042,32.8423],[65.6935,32.8443],[65.6433,32.8686],[65.6131,32.8869],[65.6024,32.8907],[65.562,32.8997],[65.5391,32.9137],[65.5178,32.9204],[65.5017,32.931],[65.4902,32.9345],[65.4805,32.9329],[65.4598,32.9243],[65.455,32.92],[65.4383,32.9106],[65.4268,32.898],[65.4085,32.8614],[65.3993,32.8488],[65.3971,32.843],[65.3622,32.8001],[65.3516,32.7781],[65.3455,32.7497],[65.3393,32.7048],[65.3307,32.6921],[65.3106,32.674],[65.3045,32.6658],[65.2807,32.6427],[65.2758,32.6353],[65.2594,32.6206],[65.2413,32.6402],[65.2297,32.6577],[65.2209,32.6804],[65.2171,32.7062],[65.2152,32.758],[65.2124,32.7842],[65.2086,32.7956],[65.1993,32.8079],[65.1937,32.8202],[65.1921,32.8298],[65.1933,32.8433],[65.1872,32.8659],[65.1849,32.88],[65.1853,32.8911],[65.1984,32.9172],[65.222,32.9481],[65.2243,32.9532],[65.2306,32.9587],[65.2377,32.9753],[65.2504,33.0167],[65.261,33.0352],[65.2747,33.0541],[65.3108,33.0974],[65.3183,33.115],[65.3235,33.1213],[65.3362,33.1203],[65.3557,33.1123],[65.3891,33.1127],[65.443,33.1173],[65.4484,33.1193],[65.4601,33.1297],[65.4743,33.146],[65.4862,33.1512],[65.4981,33.1519],[65.5206,33.1463],[65.5477,33.1472],[65.5861,33.1386],[65.5992,33.1322],[65.6095,33.1087],[65.6269,33.0827],[65.6354,33.078],[65.6461,33.0773],[65.6519,33.0794],[65.6589,33.0869],[65.664,33.0896],[65.6804,33.094],[65.7453,33.1284],[65.7785,33.1406],[65.795,33.1533],[65.8009,33.16],[65.8147,33.1674],[65.8297,33.1704]]]]}},{"type":"Feature","properties":{"district_id":"af-uruzgan-tirinkot","name":"TirinKot","country":"AFG","province":"Uruzgan"},"geometry":{"type":"MultiPolygon","coordinates":[[[[65.9342,32.9996],[65.9622,32.9978],[65.973,32.9908],[65.9881,32.9868],[66.0036,32.9775],[66.0193,32.9764],[66.0309,32.9734],[66.0457,32.9659],[66.049,32.9578],[66.0469,32.9482],[66.0343,32.9283],[66.0301,32.8932],[66.0238,32.8816],[66.0089,32.8712],[65.9799,32.8662],[65.9549,32.8515],[65.939,32.8288],[65.9379,32.8138],[65.9388,32.8027],[65.9414,32.7962],[65.9462,32.7901],[65.9688,32.7764],[65.9796,32.7675],[65.9977,32.7595],[66.0262,32.7565],[66.0601,32.7422],[66.0783,32.7366],[66.1054,32.722],[66.1175,32.7129],[66.1275,32.701],[66.1387,32.6749],[66.1606,32.6354],[66.1642,32.6234],[66.1635,32.6148],[66.1587,32.6068],[66.1454,32.5935],[66.1316,32.5842],[66.0992,32.5707],[66.0594,32.5508],[66.0527,32.5444],[66.0492,32.5364],[66.0507,32.5284],[66.0545,32.5254],[66.0451,32.5081],[65.9771,32.5011],[65.9272,32.499],[65.8899,32.4927],[65.8568,32.4899],[65.8131,32.4946],[65.7504,32.498],[65.7204,32.503],[65.7111,32.5061],[65.7058,32.5098],[65.7007,32.518],[65.701,32.5271],[65.7098,32.5607],[65.7086,32.5715],[65.703,32.5807],[65.6899,32.5921],[65.6885,32.6021],[65.6753,32.6411],[65.6725,32.6605],[65.6746,32.6743],[65.682,32.6884],[65.6907,32.6986],[65.7147,32.7095],[65.725,32.7174],[65.731,32.7251],[65.7375,32.7544],[65.7369,32.7761],[65.733,32.7849],[65.726,32.7902],[65.7228,32.8014],[65.7251,32.8135],[65.7235,32.8307],[65.7247,32.8487],[65.7281,32.8575],[65.7445,32.8719],[65.7568,32.878],[65.7641,32.8845],[65.7724,32.8971],[65.7815,32.9066],[65.8153,32.9332],[65.8264,32.9369],[65.8539,32.9348],[65.8696,32.9393],[65.8855,32.9534],[65.9016,32.9745],[65.912,32.9848],[65.9342,32.9996]]]]}},{"type":"Feature","properties":{"district_id":"af-wardak-chak","name":"Chak","country":"AFG","province":"Wardak"},"geometry":{"type":"MultiPolygon","coordinates":[[[[68.4782,33.9549],[68.4611,33.9689],[68.4451,33.9728],[68.4203,33.9701],[68.3962,33.9634],[68.3469,33.9419],[68.3322,33.9307],[68.3236,33.922],[68.3099,33.9033],[68.2961,33.8911],[68.2813,33.8837],[68.2653,33.8867],[68.2555,33.8916],[68.2471,33.8994],[68.2339,33.93],[68.2292,33.935],[68.2159,33.942],[68.2014,33.9468],[68.1732,33.952],[68.1589,33.9567],[68.1407,33.9704],[68.1334,33.9805],[68.1321,33.9878],[68.1364,33.9994],[68.1701,34.0282],[68.207,34.068],[68.2652,34.1078],[68.2932,34.1323],[68.3146,34.1628],[68.3325,34.179],[68.3717,34.1954],[68.4046,34.2009],[68.4344,34.2089],[68.4626,34.227],[68.4716,34.2353],[68.4852,34.2612],[68.4904,34.2676],[68.4947,34.2798],[68.4966,34.2934],[68.5042,34.3073],[68.5184,34.3268],[68.5287,34.3328],[68.5464,34.3239],[68.5744,34.3141],[68.5918,34.3132],[68.6071,34.3098],[68.612,34.3111],[68.6259,34.3201],[68.6314,34.3212],[68.6384,34.3194],[68.6462,34.3111],[68.6498,34.3013],[68.6586,34.2905],[68.6855,34.275],[68.6981,34.2652],[68.7083,34.2528],[68.7117,34.2419],[68.7074,34.188],[68.6917,34.1367],[68.6796,34.1207],[68.6698,34.1139],[68.655,34.1],[68.6191,34.0782],[68.5992,34.0614],[68.5583,34.0409],[68.5366,34.0133],[68.5083,33.9908],[68.4782,33.9549]]]]}},{"type":"Feature","properties":{"district_id":"af-wardak-daymirdad","name":"Daymirdad","country":"AFG","province":"Wardak"},"geometry":{"type":"MultiPolygon","coordinates":[[[[68.1974,34.0577],[68.1844,34.0968],[68.176,34.1054],[68.1577,34.1131],[68.1512,34.1199],[68.1337,34.1291],[68.1187,34.1451],[68.1053,34.1535],[68.0851,34.1699],[68.0744,34.1856],[68.0578,34.2206],[68.0537,34.2227],[68.0556,34.2323],[68.062,34.2479],[68.0712,34.2622],[68.0809,34.2861],[68.0895,34.299],[68.107,34.3112],[68.118,34.3163],[68.1609,34.3306],[68.2038,34.3558],[68.2128,34.365],[68.2287,34.396],[68.2409,34.4108],[68.2602,34.4394],[68.2671,34.4573],[68.2649,34.4706],[68.2961,34.4629],[68.3098,34.4544],[68.3226,34.4417],[68.3343,34.4351],[68.3393,34.4056],[68.3433,34.3942],[68.3465,34.3906],[68.3598,34.3908],[68.3749,34.3994],[68.3808,34.3988],[68.3863,34.392],[68.3911,34.3753],[68.4028,34.3593],[68.419,34.3459],[68.4296,34.3404],[68.452,34.334],[68.4862,34.3341],[68.4981,34.3366],[68.5125,34.3427],[68.5268,34.3537],[68.5248,34.338],[68.5287,34.3328],[68.5184,34.3268],[68.5042,34.3073],[68.4966,34.2934],[68.4947,34.2798],[68.4904,34.2676],[68.4852,34.2612],[68.4716,34.2353],[68.4626,34.227],[68.4344,34.2089],[68.4046,34.2009],[68.3717,34.1954],[68.3325,34.179],[68.3146,34.1628],[68.2932,34.1323],[68.2652,34.1078],[68.207,34.068],[68.1974,34.0577]]]]}},{"type":"Feature","properties":{"district_id":"af-wardak-hisa-i-awalibihsud","name":"Hisa-i-AwaliBihsud","country":"AFG","province":"Wardak"},"geometry":{"type":"MultiPolygon","coordinates":[[[[67.9654,34.6114],[67.9776,34.6056],[67.9835,34.6123],[67.9903,34.6287],[68.0171,34.6495],[68.027,34.6525],[68.041,34.6451],[68.0464,34.6389],[68.0607,34.6301],[68.0663,34.6247],[68.0748,34.6212],[68.0829,34.6205],[68.0864,34.6255],[68.0867,34.632],[68.0754,34.6574],[68.0751,34.663],[68.0774,34.6688],[68.0982,34.6921],[68.1119,34.6958],[68.1297,34.7055],[68.1354,34.7238],[68.1428,34.7359],[68.1703,34.7655],[68.1992,34.7858],[68.21,34.79],[68.2256,34.7895],[68.2305,34.7908],[68.2381,34.8005],[68.2483,34.8057],[68.2536,34.8048],[68.2581,34.7864],[68.2704,34.7564],[68.2904,34.7165],[68.3009,34.7075],[68.3293,34.6986],[68.3346,34.6653],[68.339,34.6546],[68.3536,34.6437],[68.3445,34.6358],[68.3298,34.632],[68.2904,34.6077],[68.2847,34.601],[68.2812,34.5914],[68.2807,34.5836],[68.2868,34.5608],[68.2916,34.5516],[68.2952,34.5467],[68.3116,34.5369],[68.3302,34.5123],[68.3362,34.4985],[68.3427,34.4753],[68.3442,34.462],[68.343,34.4525],[68.3343,34.4351],[68.3226,34.4417],[68.3098,34.4544],[68.2961,34.4629],[68.2649,34.4706],[68.2496,34.4725],[68.2392,34.4719],[68.2265,34.4689],[68.2053,34.4575],[68.1919,34.446],[68.1857,34.437],[68.1792,34.4318],[68.1613,34.422],[68.1484,34.4128],[68.1343,34.4085],[68.1248,34.4083],[68.0988,34.4142],[68.0902,34.4188],[68.0749,34.4325],[68.0544,34.4385],[68.0468,34.4472],[68.0351,34.4569],[68.0162,34.4808],[67.9822,34.5138],[67.9544,34.5295],[67.9523,34.5338],[67.9507,34.5464],[67.9516,34.5571],[67.9486,34.5655],[67.9482,34.5748],[67.9654,34.6114]]]]}},{"type":"Feature","properties":{"district_id":"af-wardak-jalrez","name":"Jalrez","country":"AFG","province":"Wardak"},"geometry":{"type":"MultiPolygon","coordinates":[[[[68.8405,34.6198],[68.8398,34.5902],[68.8371,34.5826],[68.8361,34.5602],[68.8317,34.5485],[68.8264,34.5491],[68.8061,34.5585],[68.7906,34.5613],[68.7753,34.5681],[68.7489,34.5643],[68.7271,34.5514],[68.7052,34.5475],[68.6895,34.5349],[68.6722,34.5008],[68.6676,34.4887],[68.6511,34.4643],[68.6215,34.4374],[68.6072,34.4283],[68.5663,34.3967],[68.5268,34.3537],[68.5125,34.3427],[68.4981,34.3366],[68.4862,34.3341],[68.452,34.334],[68.4296,34.3404],[68.419,34.3459],[68.4028,34.3593],[68.3911,34.3753],[68.3863,34.392],[68.3808,34.3988],[68.3749,34.3994],[68.3598,34.3908],[68.3465,34.3906],[68.3433,34.3942],[68.3393,34.4056],[68.3343,34.4351],[68.343,34.4525],[68.3442,34.462],[68.3427,34.4753],[68.3362,34.4985],[68.3302,34.5123],[68.3116,34.5369],[68.2952,34.5467],[68.2916,34.5516],[68.2868,34.5608],[68.2807,34.5836],[68.2812,34.5914],[68.2847,34.601],[68.2904,34.6077],[68.3298,34.632],[68.3445,34.6358],[68.3536,34.6437],[68.3639,34.6413],[68.3927,34.643],[68.4165,34.6525],[68.4332,34.6637],[68.4533,34.6735],[68.4881,34.6827],[68.5104,34.6948],[68.5163,34.7024],[68.5218,34.7052],[68.5286,34.7064],[68.5508,34.7009],[68.57,34.7052],[68.5856,34.702],[68.6571,34.6738],[68.7466,34.6458],[68.7773,34.6409],[68.7961,34.634],[68.8286,34.6264],[68.8405,34.6198]]]]}},{"type":"Feature","properties":{"district_id":"af-wardak-markazibihsud","name":"MarkaziBihsud","country":"AFG","province":"Wardak"},"geometry":{"type":"MultiPolygon","coordinates":[[[[67.6692,34.6526],[67.6979,34.6689],[67.7029,34.6695],[67.7206,34.6667],[67.7451,34.658],[67.8277,34.636],[67.8544,34.6302],[67.8891,34.6267],[67.9052,34.6235],[67.9403,34.6108],[67.9654,34.6114],[67.9482,34.5748],[67.9486,34.5655],[67.9516,34.5571],[67.9507,34.5464],[67.9523,34.5338],[67.9544,34.5295],[67.9822,34.5138],[68.0162,34.4808],[68.0351,34.4569],[68.0468,34.4472],[68.0544,34.4385],[68.0749,34.4325],[68.0902,34.4188],[68.0988,34.4142],[68.1248,34.4083],[68.1343,34.4085],[68.1484,34.4128],[68.1613,34.422],[68.1792,34.4318],[68.1857,34.437],[68.1919,34.446],[68.2053,34.4575],[68.2265,34.4689],[68.2496,34.4725],[68.2649,34.4706],[68.2671,34.4573],[68.2602,34.4394],[68.2409,34.4108],[68.2287,34.396],[68.2128,34.365],[68.2038,34.3558],[68.1609,34.3306],[68.118,34.3163],[68.107,34.3112],[68.0895,34.299],[68.0809,34.2861],[68.0712,34.2622],[68.062,34.2479],[68.0556,34.2323],[68.0537,34.2227],[68.0078,34.2051],[67.9753,34.1891],[67.9363,34.1734],[67.878,34.1581],[67.8571,34.1482],[67.8396,34.1494],[67.8114,34.1649],[67.7857,34.1854],[67.7583,34.2002],[67.7058,34.215],[67.6905,34.2173],[67.6688,34.2165],[67.6436,34.222],[67.627,34.2308],[67.6152,34.2413],[67.5926,34.2714],[67.5663,34.2959],[67.5315,34.3154],[67.5199,34.3242],[67.5007,34.3283],[67.4775,34.3286],[67.4559,34.3266],[67.4509,34.3249],[67.4387,34.312],[67.4291,34.3097],[67.424,34.3106],[67.4189,34.3137],[67.4163,34.3207],[67.4136,34.3402],[67.4086,34.3484],[67.3956,34.3532],[67.3547,34.3599],[67.3278,34.373],[67.306,34.381],[67.2998,34.3861],[67.2965,34.3933],[67.2981,34.4044],[67.3032,34.4108],[67.3126,34.4179],[67.3223,34.4218],[67.3333,34.4288],[67.3765,34.4446],[67.3977,34.4506],[67.4403,34.4572],[67.4845,34.4725],[67.5452,34.4996],[67.5797,34.5109],[67.5984,34.5217],[67.6205,34.5462],[67.6262,34.5562],[67.6362,34.5837],[67.6615,34.6438],[67.6692,34.6526]]]]}},{"type":"Feature","properties":{"district_id":"af-wardak-maydanshahr","name":"MaydanShahr","country":"AFG","province":"Wardak"},"geometry":{"type":"MultiPolygon","coordinates":[[[[68.9438,34.4196],[68.9474,34.3914],[68.9492,34.3572],[68.9536,34.3347],[68.9506,34.3307],[68.9365,34.3426],[68.9161,34.3494],[68.8958,34.3511],[68.85,34.346],[68.8364,34.3426],[68.8296,34.3545],[68.8449,34.3952],[68.8415,34.4003],[68.8313,34.4071],[68.7991,34.4088],[68.7719,34.4173],[68.7482,34.4275],[68.7482,34.4716],[68.7465,34.4868],[68.7516,34.4987],[68.7499,34.536],[68.7584,34.5581],[68.7658,34.5669],[68.7753,34.5681],[68.7906,34.5613],[68.8061,34.5585],[68.8264,34.5491],[68.8317,34.5485],[68.8297,34.5389],[68.8342,34.5216],[68.8307,34.506],[68.8346,34.4878],[68.8336,34.4741],[68.8369,34.4579],[68.8441,34.4511],[68.8556,34.4462],[68.8713,34.4449],[68.8861,34.4355],[68.8967,34.4339],[68.9016,34.4307],[68.916,34.426],[68.9438,34.4196]]]]}},{"type":"Feature","properties":{"district_id":"af-wardak-nirkh","name":"Nirkh","country":"AFG","province":"Wardak"},"geometry":{"type":"MultiPolygon","coordinates":[[[[68.9506,34.3307],[68.9447,34.3273],[68.9388,34.319],[68.9317,34.3148],[68.8715,34.2512],[68.8296,34.2221],[68.823,34.2116],[68.8179,34.1984],[68.8115,34.172],[68.8068,34.1616],[68.7074,34.188],[68.7117,34.2419],[68.7083,34.2528],[68.6981,34.2652],[68.6855,34.275],[68.6586,34.2905],[68.6498,34.3013],[68.6462,34.3111],[68.6384,34.3194],[68.6314,34.3212],[68.6259,34.3201],[68.612,34.3111],[68.6071,34.3098],[68.5918,34.3132],[68.5744,34.3141],[68.5464,34.3239],[68.5287,34.3328],[68.5248,34.338],[68.5245,34.3434],[68.5268,34.3537],[68.5663,34.3967],[68.6072,34.4283],[68.6215,34.4374],[68.6511,34.4643],[68.6676,34.4887],[68.6722,34.5008],[68.6895,34.5349],[68.7052,34.5475],[68.7271,34.5514],[68.7489,34.5643],[68.7658,34.5669],[68.7584,34.5581],[68.7499,34.536],[68.7516,34.4987],[68.7465,34.4868],[68.7482,34.4716],[68.7482,34.4275],[68.7719,34.4173],[68.7991,34.4088],[68.8313,34.4071],[68.8415,34.4003],[68.8449,34.3952],[68.8296,34.3545],[68.8364,34.3426],[68.85,34.346],[68.8958,34.3511],[68.9161,34.3494],[68.9365,34.3426],[68.9506,34.3307]]]]}},{"type":"Feature","properties":{"district_id":"af-wardak-sayidabad","name":"SayidAbad","country":"AFG","province":"Wardak"},"geometry":{"type":"MultiPolygon","coordinates":[[[[68.5171,33.6793],[68.532,33.7002],[68.5114,33.7027],[68.4973,33.702],[68.4845,33.7046],[68.468,33.7143],[68.4639,33.7445],[68.4652,33.7647],[68.4705,33.7839],[68.5038,33.8499],[68.517,33.882],[68.5255,33.9115],[68.5238,33.9232],[68.5159,33.9316],[68.499,33.9442],[68.482,33.9515],[68.4782,33.9549],[68.5083,33.9908],[68.5366,34.0133],[68.5583,34.0409],[68.5992,34.0614],[68.6191,34.0782],[68.655,34.1],[68.6698,34.1139],[68.6796,34.1207],[68.6917,34.1367],[68.7074,34.188],[68.8068,34.1616],[68.7993,34.1451],[68.7955,34.1286],[68.7934,34.1032],[68.7946,34.0935],[68.7995,34.0795],[68.8157,34.0608],[68.8478,34.0436],[68.8585,34.0316],[68.8691,34.025],[68.8786,34.0166],[68.8796,33.9987],[68.8743,33.9865],[68.8666,33.9803],[68.8521,33.9759],[68.8401,33.9757],[68.8314,33.9739],[68.805,33.9615],[68.7946,33.9525],[68.776,33.9433],[68.7709,33.9378],[68.7658,33.9258],[68.7658,33.8988],[68.7728,33.861],[68.7801,33.8437],[68.7802,33.8335],[68.775,33.8269],[68.7654,33.8241],[68.7388,33.8081],[68.7114,33.7713],[68.6975,33.759],[68.6707,33.7474],[68.6393,33.7178],[68.6115,33.698],[68.5979,33.6908],[68.5629,33.6787],[68.5444,33.6755],[68.5306,33.6741],[68.5171,33.6793]]]]}},{"type":"Feature","properties":{"district_id":"af-zabul-arghandab","name":"Arghandab","country":"AFG","province":"Zabul"},"geometry":{"type":"MultiPolygon","coordinates":[[[[67.4653,32.7773],[67.4695,32.7672],[67.4666,32.741],[67.4508,32.7204],[67.4464,32.7119],[67.4429,32.6963],[67.3995,32.6773],[67.3885,32.6672],[67.3684,32.6556],[67.3337,32.6435],[67.3219,32.6347],[67.301,32.6252],[67.2915,32.6174],[67.2766,32.5995],[67.2641,32.5812],[67.2344,32.5518],[67.1823,32.5158],[67.1551,32.5008],[67.146,32.4922],[67.1153,32.4692],[67.093,32.4577],[67.0742,32.4358],[67.0577,32.4213],[67.0474,32.4149],[67.0281,32.407],[66.9957,32.4003],[66.9389,32.3753],[66.8975,32.3463],[66.8819,32.3304],[66.8599,32.3214],[66.8511,32.3138],[66.8339,32.2921],[66.8205,32.2817],[66.8069,32.2781],[66.776,32.2815],[66.7632,32.2869],[66.7529,32.2967],[66.7446,32.3098],[66.6993,32.3281],[66.6902,32.3288],[66.678,32.327],[66.6693,32.3232],[66.6581,32.3144],[66.6508,32.3022],[66.6137,32.3398],[66.5966,32.3763],[66.5837,32.3888],[66.6067,32.3987],[66.6294,32.4119],[66.6538,32.4204],[66.703,32.4458],[66.7139,32.4586],[66.7214,32.4746],[66.7348,32.4908],[66.7638,32.513],[66.7906,32.5417],[66.8032,32.5462],[66.8211,32.5491],[66.8348,32.5565],[66.8437,32.5633],[66.8603,32.5807],[66.873,32.5976],[66.8855,32.607],[66.9057,32.6293],[66.9085,32.6379],[66.9144,32.6472],[66.9263,32.655],[66.9408,32.661],[66.9757,32.6853],[67.0076,32.7129],[67.0227,32.7284],[67.0386,32.7517],[67.0617,32.7795],[67.0792,32.8112],[67.1044,32.8405],[67.1162,32.8613],[67.1372,32.884],[67.1614,32.9048],[67.169,32.9082],[67.1936,32.9146],[67.2032,32.9148],[67.2216,32.9123],[67.2386,32.9141],[67.2529,32.9239],[67.2761,32.9461],[67.2862,32.9517],[67.3069,32.9692],[67.3221,32.9781],[67.344,32.986],[67.3637,33.0028],[67.3709,33.011],[67.3864,33.0209],[67.3918,33.0266],[67.4021,33.0282],[67.4204,33.0228],[67.44,33.0084],[67.4481,32.9997],[67.4516,32.9847],[67.4494,32.9719],[67.4352,32.9574],[67.4326,32.9499],[67.4234,32.9384],[67.4188,32.9292],[67.4167,32.9127],[67.4215,32.8955],[67.4258,32.8878],[67.4265,32.8806],[67.4256,32.8674],[67.4133,32.8312],[67.413,32.8177],[67.418,32.8096],[67.4653,32.7773]]]]}},{"type":"Feature","properties":{"district_id":"af-zabul-atghar","name":"Atghar","country":"AFG","province":"Zabul"},"geometry":{"type":"MultiPolygon","coordinates":[[[[67.5552,31.53],[67.5327,31.5447],[67.4982,31.5604],[67.4499,31.5627],[67.4342,31.5654],[67.385,31.5855],[67.367,31.585],[67.3497,31.5778],[67.3314,31.5738],[67.3255,31.577],[67.3214,31.6379],[67.3122,31.6937],[67.3024,31.7289],[67.2947,31.7471],[67.2841,31.7609],[67.2726,31.7687],[67.2532,31.7766],[67.2389,31.7846],[67.2251,31.7883],[67.2305,31.7978],[67.2427,31.8134],[67.2679,31.8372],[67.3091,31.8719],[67.336,31.9032],[67.3673,31.9361],[67.3701,31.9413],[67.3738,31.9368],[67.3884,31.9299],[67.4043,31.9266],[67.4598,31.9286],[67.4933,31.9378],[67.5215,31.9487],[67.5302,31.9488],[67.5365,31.9462],[67.5428,31.9409],[67.5492,31.9325],[67.5603,31.9054],[67.5653,31.8884],[67.5769,31.8333],[67.5989,31.8012],[67.6067,31.7729],[67.6076,31.7544],[67.6057,31.7344],[67.6057,31.6916],[67.6119,31.6403],[67.612,31.6131],[67.6078,31.5771],[67.6038,31.5591],[67.5986,31.5489],[67.5951,31.5344],[67.5696,31.5347],[67.5552,31.53]]]]}},{"type":"Feature","properties":{"district_id":"af-zabul-daychopan","name":"Daychopan","country":"AFG","province":"Zabul"},"geometry":{"type":"MultiPolygon","coordinates":[[[[67.2066,33.0792],[67.2306,33.066],[67.2508,33.0516],[67.2794,33.0355],[67.3038,33.0292],[67.3728,33.0307],[67.3918,33.0266],[67.3864,33.0209],[67.3709,33.011],[67.3637,33.0028],[67.344,32.986],[67.3221,32.9781],[67.3069,32.9692],[67.2862,32.9517],[67.2761,32.9461],[67.2529,32.9239],[67.2386,32.9141],[67.2216,32.9123],[67.2032,32.9148],[67.1936,32.9146],[67.169,32.9082],[67.1614,32.9048],[67.1372,32.884],[67.1162,32.8613],[67.1044,32.8405],[67.0792,32.8112],[67.0617,32.7795],[67.0386,32.7517],[67.0227,32.7284],[67.0076,32.7129],[66.9757,32.6853],[66.9408,32.661],[66.9263,32.655],[66.9144,32.6472],[66.9085,32.6379],[66.9057,32.6293],[66.8855,32.607],[66.873,32.5976],[66.8603,32.5807],[66.8437,32.5633],[66.8348,32.5565],[66.8211,32.5491],[66.8032,32.5462],[66.7906,32.5417],[66.7638,32.513],[66.7348,32.4908],[66.7214,32.4746],[66.7139,32.4586],[66.703,32.4458],[66.6538,32.4204],[66.6294,32.4119],[66.6067,32.3987],[66.5737,32.3856],[66.558,32.3841],[66.5353,32.3868],[66.5182,32.3949],[66.5108,32.3962],[66.4929,32.3923],[66.4812,32.3879],[66.4664,32.3773],[66.4237,32.3364],[66.3987,32.3673],[66.3641,32.3927],[66.3456,32.4105],[66.3199,32.4263],[66.312,32.4351],[66.3058,32.4469],[66.3037,32.4674],[66.3,32.4835],[66.3144,32.5077],[66.3305,32.5176],[66.3638,32.5297],[66.3656,32.536],[66.3508,32.5515],[66.3505,32.5667],[66.3581,32.5855],[66.3739,32.6012],[66.3812,32.6058],[66.3843,32.6131],[66.3781,32.6222],[66.3766,32.6283],[66.3809,32.6358],[66.3958,32.6488],[66.4016,32.6637],[66.4205,32.6727],[66.4263,32.6785],[66.435,32.6829],[66.4495,32.686],[66.4752,32.6867],[66.5049,32.7031],[66.515,32.715],[66.5353,32.7551],[66.5473,32.7609],[66.5764,32.7599],[66.5984,32.7646],[66.6073,32.7642],[66.6152,32.7597],[66.6178,32.756],[66.6187,32.7506],[66.6192,32.7318],[66.6036,32.6972],[66.5981,32.6788],[66.5994,32.6726],[66.6067,32.6688],[66.6201,32.6747],[66.6333,32.687],[66.6754,32.7418],[66.698,32.7635],[66.723,32.7815],[66.7438,32.7937],[66.773,32.8074],[66.7968,32.8152],[66.8071,32.8214],[66.8204,32.8342],[66.8256,32.842],[66.8355,32.8714],[66.8391,32.8774],[66.8659,32.8974],[66.8833,32.9198],[66.8856,32.9258],[66.8823,32.9407],[66.8677,32.9643],[66.8662,32.9778],[66.8669,32.9922],[66.8721,33.0068],[66.8727,33.0127],[66.8793,33.0283],[66.8931,33.0488],[66.9113,33.0682],[66.9211,33.0757],[66.926,33.0858],[66.9262,33.1017],[66.928,33.1062],[66.9405,33.1159],[66.9492,33.1271],[66.9788,33.1206],[66.9941,33.1116],[67.0071,33.0979],[67.0201,33.0776],[67.0346,33.0715],[67.0525,33.072],[67.0868,33.084],[67.1068,33.0844],[67.1251,33.0791],[67.1475,33.0797],[67.1673,33.0842],[67.1857,33.0862],[67.1945,33.0845],[67.2066,33.0792]]]]}},{"type":"Feature","properties":{"district_id":"af-zabul-mizan","name":"Mizan","country":"AFG","province":"Zabul"},"geometry":{"type":"MultiPolygon","coordinates":[[[[66.3403,32.0119],[66.3237,32.0219],[66.3172,32.029],[66.3168,32.0348],[66.3186,32.0406],[66.3313,32.0618],[66.3469,32.1324],[66.3478,32.1791],[66.3551,32.2107],[66.3771,32.249],[66.4219,32.3178],[66.4237,32.3229],[66.4237,32.3364],[66.4664,32.3773],[66.4812,32.3879],[66.4929,32.3923],[66.5108,32.3962],[66.5182,32.3949],[66.5353,32.3868],[66.558,32.3841],[66.5737,32.3856],[66.5837,32.3888],[66.5966,32.3763],[66.6137,32.3398],[66.6508,32.3022],[66.6579,32.288],[66.6606,32.2766],[66.6635,32.2399],[66.6695,32.2088],[66.6821,32.1893],[66.6901,32.1809],[66.6845,32.1625],[66.662,32.1196],[66.6307,32.0708],[66.6112,32.0551],[66.5926,32.0479],[66.5825,32.0459],[66.5632,32.0454],[66.5446,32.0489],[66.5204,32.0482],[66.4964,32.042],[66.4853,32.0341],[66.4709,32.0297],[66.4553,32.0291],[66.4199,32.0351],[66.4077,32.0353],[66.3903,32.0331],[66.3683,32.0279],[66.3403,32.0119]]]]}},{"type":"Feature","properties":{"district_id":"af-zabul-qalat","name":"Qalat","country":"AFG","province":"Zabul"},"geometry":{"type":"MultiPolygon","coordinates":[[[[66.6508,32.3022],[66.6581,32.3144],[66.6693,32.3232],[66.678,32.327],[66.6902,32.3288],[66.6993,32.3281],[66.7446,32.3098],[66.7529,32.2967],[66.7632,32.2869],[66.776,32.2815],[66.8069,32.2781],[66.8205,32.2817],[66.8339,32.2921],[66.8511,32.3138],[66.8599,32.3214],[66.8819,32.3304],[66.8975,32.3463],[66.9389,32.3753],[66.9957,32.4003],[67.0281,32.407],[67.0474,32.4149],[67.0577,32.4213],[67.0742,32.4358],[67.093,32.4577],[67.1153,32.4692],[67.146,32.4922],[67.1493,32.4718],[67.1483,32.4602],[67.1443,32.4474],[67.1448,32.4382],[67.1478,32.4309],[67.1611,32.4196],[67.1812,32.4091],[67.2003,32.3925],[67.2157,32.3764],[67.2325,32.3496],[67.2457,32.3267],[67.2481,32.3139],[67.2519,32.2714],[67.2638,32.2557],[67.2779,32.2449],[67.2885,32.2327],[67.2963,32.2187],[67.2987,32.2083],[67.2977,32.174],[67.3018,32.1644],[67.3094,32.1554],[67.2802,32.1428],[67.2587,32.1371],[67.2203,32.13],[67.2027,32.1231],[67.1592,32.1007],[67.1422,32.0945],[67.1311,32.0922],[67.1022,32.0933],[67.0892,32.097],[67.0748,32.0963],[67.0649,32.0925],[67.0508,32.0841],[67.0325,32.0701],[67.0141,32.0528],[66.9992,32.0355],[66.9938,32.0232],[66.9853,32.0124],[66.9699,32.0058],[66.9527,32.0065],[66.9156,32.0034],[66.8927,31.999],[66.8748,31.9932],[66.8507,31.9786],[66.8407,31.9708],[66.832,31.9601],[66.8218,31.9437],[66.8179,31.9659],[66.8213,32.0158],[66.8209,32.0457],[66.8189,32.0561],[66.8058,32.0792],[66.7856,32.1016],[66.7127,32.1664],[66.6901,32.1809],[66.6821,32.1893],[66.6695,32.2088],[66.6635,32.2399],[66.6606,32.2766],[66.6579,32.288],[66.6508,32.3022]]]]}},{"type":"Feature","properties":{"district_id":"af-zabul-shahjoy","name":"Shahjoy","country":"AFG","province":"Zabul"},"geometry":{"type":"MultiPolygon","coordinates":[[[[67.4429,32.6963],[67.4469,32.6832],[67.4523,32.6746],[67.4668,32.66],[67.4799,32.6527],[67.498,32.6472],[67.5475,32.6398],[67.5955,32.6378],[67.6329,32.6306],[67.6644,32.6203],[67.6804,32.6107],[67.6899,32.6005],[67.6912,32.5917],[67.687,32.5823],[67.6665,32.5675],[67.6542,32.5606],[67.61,32.5245],[67.5833,32.4995],[67.5685,32.4752],[67.5496,32.4523],[67.5464,32.4429],[67.5449,32.4179],[67.5393,32.4064],[67.5182,32.3799],[67.4809,32.3398],[67.4629,32.3245],[67.4514,32.3073],[67.446,32.2956],[67.4423,32.2727],[67.4354,32.2578],[67.4118,32.2241],[67.3936,32.209],[67.3759,32.2016],[67.3684,32.1942],[67.3424,32.1803],[67.3094,32.1554],[67.3018,32.1644],[67.2977,32.174],[67.2987,32.2083],[67.2963,32.2187],[67.2885,32.2327],[67.2779,32.2449],[67.2638,32.2557],[67.2519,32.2714],[67.2481,32.3139],[67.2457,32.3267],[67.2325,32.3496],[67.2157,32.3764],[67.2003,32.3925],[67.1812,32.4091],[67.1611,32.4196],[67.1478,32.4309],[67.1448,32.4382],[67.1443,32.4474],[67.1483,32.4602],[67.1493,32.4718],[67.146,32.4922],[67.1551,32.5008],[67.1823,32.5158],[67.2344,32.5518],[67.2641,32.5812],[67.2766,32.5995],[67.2915,32.6174],[67.301,32.6252],[67.3219,32.6347],[67.3337,32.6435],[67.3684,32.6556],[67.3885,32.6672],[67.3995,32.6773],[67.4429,32.6963]]]]}},{"type":"Feature","properties":{"district_id":"af-zabul-shamulzayi","name":"Shamulzayi","country":"AFG","province":"Zabul"},"geometry":{"type":"MultiPolygon","coordinates":[[[[67.3762,32.085],[67.3835,32.0841],[67.4542,32.088],[67.4681,32.0859],[67.484,32.0788],[67.4945,32.0768],[67.5066,32.0786],[67.5865,32.1048],[67.6474,32.1226],[67.6959,32.128],[67.747,32.1377],[67.7864,32.1396],[67.8167,32.1479],[67.8377,32.1495],[67.8494,32.1426],[67.8719,32.1123],[67.8915,32.0915],[67.9078,32.0802],[67.9165,32.0764],[67.9385,32.0706],[67.9523,32.0686],[68.0631,32.0763],[68.0752,32.0635],[68.0831,32.0493],[68.0945,32.0171],[68.0962,31.9991],[68.0935,31.9888],[68.083,31.975],[68.0791,31.952],[68.0608,31.9259],[68.0382,31.8981],[68.0215,31.8624],[68.0196,31.8537],[68.0202,31.8312],[68.0249,31.8146],[68.0298,31.8054],[68.0446,31.789],[68.0578,31.7783],[68.0821,31.7643],[68.1217,31.7475],[68.1045,31.7402],[68.0938,31.7322],[68.0756,31.7124],[68.0726,31.6951],[68.0697,31.6903],[68.0535,31.6768],[68.0227,31.6646],[68.0034,31.6461],[67.9679,31.629],[67.9127,31.6225],[67.8794,31.6122],[67.8611,31.6085],[67.8408,31.5953],[67.8297,31.5838],[67.8168,31.5776],[67.8064,31.569],[67.7949,31.564],[67.7709,31.5469],[67.7645,31.5405],[67.762,31.5354],[67.7623,31.5303],[67.7579,31.5212],[67.7284,31.5042],[67.7107,31.5001],[67.6669,31.5054],[67.65,31.5108],[67.6213,31.5108],[67.6176,31.51],[67.61,31.5045],[67.5986,31.5101],[67.5947,31.5262],[67.5951,31.5344],[67.5986,31.5489],[67.6038,31.5591],[67.6078,31.5771],[67.612,31.6131],[67.6119,31.6403],[67.6057,31.6916],[67.6057,31.7344],[67.6076,31.7544],[67.6067,31.7729],[67.5989,31.8012],[67.5769,31.8333],[67.5653,31.8884],[67.5603,31.9054],[67.5492,31.9325],[67.5428,31.9409],[67.5365,31.9462],[67.5302,31.9488],[67.5215,31.9487],[67.4933,31.9378],[67.4598,31.9286],[67.4043,31.9266],[67.3884,31.9299],[67.3738,31.9368],[67.3701,31.9413],[67.3689,31.9463],[67.3695,31.9588],[67.3821,31.9819],[67.383,31.9898],[67.3823,32.0034],[67.3763,32.0244],[67.374,32.0439],[67.3762,32.085]]]]}},{"type":"Feature","properties":{"district_id":"af-zabul-shinkay","name":"Shinkay","country":"AFG","province":"Zabul"},"geometry":{"type":"MultiPolygon","coordinates":[[[[67.3094,32.1554],[67.3211,32.1432],[67.3355,32.132],[67.341,32.1236],[67.3544,32.1113],[67.3691,32.0919],[67.3762,32.085],[67.374,32.0439],[67.3763,32.0244],[67.3823,32.0034],[67.3821,31.9819],[67.3695,31.9588],[67.3689,31.9463],[67.3701,31.9413],[67.3673,31.9361],[67.336,31.9032],[67.3091,31.8719],[67.2679,31.8372],[67.2427,31.8134],[67.2305,31.7978],[67.2251,31.7883],[67.2129,31.7882],[67.197,31.7825],[67.1578,31.7606],[67.1169,31.7405],[67.0786,31.7281],[67.0516,31.7219],[67.0375,31.7193],[67.019,31.7192],[66.9967,31.7226],[66.9749,31.7306],[66.9706,31.7338],[66.9577,31.7385],[66.8693,31.7823],[66.8569,31.7909],[66.8424,31.8101],[66.8212,31.831],[66.8239,31.851],[66.8225,31.8865],[66.8235,31.9233],[66.8218,31.9437],[66.832,31.9601],[66.8407,31.9708],[66.8507,31.9786],[66.8748,31.9932],[66.8927,31.999],[66.9156,32.0034],[66.9527,32.0065],[66.9699,32.0058],[66.9762,32.0075],[66.9853,32.0124],[66.9938,32.0232],[66.9992,32.0355],[67.0057,32.0439],[67.0325,32.0701],[67.0508,32.0841],[67.0649,32.0925],[67.0748,32.0963],[67.0892,32.097],[67.1022,32.0933],[67.1311,32.0922],[67.1422,32.0945],[67.1592,32.1007],[67.2027,32.1231],[67.2203,32.13],[67.2587,32.1371],[67.2802,32.1428],[67.3094,32.1554]]]]}},{"type":"Feature","properties":{"district_id":"af-zabul-tarnakwajaldak","name":"TarnakWaJaldak","country":"AFG","province":"Zabul"},"geometry":{"type":"MultiPolygon","coordinates":[[[[66.8212,31.831],[66.8052,31.8418],[66.8008,31.8466],[66.788,31.8528],[66.7711,31.8564],[66.7518,31.8566],[66.6841,31.8461],[66.6437,31.8337],[66.5958,31.8264],[66.5549,31.8088],[66.5444,31.7987],[66.5396,31.7888],[66.5268,31.7787],[66.5096,31.7696],[66.4155,31.7308],[66.3681,31.7093],[66.3502,31.7029],[66.3304,31.699],[66.2953,31.6994],[66.2632,31.6974],[66.2462,31.6994],[66.224,31.7083],[66.2059,31.7113],[66.1844,31.7199],[66.1771,31.7303],[66.1766,31.7485],[66.1824,31.7864],[66.1856,31.835],[66.1911,31.8559],[66.1977,31.8668],[66.2104,31.8762],[66.2216,31.8822],[66.2501,31.8917],[66.2638,31.9037],[66.2924,31.9108],[66.3071,31.9212],[66.3187,31.9407],[66.3393,31.9653],[66.3466,31.9782],[66.3483,31.9867],[66.3467,32.0003],[66.3403,32.0119],[66.3683,32.0279],[66.3903,32.0331],[66.4077,32.0353],[66.4199,32.0351],[66.4553,32.0291],[66.4709,32.0297],[66.4853,32.0341],[66.4964,32.042],[66.5204,32.0482],[66.5446,32.0489],[66.5632,32.0454],[66.5825,32.0459],[66.5926,32.0479],[66.6112,32.0551],[66.6307,32.0708],[66.662,32.1196],[66.6845,32.1625],[66.6901,32.1809],[66.7127,32.1664],[66.7856,32.1016],[66.8058,32.0792],[66.8189,32.0561],[66.8209,32.0457],[66.8213,32.0158],[66.8179,31.9659],[66.8235,31.9233],[66.8225,31.8865],[66.8239,31.851],[66.8212,31.831]]]]}}]}