{"type":"FeatureCollection","features":[{"type":"Feature","properties":{"role":"mask"},"geometry":{"type":"Polygon","coordinates":[[[-180.0,-85.0],[180.0,-85.0],[180.0,85.0],[-180.0,85.0],[-180.0,-85.0]],[[67.1829,24.8046],[67.18277272727273,24.8046],[67.1826,24.804219999999972],[67.1826,24.804],[67.1825,24.804],[67.1771,24.8021],[67.1718,24.8026],[67.1715,24.7999],[67.1738,24.7971],[67.1779,24.7993],[67.184,24.7993],[67.184,24.8029],[67.189,24.8029],[67.1915,24.8007],[67.1915,24.7974],[67.1865,24.7946],[67.1799,24.7951],[67.1849,24.7918],[67.1824,24.789],[67.1771,24.7915],[67.1712,24.7862],[67.1687,24.7887],[67.1593,24.7921],[67.1501,24.7935],[67.1442,24.7883],[67.1451,24.7865],[67.1413,24.7868],[67.1426,24.7826],[67.1407,24.7804],[67.1321,24.7801],[67.1224,24.7771],[67.1171,24.7796],[67.116,24.784],[67.1101,24.7879],[67.1082,24.7935],[67.1065,24.7915],[67.1024,24.7907],[67.1015,24.7887],[67.099,24.7901],[67.0932,24.7899],[67.0904,24.7929],[67.0879,24.7932],[67.084,24.7999],[67.0799,24.8024],[67.081,24.806],[67.0857,24.8082],[67.0854,24.8132],[67.0826,24.8132],[67.0785,24.8032],[67.0818,24.7924],[67.0904,24.7865],[67.0996,24.7754],[67.1026,24.7746],[67.1012,24.7699],[67.1038,24.7674],[67.1049,24.7618],[67.104,24.7601],[67.0907,24.7538],[67.0882,24.7504],[67.0813,24.7476],[67.0676,24.7588],[67.0526,24.7751],[67.0535,24.7793],[67.0415,24.7926],[67.0249,24.806],[67.0126,24.811],[66.9943,24.8129],[66.9929,24.8146],[66.9863,24.8143],[66.9804,24.8088],[66.9835,24.8032],[66.9843,24.799],[66.9837,24.7979],[66.9785,24.8074],[66.9776,24.8118],[66.9729,24.8137],[66.9732,24.8221],[66.9754,24.8274],[66.979,24.831],[66.9824,24.8396],[66.9887,24.8421],[66.9893,24.8443],[66.9804,24.8421],[66.9713,24.8257],[66.9685,24.826],[66.9688,24.8315],[66.9749,24.8446],[66.9743,24.8482],[66.9818,24.8549],[66.974,24.8557],[66.9713,24.8521],[66.969,24.8524],[66.9651,24.8601],[66.9679,24.8657],[66.9668,24.8704],[66.9629,24.8696],[66.9568,24.8651],[66.9568,24.8629],[66.9593,24.8626],[66.9546,24.8601],[66.9526,24.8604],[66.9504,24.8643],[66.9396,24.8635],[66.939,24.8585],[66.9299,24.8532],[66.9279,24.8551],[66.9196,24.8546],[66.916,24.859],[66.9154,24.8565],[66.9176,24.8529],[66.9154,24.8513],[66.9165,24.8476],[66.9143,24.846],[66.914,24.8418],[66.9224,24.8338],[66.9299,24.8385],[66.9396,24.8393],[66.9504,24.8296],[66.9593,24.8254],[66.9629,24.826],[66.9618,24.8218],[66.9579,24.8218],[66.9538,24.8196],[66.9579,24.821],[66.9651,24.8199],[66.9632,24.8157],[66.9607,24.8151],[66.9599,24.8121],[66.9629,24.8101],[66.9679,24.8104],[66.9682,24.8057],[66.9735,24.8015],[66.9815,24.7912],[66.9821,24.7846],[66.9807,24.7882],[66.9785,24.789],[66.9729,24.7962],[66.9649,24.7988],[66.9304,24.8285],[66.9124,24.8401],[66.9035,24.8446],[66.8982,24.8429],[66.8915,24.8479],[66.8726,24.8565],[66.854,24.8613],[66.8346,24.859],[66.8229,24.844],[66.8226,24.8379],[66.8199,24.8396],[66.8193,24.8382],[66.8157,24.8396],[66.8146,24.8385],[66.8001,24.8451],[66.7924,24.8451],[66.7854,24.8429],[66.7835,24.8429],[66.7835,24.8449],[66.7796,24.8446],[66.7754,24.8418],[66.7643,24.8493],[66.7513,24.8521],[66.7312,24.8412],[66.7318,24.8393],[66.7271,24.8351],[66.7254,24.8351],[66.7251,24.8382],[66.719,24.8382],[66.7063,24.8318],[66.6865,24.831],[66.6765,24.826],[66.666,24.8249],[66.6532,24.8379],[66.6607,24.8401],[66.6599,24.8501],[66.6574,24.8515],[66.6582,24.8557],[66.6696,24.864],[66.6787,24.8771],[66.6846,24.881],[66.6935,24.8801],[66.7018,24.8876],[66.7035,24.8876],[66.7068,24.8826],[66.7201,24.8857],[66.7199,24.8882],[66.7149,24.886],[66.7085,24.886],[66.7065,24.8871],[66.7065,24.8896],[66.7165,24.8993],[66.7182,24.9029],[66.7215,24.9049],[66.7196,24.9099],[66.7237,24.919],[66.7263,24.921],[66.7232,24.9212],[66.7204,24.9182],[66.7157,24.9065],[66.7104,24.9007],[66.7071,24.8987],[66.701,24.8982],[66.6926,24.8926],[66.694,24.8876],[66.6918,24.8907],[66.6915,24.8971],[66.6879,24.9024],[66.6876,24.9068],[66.7152,24.9394],[66.6876,24.9075],[66.684,24.9132],[66.6807,24.9265],[66.6771,24.9329],[66.6771,24.9365],[66.6787,24.9415],[66.6818,24.944],[66.689,24.9468],[66.6957,24.9474],[66.7012,24.9543],[66.7024,24.9907],[66.7007,24.9988],[66.7085,25.009],[66.711,25.0171],[66.7085,25.0362],[66.7121,25.046],[66.7121,25.0532],[66.7071,25.0738],[66.7012,25.0868],[66.7068,25.0915],[66.7107,25.0901],[66.7135,25.0932],[66.7146,25.0979],[66.7171,25.099],[66.7143,25.1101],[66.7149,25.1149],[66.7196,25.1193],[66.721,25.1171],[66.7271,25.1182],[66.7346,25.1249],[66.7368,25.1399],[66.7401,25.1463],[66.741,25.1521],[66.7435,25.1585],[66.7501,25.1662],[66.7499,25.1754],[66.7465,25.1857],[66.7421,25.1943],[66.7221,25.221],[66.6999,25.2457],[66.6849,25.2599],[66.6129,25.3174],[66.5599,25.3479],[66.5493,25.3626],[66.5468,25.3804],[66.5488,25.384],[66.5532,25.3815],[66.5529,25.3779],[66.5549,25.3776],[66.559,25.3885],[66.5629,25.3874],[66.5654,25.3824],[66.5685,25.3829],[66.5707,25.3815],[66.574,25.3846],[66.5715,25.3879],[66.5657,25.3879],[66.5713,25.3907],[66.5687,25.3921],[66.569,25.394],[66.5729,25.3926],[66.5743,25.3946],[66.5699,25.3968],[66.5701,25.4001],[66.5726,25.4026],[66.569,25.4018],[66.5685,25.4074],[66.5663,25.3996],[66.5607,25.3993],[66.5615,25.396],[66.5551,25.3993],[66.5579,25.4018],[66.5565,25.4068],[66.5601,25.409],[66.5629,25.4196],[66.5651,25.4193],[66.5663,25.4132],[66.569,25.4129],[66.5743,25.4204],[66.5815,25.4254],[66.5818,25.429],[66.5857,25.4307],[66.5788,25.4382],[66.5649,25.4446],[66.5618,25.4493],[66.5604,25.4488],[66.5601,25.451],[66.5593,25.4488],[66.5587,25.4524],[66.5629,25.4593],[66.564,25.4657],[66.5621,25.4804],[66.5504,25.4946],[66.5488,25.4938],[66.5376,25.5004],[66.5368,25.5068],[66.5426,25.5115],[66.5379,25.511],[66.5287,25.5043],[66.5207,25.509],[66.5251,25.5126],[66.5193,25.5113],[66.5176,25.5093],[66.5143,25.5101],[66.5135,25.5129],[66.5062,25.5129],[66.5049,25.5157],[66.4918,25.5182],[66.4904,25.519],[66.4915,25.5215],[66.4899,25.5196],[66.484,25.5204],[66.4815,25.5187],[66.4793,25.5187],[66.479,25.5201],[66.4785,25.5187],[66.4732,25.5196],[66.4721,25.5218],[66.4715,25.5201],[66.4701,25.5204],[66.4674,25.5221],[66.4674,25.5274],[66.469,25.5299],[66.4721,25.5307],[66.4724,25.5326],[66.469,25.5307],[66.4688,25.5343],[66.4729,25.536],[66.4726,25.5387],[66.4715,25.5362],[66.4679,25.5351],[66.4654,25.5282],[66.4657,25.5226],[66.4715,25.5193],[66.4715,25.5171],[66.4538,25.5165],[66.4501,25.5149],[66.4504,25.5176],[66.4493,25.5179],[66.4479,25.5146],[66.4432,25.5115],[66.4379,25.5115],[66.426,25.5207],[66.4262,25.5224],[66.4307,25.5232],[66.4354,25.5265],[66.4368,25.5299],[66.4399,25.5387],[66.4346,25.5435],[66.4362,25.5462],[66.4315,25.5446],[66.4235,25.5485],[66.4215,25.551],[66.4193,25.5488],[66.4182,25.5426],[66.414,25.5404],[66.414,25.5343],[66.409,25.5293],[66.4054,25.5296],[66.394,25.5354],[66.3924,25.5421],[66.3993,25.5457],[66.4015,25.5529],[66.4099,25.5596],[66.399,25.5679],[66.399,25.5771],[66.3976,25.579],[66.3949,25.579],[66.3932,25.5818],[66.3793,25.5851],[66.3774,25.5879],[66.3754,25.5876],[66.3657,25.5935],[66.3618,25.5926],[66.3562,25.5943],[66.354,25.5929],[66.3524,25.5951],[66.3454,25.5957],[66.3429,25.5974],[66.3324,25.5974],[66.3285,25.5937],[66.3085,25.594],[66.3104,25.5912],[66.3037,25.591],[66.2932,25.5943],[66.2901,25.5937],[66.289,25.5904],[66.2835,25.5899],[66.2799,25.5871],[66.274,25.5857],[66.2707,25.5804],[66.2696,25.5824],[66.2674,25.5824],[66.2632,25.576],[66.2582,25.5735],[66.259,25.5707],[66.2624,25.5707],[66.2621,25.5685],[66.2596,25.5682],[66.259,25.5624],[66.2637,25.5601],[66.2582,25.5582],[66.2457,25.549],[66.2482,25.5479],[66.249,25.5454],[66.2671,25.5468],[66.2699,25.5488],[66.2749,25.5479],[66.2768,25.546],[66.281,25.5501],[66.2843,25.5454],[66.286,25.5474],[66.2885,25.5451],[66.289,25.5421],[66.3213,25.5401],[66.3282,25.5413],[66.3343,25.5488],[66.3457,25.5482],[66.3499,25.5457],[66.3496,25.5371],[66.3532,25.5276],[66.3596,25.5235],[66.3635,25.5229],[66.3701,25.5232],[66.3801,25.5279],[66.3846,25.5274],[66.3865,25.5246],[66.394,25.5204],[66.3962,25.5143],[66.4021,25.5088],[66.401,25.5074],[66.404,25.5071],[66.406,25.5046],[66.4082,25.4965],[66.4146,25.494],[66.4254,25.4851],[66.4301,25.4835],[66.4437,25.484],[66.4568,25.4932],[66.4693,25.4943],[66.4857,25.4982],[66.494,25.4979],[66.5043,25.494],[66.524,25.491],[66.5251,25.484],[66.5226,25.4837],[66.5226,25.4854],[66.5207,25.4854],[66.5215,25.4832],[66.5249,25.4826],[66.5268,25.4793],[66.5282,25.4818],[66.5329,25.481],[66.5321,25.4779],[66.5282,25.476],[66.5307,25.471],[66.5301,25.4621],[66.5315,25.4582],[66.526,25.4401],[66.519,25.4368],[66.5149,25.4385],[66.5165,25.4346],[66.5126,25.4329],[66.5085,25.4329],[66.5068,25.4363],[66.4885,25.4371],[66.4993,25.4304],[66.5079,25.4293],[66.5113,25.4276],[66.5121,25.4246],[66.5179,25.4246],[66.5232,25.4207],[66.5257,25.4182],[66.5257,25.4154],[66.5221,25.4101],[66.5215,25.4049],[66.5068,25.4018],[66.4971,25.4032],[66.4868,25.4096],[66.471,25.4129],[66.4643,25.4176],[66.4135,25.441],[66.3712,25.4568],[66.3468,25.4626],[66.3246,25.466],[66.2851,25.4682],[66.2515,25.4649],[66.219,25.4596],[66.1837,25.4571],[66.109,25.4482],[66.1026,25.4471],[66.0971,25.4429],[66.054,25.431],[66.0276,25.4251],[65.9679,25.4157],[65.9135,25.4143],[65.8268,25.4199],[65.8099,25.4135],[65.8021,25.4074],[65.8007,25.4043],[65.799,25.4043],[65.7974,25.3982],[65.7921,25.396],[65.7879,25.3918],[65.779,25.3913],[65.7726,25.3838],[65.7649,25.384],[65.7646,25.3826],[65.7604,25.3818],[65.7429,25.3804],[65.7279,25.3757],[65.7157,25.3757],[65.7151,25.3735],[65.7121,25.3718],[65.7057,25.3732],[65.6976,25.3707],[65.6946,25.3682],[65.6754,25.3665],[65.6643,25.3615],[65.6588,25.3607],[65.6565,25.3579],[65.6407,25.354],[65.6307,25.3537],[65.6057,25.3576],[65.5271,25.3754],[65.5137,25.3762],[65.5107,25.3779],[65.5032,25.3759],[65.4604,25.3915],[65.4499,25.3868],[65.4496,25.3849],[65.4463,25.3857],[65.4454,25.3843],[65.4393,25.3838],[65.4351,25.3801],[65.4296,25.3801],[65.4268,25.3768],[65.4238,25.3771],[65.4218,25.3746],[65.4179,25.3732],[65.4163,25.3746],[65.4165,25.3765],[65.4099,25.3754],[65.4101,25.3768],[65.3868,25.3826],[65.3674,25.3851],[65.3463,25.3779],[65.3112,25.3788],[65.3054,25.4371],[65.3105,25.379],[65.2779,25.3801],[65.2701,25.3793],[65.2693,25.3779],[65.2599,25.3765],[65.2496,25.3726],[65.2426,25.3643],[65.2421,25.3549],[65.2363,25.339],[65.229,25.3332],[65.2263,25.3254],[65.2243,25.324],[65.2271,25.3185],[65.2265,25.3151],[65.2246,25.316],[65.2215,25.3129],[65.2179,25.3121],[65.2129,25.3129],[65.2107,25.3104],[65.201,25.3113],[65.1954,25.3093],[65.1951,25.3065],[65.1921,25.3035],[65.1557,25.3051],[65.1446,25.3018],[65.1293,25.3037],[65.1151,25.3021],[65.1071,25.3049],[65.0963,25.306],[65.0946,25.3076],[65.0896,25.3071],[65.0446,25.316],[65.0446,25.3174],[65.0415,25.3165],[65.0174,25.3204],[64.9835,25.321],[64.9426,25.3249],[64.9043,25.3265],[64.8282,25.3249],[64.7668,25.3199],[64.7207,25.3129],[64.6915,25.3043],[64.6718,25.2932],[64.6607,25.2832],[64.6471,25.266],[64.639,25.2465],[64.6368,25.2343],[64.6374,25.2187],[64.6379,25.2124],[64.6393,25.2082],[64.6413,25.2074],[64.6415,25.2024],[64.6476,25.2004],[64.6515,25.2026],[64.6738,25.2035],[64.6738,25.2051],[64.676,25.2057],[64.6768,25.2021],[64.6704,25.1999],[64.6718,25.1932],[64.6807,25.1932],[64.6804,25.1968],[64.6829,25.1996],[64.6854,25.1996],[64.6882,25.1943],[64.6876,25.1918],[64.6957,25.1907],[64.6974,25.1868],[64.6904,25.181],[64.6729,25.179],[64.6579,25.1738],[64.6335,25.1699],[64.6257,25.1649],[64.6188,25.1657],[64.6135,25.1629],[64.6062,25.1624],[64.6021,25.159],[64.5951,25.1579],[64.5949,25.1549],[64.5899,25.1546],[64.5826,25.1571],[64.5771,25.1682],[64.5776,25.1774],[64.5835,25.1818],[64.5924,25.1815],[64.5938,25.1843],[64.5949,25.1838],[64.5985,25.1951],[64.6046,25.2007],[64.6176,25.206],[64.6179,25.2196],[64.6104,25.234],[64.6021,25.2438],[64.5818,25.2588],[64.5732,25.2626],[64.5415,25.2721],[64.5121,25.2746],[64.5076,25.2735],[64.506,25.2693],[64.4976,25.2654],[64.4896,25.2629],[64.4871,25.264],[64.4812,25.2629],[64.4768,25.2604],[64.4726,25.2549],[64.4743,25.2543],[64.476,25.2488],[64.4782,25.2468],[64.4726,25.2438],[64.4546,25.2401],[64.4496,25.241],[64.4446,25.2393],[64.4021,25.2363],[64.4004,25.2379],[64.3985,25.2374],[64.3999,25.2382],[64.3979,25.2393],[64.3918,25.241],[64.3854,25.2421],[64.3843,25.2404],[64.3826,25.2421],[64.3768,25.2424],[64.376,25.2476],[64.3771,25.2499],[64.3729,25.254],[64.3493,25.2663],[64.3363,25.2704],[64.3363,25.2715],[64.3046,25.281],[64.2965,25.2849],[64.2907,25.2854],[64.2868,25.2879],[64.2735,25.2904],[64.2715,25.2921],[64.2468,25.2988],[64.2285,25.301],[64.2285,25.304],[64.2307,25.3068],[64.2249,25.3129],[64.211,25.3132],[64.186,25.3193],[64.1496,25.3246],[64.1032,25.3271],[64.0912,25.3246],[64.089,25.3262],[64.0912,25.3293],[64.0871,25.3376],[64.0874,25.3429],[64.0849,25.3535],[64.0899,25.364],[64.0943,25.364],[64.1026,25.3574],[64.1074,25.359],[64.1143,25.3576],[64.1137,25.3529],[64.1174,25.3551],[64.1182,25.3601],[64.1118,25.3662],[64.096,25.374],[64.0899,25.3754],[64.0874,25.3788],[64.0718,25.3879],[64.0701,25.3918],[64.074,25.3929],[64.0746,25.3946],[64.071,25.3957],[64.0793,25.3968],[64.0854,25.3946],[64.0965,25.3954],[64.1076,25.3924],[64.1029,25.3951],[64.1046,25.3971],[64.1149,25.391],[64.1201,25.3899],[64.1188,25.3924],[64.1146,25.3921],[64.1157,25.3926],[64.1146,25.3951],[64.1085,25.3957],[64.1038,25.3993],[64.1135,25.4001],[64.1149,25.4018],[64.1137,25.4029],[64.1107,25.4018],[64.1087,25.4015],[64.1068,25.4018],[64.1096,25.4057],[64.1149,25.4057],[64.1174,25.4026],[64.1215,25.4029],[64.1263,25.399],[64.1235,25.4043],[64.1232,25.4071],[64.1246,25.4076],[64.129,25.4043],[64.1307,25.3949],[64.1338,25.3976],[64.1365,25.3957],[64.1365,25.3935],[64.1385,25.3937],[64.1387,25.3965],[64.146,25.3976],[64.1501,25.3965],[64.1485,25.3985],[64.151,25.3993],[64.1446,25.4004],[64.1446,25.4024],[64.1476,25.4035],[64.1551,25.3993],[64.1568,25.401],[64.1446,25.4054],[64.144,25.4068],[64.1454,25.4076],[64.1426,25.4107],[64.1449,25.4124],[64.1474,25.4115],[64.1474,25.4129],[64.1513,25.411],[64.1515,25.4124],[64.1543,25.4129],[64.1543,25.4176],[64.1599,25.4188],[64.1571,25.4232],[64.1513,25.4232],[64.1515,25.4262],[64.1549,25.4265],[64.1526,25.429],[64.1599,25.4304],[64.1488,25.4324],[64.1418,25.431],[64.1379,25.4335],[64.1432,25.4365],[64.1529,25.4371],[64.159,25.4365],[64.1604,25.4337],[64.1687,25.4315],[64.1693,25.434],[64.1643,25.4354],[64.1643,25.4393],[64.1699,25.441],[64.1768,25.4379],[64.1749,25.441],[64.1787,25.4418],[64.1782,25.4432],[64.1718,25.4424],[64.169,25.4449],[64.1615,25.4451],[64.1571,25.4499],[64.1612,25.4513],[64.166,25.4493],[64.1646,25.451],[64.1699,25.4538],[64.1643,25.4529],[64.1632,25.4543],[64.1735,25.4571],[64.1762,25.4571],[64.1749,25.4543],[64.1796,25.4538],[64.1807,25.4562],[64.1779,25.4571],[64.1821,25.4599],[64.1699,25.4599],[64.1699,25.4624],[64.1668,25.4626],[64.1682,25.4643],[64.1646,25.4649],[64.1651,25.4668],[64.1607,25.4624],[64.156,25.4604],[64.1529,25.4624],[64.1393,25.4613],[64.1282,25.4654],[64.1254,25.4649],[64.1199,25.4765],[64.1199,25.4726],[64.1168,25.4715],[64.1171,25.4685],[64.1143,25.4676],[64.1124,25.4693],[64.1126,25.4735],[64.1101,25.4721],[64.1093,25.4649],[64.1104,25.4651],[64.1104,25.4635],[64.1068,25.4643],[64.1085,25.4651],[64.1065,25.4679],[64.1049,25.4676],[64.1054,25.4649],[64.1038,25.4643],[64.1021,25.466],[64.0965,25.4638],[64.094,25.4643],[64.0885,25.4582],[64.0832,25.4576],[64.0801,25.4515],[64.0788,25.456],[64.0762,25.4576],[64.0687,25.4571],[64.0632,25.4538],[64.0587,25.4551],[64.0488,25.4535],[64.0365,25.4574],[64.0376,25.4588],[64.0354,25.4588],[64.0332,25.4613],[64.0232,25.4607],[64.0207,25.4629],[64.0157,25.4629],[64.0157,25.4649],[64.0143,25.4649],[64.0149,25.4624],[64.0104,25.461],[63.9971,25.4599],[63.9954,25.4585],[63.9957,25.454],[64.0021,25.4557],[64.0049,25.4532],[64.0132,25.4521],[64.0171,25.4499],[64.0176,25.4479],[64.0149,25.4474],[64.0174,25.4449],[64.0163,25.436],[64.0135,25.4354],[64.009,25.4399],[64.006,25.4399],[64.0082,25.4387],[64.0093,25.4335],[64.0029,25.4346],[64.0004,25.4321],[63.9926,25.4312],[63.9949,25.4299],[63.994,25.4274],[63.9893,25.4285],[63.9843,25.4251],[63.9849,25.4232],[63.981,25.4199],[63.9893,25.4224],[63.9943,25.4221],[63.9946,25.4196],[64.0001,25.4199],[64.0029,25.4165],[63.9946,25.4093],[63.9885,25.4079],[63.9854,25.4124],[63.9779,25.4165],[63.969,25.4182],[63.9629,25.4071],[63.9576,25.4035],[63.9635,25.4037],[63.9682,25.4065],[63.9701,25.4151],[63.976,25.4157],[63.9813,25.4138],[63.9863,25.4088],[63.9829,25.4062],[63.9818,25.4015],[63.9815,25.4018],[63.979,25.4015],[63.9888,25.396],[63.9901,25.3882],[63.9946,25.3874],[64.0004,25.3901],[64.0018,25.3932],[64.0101,25.3935],[64.0121,25.396],[64.0101,25.399],[64.0104,25.4049],[64.0118,25.406],[64.0137,25.4049],[64.0146,25.4065],[64.0165,25.4065],[64.024,25.4037],[64.0338,25.4049],[64.0393,25.4093],[64.0415,25.4088],[64.0426,25.4021],[64.041,25.3904],[64.0429,25.3843],[64.0468,25.3813],[64.0418,25.3774],[64.0493,25.3801],[64.0568,25.3729],[64.0532,25.3718],[64.0515,25.3693],[64.0465,25.3699],[64.0407,25.3657],[64.0374,25.3679],[64.0338,25.3665],[64.0374,25.3668],[64.0415,25.3646],[64.0474,25.3688],[64.0532,25.364],[64.0535,25.3676],[64.056,25.3682],[64.0593,25.366],[64.0601,25.3599],[64.0571,25.3543],[64.0546,25.3529],[64.0565,25.3521],[64.0551,25.3501],[64.0585,25.3515],[64.0582,25.3549],[64.0618,25.3585],[64.064,25.3585],[64.0651,25.3537],[64.0687,25.3537],[64.0685,25.3521],[64.0704,25.3532],[64.0721,25.351],[64.0671,25.3429],[64.0674,25.339],[64.0646,25.3329],[64.0574,25.3271],[64.0537,25.3262],[64.0365,25.3243],[64.004,25.3318],[63.8901,25.3415],[63.8546,25.3496],[63.7779,25.3715],[63.7335,25.3804],[63.6929,25.386],[63.6579,25.3849],[63.6493,25.3838],[63.6446,25.3807],[63.6046,25.3774],[63.5921,25.3749],[63.5846,25.371],[63.5735,25.3682],[63.569,25.3635],[63.5604,25.3593],[63.5574,25.3549],[63.526,25.3451],[63.5062,25.3338],[63.4963,25.326],[63.4935,25.3204],[63.4857,25.3132],[63.4821,25.3074],[63.4821,25.2929],[63.4782,25.2865],[63.4671,25.2862],[63.4674,25.2849],[63.4649,25.2849],[63.4507,25.2985],[63.4557,25.2913],[63.4663,25.2824],[63.4776,25.2824],[63.4735,25.2738],[63.4779,25.2713],[63.4768,25.266],[63.4782,25.2654],[63.4782,25.2626],[63.4815,25.2632],[63.4793,25.261],[63.4765,25.2621],[63.4746,25.2574],[63.4743,25.2501],[63.4779,25.2424],[63.4921,25.2307],[63.4999,25.2301],[63.506,25.226],[63.506,25.2232],[63.5032,25.2204],[63.5007,25.2207],[63.4926,25.2165],[63.4912,25.2121],[63.4926,25.2101],[63.4963,25.2099],[63.4968,25.2062],[63.4951,25.2054],[63.4535,25.2104],[63.4335,25.2151],[63.3701,25.2257],[63.2893,25.2329],[63.2507,25.2396],[63.2074,25.244],[63.1615,25.2529],[63.1251,25.2579],[63.1071,25.2571],[63.0899,25.254],[63.0829,25.2504],[63.0774,25.2432],[63.0793,25.2332],[63.0579,25.229],[63.0426,25.2226],[63.0232,25.2229],[63.0129,25.2171],[63.0101,25.211],[63.0046,25.2104],[62.9837,25.2124],[62.9663,25.2176],[62.9374,25.2237],[62.9324,25.2235],[62.931,25.2251],[62.8899,25.2346],[62.7926,25.2518],[62.7818,25.2521],[62.7765,25.2488],[62.7585,25.2499],[62.7551,25.2476],[62.7007,25.2576],[62.614,25.269],[62.5768,25.2707],[62.531,25.2679],[62.4863,25.2615],[62.474,25.2574],[62.4626,25.2468],[62.4582,25.236],[62.461,25.2271],[62.4746,25.2257],[62.4732,25.2218],[62.426,25.2168],[62.3899,25.2051],[62.366,25.1921],[62.3468,25.1746],[62.3379,25.164],[62.3301,25.1507],[62.3271,25.1321],[62.3285,25.1185],[62.3312,25.1143],[62.3363,25.1149],[62.3324,25.1126],[62.3324,25.1107],[62.3351,25.1063],[62.3404,25.1038],[62.346,25.104],[62.3554,25.1093],[62.361,25.1082],[62.3649,25.1051],[62.3846,25.1049],[62.3854,25.1013],[62.3838,25.0985],[62.3774,25.0968],[62.3746,25.094],[62.3696,25.0965],[62.3587,25.0921],[62.3488,25.0935],[62.3074,25.0938],[62.2985,25.0968],[62.2693,25.0985],[62.2654,25.1032],[62.2588,25.104],[62.2565,25.1065],[62.286,25.1101],[62.291,25.1168],[62.301,25.1176],[62.3049,25.1196],[62.3099,25.1179],[62.3112,25.1196],[62.3174,25.1201],[62.3199,25.1315],[62.3196,25.1463],[62.3151,25.1612],[62.3015,25.1801],[62.2918,25.1887],[62.2724,25.2021],[62.2507,25.2113],[62.2396,25.2143],[62.2171,25.2185],[62.1979,25.2201],[62.1676,25.2207],[62.1485,25.2182],[62.1263,25.2138],[62.0915,25.2026],[62.0699,25.1893],[62.0599,25.1774],[62.0529,25.1621],[62.0526,25.1529],[62.0549,25.1507],[62.0657,25.1485],[62.0738,25.1421],[62.0757,25.1365],[62.0713,25.1257],[62.0718,25.1193],[62.0754,25.1162],[62.0832,25.1168],[62.0838,25.1051],[62.0865,25.1029],[62.0932,25.1021],[62.094,25.1001],[62.066,25.1038],[61.9654,25.1115],[61.9226,25.1107],[61.8943,25.1054],[61.8729,25.0987],[61.864,25.091],[61.8629,25.0865],[61.8649,25.0818],[61.8693,25.081],[61.8715,25.0768],[61.8593,25.0704],[61.8565,25.0632],[61.8574,25.0526],[61.8554,25.0471],[61.8565,25.041],[61.854,25.0368],[61.8451,25.0332],[61.8401,25.0338],[61.8357,25.0312],[61.8299,25.0312],[61.8274,25.0296],[61.8185,25.029],[61.8151,25.0304],[61.7982,25.026],[61.7943,25.0263],[61.7935,25.0235],[61.7912,25.0215],[61.7896,25.0221],[61.7874,25.0185],[61.7815,25.0168],[61.779,25.0143],[61.7771,25.0149],[61.7768,25.0185],[61.754,25.0168],[61.746,25.0207],[61.7429,25.0204],[61.7418,25.0187],[61.7368,25.0193],[61.7349,25.0218],[61.7321,25.0221],[61.7304,25.0263],[61.7249,25.031],[61.7271,25.0304],[61.7313,25.0354],[61.7299,25.044],[61.734,25.0471],[61.7407,25.0474],[61.7426,25.0504],[61.7404,25.0654],[61.7368,25.0688],[61.736,25.0724],[61.7493,25.0807],[61.7621,25.0849],[61.769,25.0912],[61.7676,25.1024],[61.7649,25.1099],[61.7582,25.1199],[61.7593,25.1232],[61.7579,25.1257],[61.754,25.1293],[61.7482,25.1282],[61.746,25.1257],[61.7443,25.1276],[61.749,25.1326],[61.7582,25.1318],[61.761,25.1293],[61.7632,25.1312],[61.7676,25.1315],[61.7718,25.1396],[61.7796,25.1424],[61.7774,25.1449],[61.7782,25.1537],[61.7724,25.1588],[61.7724,25.1604],[61.7732,25.1618],[61.781,25.1612],[61.7824,25.1646],[61.7815,25.1696],[61.7793,25.1685],[61.7804,25.1657],[61.7793,25.1635],[61.7729,25.1629],[61.7713,25.1607],[61.771,25.1582],[61.7765,25.1537],[61.776,25.1429],[61.7693,25.1396],[61.7665,25.1346],[61.761,25.1371],[61.7613,25.1385],[61.7538,25.1349],[61.7446,25.1351],[61.7463,25.1454],[61.7418,25.1504],[61.7332,25.1526],[61.7304,25.1568],[61.7215,25.1588],[61.7218,25.1571],[61.726,25.156],[61.7301,25.1521],[61.7326,25.1526],[61.7354,25.149],[61.7412,25.1463],[61.744,25.1437],[61.744,25.1418],[61.7374,25.141],[61.7315,25.1424],[61.709,25.1563],[61.6871,25.1638],[61.6696,25.1657],[61.6715,25.1782],[61.6643,25.1857],[61.6626,25.1904],[61.6721,25.1907],[61.6776,25.189],[61.6782,25.1796],[61.6829,25.1787],[61.6929,25.1899],[61.701,25.1924],[61.7026,25.196],[61.6954,25.2082],[61.6963,25.2104],[61.7285,25.2354],[61.7332,25.2421],[61.7349,25.2546],[61.7287,25.256],[61.7332,25.2524],[61.7337,25.2493],[61.7315,25.241],[61.7274,25.2357],[61.6943,25.2096],[61.7001,25.1963],[61.7001,25.1932],[61.6946,25.1924],[61.6888,25.1885],[61.6821,25.181],[61.679,25.1818],[61.6796,25.1876],[61.6782,25.191],[61.6696,25.1926],[61.6615,25.1913],[61.661,25.1877],[61.6679,25.179],[61.6688,25.1732],[61.6671,25.1715],[61.6585,25.1707],[61.6254,25.176],[61.5821,25.1776],[61.5776,25.1793],[61.5768,25.1843],[61.5899,25.1837],[61.5987,25.1868],[61.6105,25.195],[61.6294,25.2452],[61.6451,25.2736],[61.6556,25.2975],[61.6643,25.3334],[61.6698,25.4219],[61.6672,25.5124],[61.6807,25.6544],[61.689,25.6626],[61.7045,25.6725],[61.7067,25.6863],[61.705,25.7039],[61.6899,25.7179],[61.6906,25.7585],[61.6892,25.7992],[61.7177,25.796],[61.7486,25.7984],[61.7688,25.8018],[61.7804,25.8182],[61.7819,25.8515],[61.7802,25.8709],[61.7825,25.8856],[61.7914,25.9261],[61.8018,25.9943],[61.833,26.1711],[61.8479,26.2281],[61.8708,26.2467],[61.9074,26.2601],[61.9582,26.2686],[61.9867,26.2797],[62.0611,26.3154],[62.1067,26.3142],[62.1211,26.3168],[62.1281,26.3296],[62.1281,26.3804],[62.1324,26.39],[62.1447,26.3893],[62.1997,26.3695],[62.2329,26.3661],[62.2635,26.3582],[62.2825,26.3584],[62.2915,26.3711],[62.2913,26.3868],[62.2647,26.4127],[62.2646,26.4321],[62.2564,26.446],[62.2577,26.4488],[62.2698,26.4457],[62.2826,26.4473],[62.3022,26.4676],[62.3088,26.4767],[62.297,26.4941],[62.2959,26.4987],[62.2994,26.5136],[62.306,26.5244],[62.3151,26.5289],[62.3336,26.5285],[62.3433,26.5312],[62.3613,26.5395],[62.3971,26.5383],[62.4035,26.5393],[62.4107,26.5444],[62.4345,26.5681],[62.4412,26.57],[62.4634,26.5676],[62.4784,26.5696],[62.512,26.5813],[62.5299,26.5785],[62.6081,26.585],[62.6378,26.5994],[62.6483,26.6091],[62.6609,26.6165],[62.6852,26.6126],[62.6972,26.6134],[62.7214,26.6199],[62.7264,26.6241],[62.7316,26.6343],[62.7368,26.6385],[62.7607,26.6484],[62.7787,26.6523],[62.8216,26.6522],[62.8401,26.6475],[62.9195,26.6461],[62.9465,26.6529],[62.9859,26.6533],[63.0019,26.6519],[63.0514,26.6376],[63.09,26.6441],[63.1565,26.645],[63.162,26.6436],[63.1692,26.6473],[63.1731,26.6701],[63.1997,26.738],[63.2032,26.7683],[63.1921,26.8435],[63.2048,26.8495],[63.2755,26.8648],[63.2814,26.8746],[63.2764,26.8893],[63.2567,26.9287],[63.2559,27.083],[63.2732,27.1024],[63.2839,27.1107],[63.3131,27.1293],[63.3175,27.1387],[63.2992,27.1789],[63.2795,27.1922],[63.1842,27.2414],[63.1158,27.2344],[63.0586,27.2332],[62.9772,27.1951],[62.9517,27.1921],[62.9087,27.1992],[62.8923,27.2108],[62.8783,27.2171],[62.8437,27.2131],[62.8214,27.2123],[62.7979,27.2215],[62.783,27.2343],[62.7815,27.2514],[62.8232,27.2862],[62.8325,27.3049],[62.8281,27.3193],[62.8074,27.3401],[62.8554,27.4651],[62.852,27.5427],[62.8386,27.6474],[62.83,27.7353],[62.8198,27.805],[62.8083,27.8516],[62.8024,27.8859],[62.7975,27.9145],[62.7901,27.9781],[62.7718,28.0151],[62.7682,28.0324],[62.7808,28.1029],[62.7966,28.2089],[62.7919,28.2771],[62.7869,28.2812],[62.5923,28.2551],[62.5731,28.2785],[62.5416,28.31],[62.516,28.3223],[62.5029,28.3313],[62.4723,28.3761],[62.4397,28.4071],[62.3725,28.438],[62.35,28.4412],[62.2963,28.4635],[62.2694,28.4665],[62.2399,28.4659],[62.2024,28.4787],[62.1705,28.4875],[62.1524,28.4895],[62.1158,28.4851],[62.0433,28.5079],[62.0158,28.5286],[61.9932,28.5408],[61.9576,28.5487],[61.9086,28.5738],[61.8701,28.5971],[61.8229,28.6327],[61.8042,28.6402],[61.7956,28.6558],[61.7775,28.6799],[61.7211,28.7382],[61.681,28.7706],[61.6657,28.7952],[61.6403,28.8216],[61.62,28.8557],[61.5736,28.914],[61.5633,28.9425],[61.5472,28.9626],[61.5043,29.0075],[61.5032,29.0192],[61.5056,29.0481],[61.5032,29.0564],[61.4789,29.0806],[61.4779,29.1028],[61.4705,29.114],[61.4586,29.1224],[61.4435,29.1281],[61.4158,29.1356],[61.4134,29.1412],[61.4148,29.1562],[61.4287,29.1938],[61.4224,29.2005],[61.3991,29.2085],[61.391,29.2136],[61.3835,29.2215],[61.3577,29.2828],[61.3734,29.3165],[61.3775,29.3353],[61.3726,29.3487],[61.3111,29.3965],[61.1926,29.5025],[61.1259,29.5729],[60.89953399164219,29.837343469366346],[60.8658,29.8532],[61.2094,30.2176],[61.7592,30.79],[61.7767,30.8109],[61.794,30.8262],[61.8012,30.8293],[61.803,30.8294],[61.8076,30.8376],[61.7968,30.8617],[61.7958,30.8668],[61.7982,30.8801],[61.7976,30.8853],[61.79,30.893],[61.7862,30.904],[61.7849,30.9112],[61.7852,30.9366],[61.7878,30.9435],[61.7957,30.9405],[61.7977,30.9413],[61.816,30.9598],[61.8324,30.972],[61.8254,30.9977],[61.8254,31.0037],[61.8349,31.0206],[61.8339,31.0302],[61.8392,31.0359],[61.8393,31.0377],[61.8332,31.0539],[61.8333,31.0624],[61.8295,31.0674],[61.8343,31.0879],[61.8181,31.106],[61.8154,31.1136],[61.8157,31.1215],[61.8094,31.1343],[61.8104,31.1403],[61.8072,31.1469],[61.8079,31.1577],[61.8063,31.163],[61.8012,31.1735],[61.7744,31.2094],[61.7778,31.2181],[61.7729,31.2521],[61.7776,31.3036],[61.7065,31.3772],[61.6483,31.3849],[61.1734,31.4466],[60.8457,31.4869],[60.8306,31.5065],[60.7926,31.6217],[60.7826,31.681],[60.775,31.7425],[60.7772,31.8051],[60.7812,31.8428],[60.8017,31.958],[60.8224,32.0266],[60.8342,32.0486],[60.8443,32.0674],[60.8802,32.2004],[60.8766,32.211],[60.8577,32.2669],[60.8159,32.4724],[60.7806,32.5496],[60.7088,32.7068],[60.6193,33.0043],[60.608,33.0154],[60.5949,33.0333],[60.5841,33.1275],[60.6368,33.2265],[60.8273,33.398],[60.8683,33.4189],[60.8658,33.4595],[60.8536,33.4843],[60.8844,33.5033],[60.9056,33.4988],[60.9301,33.4967],[60.9346,33.5005],[60.9488,33.5125],[60.9,33.5389],[60.7566,33.5301],[60.6728,33.5318],[60.5318,33.6502],[60.5264,33.7439],[60.5622,33.7911],[60.5627,33.794],[60.5319,33.9776],[60.5261,34.0019],[60.5106,34.0454],[60.5049,34.0816],[60.5187,34.1294],[60.5827,34.2084],[60.6004,34.2265],[60.6366,34.2582],[60.6718,34.2835],[60.6742,34.2873],[60.6744,34.2989],[60.6764,34.3042],[60.6882,34.3124],[60.7039,34.3155],[60.7408,34.312],[60.7921,34.3111],[60.8452,34.3125],[60.9035,34.3047],[60.93464832172261,34.30595754093911],[60.9109,34.3324],[60.8971,34.3511],[60.8691,34.3741],[60.8532,34.4055],[60.8461,34.4263],[60.8051,34.4588],[60.746,34.4962],[60.7277,34.5104],[60.7254,34.5146],[60.7318,34.5229],[60.7669,34.5306],[60.7853,34.5381],[60.8065,34.5423],[60.8176,34.5419],[60.8247,34.5445],[60.847,34.5436],[60.8779,34.561],[60.8948,34.5683],[60.8971,34.5725],[60.9001,34.5903],[60.9123,34.6228],[60.9212,34.6275],[60.9324,34.6279],[60.9477,34.6173],[60.9547,34.6169],[60.9678,34.6211],[60.9847,34.6312],[60.9887,34.6353],[60.9914,34.6416],[60.9893,34.6494],[60.984,34.6565],[60.9837,34.6621],[60.986,34.6701],[60.9838,34.6747],[60.9809,34.6929],[60.9822,34.6981],[60.9887,34.7089],[60.9993,34.7179],[61.0055,34.7268],[61.0125,34.7315],[61.053,34.7868],[61.0568,34.794],[61.0559,34.8059],[61.0572,34.8258],[61.0628,34.8571],[61.0575,34.8829],[61.0566,34.9016],[61.0541,34.9099],[61.0566,34.9136],[61.0849,34.936],[61.0903,34.9563],[61.0888,34.9977],[61.0992,35.0317],[61.1029,35.0586],[61.1215,35.0779],[61.1207,35.0874],[61.1129,35.1153],[61.103,35.129],[61.0959,35.1432],[61.0907,35.1442],[61.0864,35.1526],[61.1091,35.1546],[61.1149,35.1581],[61.1135,35.1604],[61.1097,35.1614],[61.0943,35.1598],[61.0934,35.1653],[61.0876,35.1713],[61.0951,35.1772],[61.097,35.1843],[61.1024,35.1862],[61.1052,35.199],[61.1147,35.1994],[61.1149,35.2053],[61.1171,35.2073],[61.1174,35.2114],[61.102,35.2162],[61.0996,35.2214],[61.1,35.229],[61.1031,35.2333],[61.0978,35.2367],[61.0978,35.2416],[61.0995,35.2419],[61.0971,35.2579],[61.0927,35.2616],[61.0999,35.2757],[61.103,35.2791],[61.1089,35.2819],[61.1155,35.2819],[61.1229,35.2774],[61.127,35.28],[61.1328,35.2782],[61.1566,35.2824],[61.1559,35.2766],[61.1589,35.2749],[61.1608,35.2789],[61.1674,35.2852],[61.1654,35.2852],[61.1684,35.2893],[61.1749,35.2896],[61.1786,35.2925],[61.1825,35.2905],[61.1909,35.2916],[61.19,35.2993],[61.192,35.2999],[61.1919,35.3013],[61.1898,35.3012],[61.1901,35.3085],[61.1871,35.3163],[61.1907,35.3165],[61.1918,35.3187],[61.1858,35.3235],[61.1866,35.3283],[61.183,35.3308],[61.1825,35.3346],[61.1764,35.3409],[61.1781,35.357],[61.1855,35.3582],[61.1849,35.3707],[61.1944,35.3762],[61.2001,35.3727],[61.1994,35.378],[61.1949,35.3794],[61.1941,35.3823],[61.1992,35.3847],[61.2005,35.3871],[61.1982,35.3897],[61.1964,35.3882],[61.1947,35.3889],[61.1881,35.3996],[61.1963,35.407],[61.1977,35.4068],[61.1993,35.4107],[61.2115,35.4131],[61.2154,35.4198],[61.2256,35.4201],[61.2268,35.4217],[61.233,35.4333],[61.2225,35.4415],[61.2256,35.4463],[61.236,35.4502],[61.2371,35.4569],[61.2355,35.4638],[61.2397,35.4689],[61.2415,35.4752],[61.2473,35.476],[61.2486,35.4829],[61.2518,35.4852],[61.2525,35.4883],[61.2583,35.4905],[61.2606,35.5005],[61.2641,35.5043],[61.2626,35.5071],[61.2668,35.5132],[61.2732,35.5149],[61.279,35.5213],[61.2803,35.5252],[61.2754,35.5303],[61.2813,35.5337],[61.2833,35.5405],[61.2806,35.5514],[61.2731,35.553],[61.2732,35.5596],[61.2691,35.5664],[61.2774,35.5747],[61.2768,35.5856],[61.2707,35.5893],[61.2786,35.5974],[61.2753,35.6035],[61.2825,35.6083],[61.2861,35.6146],[61.317,35.6209],[61.3491,35.6237],[61.3537,35.6221],[61.3702,35.6237],[61.376,35.62],[61.371,35.6145],[61.3704,35.6058],[61.3767,35.5934],[61.3832,35.589],[61.3922,35.5893],[61.3953,35.5827],[61.4019,35.5823],[61.4013,35.5771],[61.3898,35.5715],[61.3886,35.5667],[61.396,35.5585],[61.4034,35.5524],[61.4104,35.5517],[61.4276,35.5368],[61.4333,35.5364],[61.4478,35.5282],[61.4525,35.5198],[61.5895,35.4352],[61.7825,35.4096],[61.9686,35.4515],[62.0662,35.4316],[62.1176,35.3747],[62.1526,35.3428],[62.2649,35.2954],[62.2692,35.2868],[62.2747,35.2837],[62.2742,35.2779],[62.2779,35.2673],[62.2908,35.2539],[62.2916,35.2472],[62.29,35.2439],[62.2931,35.2362],[62.2939,35.2299],[62.2926,35.2286],[62.2947,35.2234],[62.2921,35.2184],[62.2959,35.2108],[62.2946,35.2015],[62.2959,35.1887],[62.3037,35.1689],[62.3019,35.1375],[62.3075,35.1298],[62.4667,35.268],[62.4821,35.2783],[62.4907,35.2742],[62.4982,35.2752],[62.5052,35.2686],[62.5138,35.267],[62.5221,35.274],[62.5329,35.2609],[62.5435,35.2581],[62.5438,35.248],[62.552,35.2349],[62.5746,35.2317],[62.58,35.2211],[62.5866,35.2259],[62.6014,35.2283],[62.6067,35.2362],[62.6116,35.2342],[62.622,35.2137],[62.6252,35.2096],[62.6299,35.2088],[62.637,35.2137],[62.6451,35.2236],[62.6528,35.2283],[62.6643,35.232],[62.6781,35.2313],[62.6917,35.239],[62.7049,35.2364],[62.7175,35.2414],[62.7267,35.2512],[62.7371,35.2504],[62.7456,35.2537],[62.7508,35.2615],[62.7528,35.2772],[62.7651,35.2871],[62.7806,35.2926],[62.7866,35.2998],[62.8043,35.3023],[62.8181,35.3019],[62.825,35.3008],[62.8401,35.3096],[62.8413,35.312],[62.8547,35.3159],[62.8604,35.3218],[62.8692,35.3377],[62.8805,35.3451],[62.8863,35.3418],[62.8927,35.3468],[62.8951,35.35],[62.895,35.358],[62.9046,35.3618],[62.9099,35.3596],[62.9137,35.3626],[62.9168,35.3692],[62.9219,35.3693],[62.9296,35.3733],[62.9321,35.3751],[62.9332,35.3788],[62.9427,35.3845],[62.9512,35.386],[62.9594,35.389],[62.9622,35.3881],[63.0021,35.4055],[63.0072,35.4094],[63.0216,35.4018],[63.0233,35.4042],[63.0224,35.4066],[63.015,35.418],[63.0252,35.4124],[63.0318,35.4118],[63.0365,35.4157],[63.0438,35.4135],[63.0744,35.3704],[63.0443,35.4129],[63.0485,35.4111],[63.0551,35.4111],[63.06,35.4139],[63.0758,35.4147],[63.0891,35.419],[63.0899,35.4175],[63.0946,35.4206],[63.0981,35.4184],[63.1024,35.4322],[63.101,35.4379],[63.1103,35.4468],[63.1081,35.4548],[63.1086,35.4604],[63.1173,35.48],[63.1134,35.486],[63.1188,35.4925],[63.118,35.5018],[63.1113,35.5107],[63.1227,35.5144],[63.1283,35.5278],[63.1271,35.5325],[63.1291,35.5405],[63.1278,35.543],[63.1248,35.5439],[63.1186,35.5457],[63.1138,35.545],[63.113,35.5498],[63.111,35.5508],[63.1069,35.5501],[63.1067,35.5576],[63.1051,35.5582],[63.1044,35.5632],[63.1046,35.5737],[63.1096,35.5806],[63.1093,35.585],[63.1042,35.5882],[63.1011,35.5931],[63.1011,35.5998],[63.0959,35.6168],[63.0992,35.6207],[63.1074,35.6203],[63.1088,35.6244],[63.112,35.6265],[63.1121,35.6326],[63.1408,35.6421],[63.2126,35.67],[63.2389,35.6784],[63.2459,35.6821],[63.2459,35.6892],[63.2428,35.6998],[63.2386,35.7021],[63.2318,35.7027],[63.2253,35.7086],[63.2155,35.7113],[63.2132,35.7091],[63.1956,35.713],[63.1912,35.7215],[63.1906,35.729],[63.1877,35.7321],[63.177,35.7339],[63.1761,35.7368],[63.1778,35.7388],[63.1686,35.7459],[63.1697,35.7484],[63.1656,35.7494],[63.1587,35.7466],[63.1607,35.7547],[63.1587,35.7569],[63.1558,35.7585],[63.1495,35.7546],[63.1455,35.7589],[63.1392,35.76],[63.1397,35.7643],[63.1312,35.7659],[63.1366,35.7701],[63.145,35.7713],[63.1371,35.7789],[63.1365,35.782],[63.1351,35.7811],[63.1306,35.7866],[63.1355,35.7899],[63.1354,35.796],[63.1388,35.7983],[63.1331,35.7988],[63.1332,35.8025],[63.12,35.8047],[63.1204,35.8122],[63.1156,35.8147],[63.1074,35.814],[63.1016,35.8186],[63.1065,35.8202],[63.1096,35.8265],[63.109,35.8292],[63.1025,35.8299],[63.1067,35.8344],[63.1086,35.8334],[63.108,35.8353],[63.1107,35.8364],[63.112,35.8348],[63.1148,35.8354],[63.1132,35.8388],[63.1134,35.8484],[63.1225,35.8472],[63.1241,35.8489],[63.1212,35.8554],[63.1205,35.8618],[63.3072,35.8571],[63.5097,35.8973],[63.5363,35.9025],[63.5725,35.951],[63.7088,35.9675],[63.8599,35.9986],[63.9056,35.9999],[64.0025,36.0019],[64.0025,36.0321],[64.0619,36.0019],[64.0694,36.0029],[64.0686,36.0099],[64.071,36.021],[64.0701,36.0233],[64.0647,36.023],[64.0598,36.0339],[64.0601,36.0398],[64.0571,36.0548],[64.0571,36.0703],[64.0597,36.0753],[64.0574,36.0806],[64.0572,36.0963],[64.0654,36.1016],[64.081,36.1073],[64.0948,36.1269],[64.1001,36.1262],[64.1067,36.1198],[64.1152,36.1222],[64.1306,36.1359],[64.1342,36.1367],[64.1435,36.1428],[64.1567,36.1463],[64.1591,36.1551],[64.1659,36.1596],[64.1847,36.1577],[64.1972,36.1621],[64.2069,36.1633],[64.2136,36.1622],[64.2361,36.1496],[64.2396,36.1497],[64.2493,36.156],[64.264,36.1592],[64.2682,36.1517],[64.2734,36.1514],[64.2807,36.14],[64.2764,36.1476],[64.2832,36.1505],[64.2923,36.1627],[64.2978,36.167],[64.299,36.1768],[64.3061,36.1868],[64.3145,36.2045],[64.3257,36.2045],[64.3396,36.2098],[64.3506,36.2155],[64.354,36.2222],[64.3636,36.2267],[64.4041,36.2296],[64.409,36.2329],[64.4171,36.2335],[64.4284,36.2393],[64.4379,36.2385],[64.4458,36.241],[64.5079,36.2873],[64.521,36.2998],[64.5499,36.3218],[64.5796,36.3491],[64.5905,36.3783],[64.6353,36.4383],[64.6166,36.5801],[64.6208,36.5963],[64.6169,36.6309],[64.6205,36.6375],[64.6761,36.7383],[64.7112,36.7982],[64.7961,36.9161],[64.7931,36.9376],[64.7537,37.1116],[64.9764,37.2125],[64.9904,37.2188],[65.131,37.2472],[65.1884,37.2365],[65.2271,37.2514],[65.2685,37.2336],[65.4926,37.2389],[65.5302,37.2398],[65.6444,37.3432],[65.646,37.4421],[65.7045,37.5381],[65.7195,37.5392],[65.728,37.5427],[65.7355,37.5408],[65.7593,37.5389],[65.7603,37.5484],[65.7638,37.5514],[65.7895,37.548],[65.7936,37.5458],[65.7931,37.5352],[65.7963,37.5255],[65.8371,37.5022],[65.8486,37.4978],[65.8512,37.4935],[65.8572,37.4878],[65.8781,37.4793],[65.9182,37.4705],[65.9548,37.4557],[65.9699,37.4548],[65.9968,37.4623],[66.0023,37.4611],[66.0179,37.451],[66.028,37.447],[66.0383,37.4461],[66.0449,37.4474],[66.0574,37.4527],[66.0644,37.4528],[66.074,37.4504],[66.0861,37.441],[66.0995,37.4363],[66.1052,37.4327],[66.1104,37.4264],[66.1201,37.4026],[66.1481,37.3717],[66.1599,37.3677],[66.1821,37.3639],[66.2081,37.3683],[66.2441,37.3581],[66.2549,37.3513],[66.2785,37.3277],[66.2969,37.3203],[66.3085,37.3196],[66.3318,37.3245],[66.3473,37.3312],[66.3568,37.3319],[66.3629,37.3269],[66.3719,37.3256],[66.3934,37.3326],[66.4102,37.3412],[66.4224,37.343],[66.4531,37.3396],[66.4745,37.3349],[66.487,37.3354],[66.5245,37.3452],[66.5547,37.3554],[66.5685,37.3565],[66.5935,37.3567],[66.6188,37.3545],[66.6512,37.3586],[66.6829,37.3522],[66.6927,37.3528],[66.7075,37.3584],[66.7221,37.359],[66.7454,37.3563],[66.7698,37.3504],[66.7757,37.3508],[66.8195,37.3635],[66.8389,37.3644],[66.8681,37.361],[66.9071,37.373],[66.9506,37.3889],[66.9907,37.3908],[67.0295,37.3793],[67.0406,37.3741],[67.0538,37.3618],[67.069,37.3505],[67.1058,37.336],[67.1108,37.3315],[67.1145,37.3203],[67.1136,37.3139],[67.1079,37.3037],[67.1068,37.2959],[67.109,37.2896],[67.1166,37.2817],[67.1301,37.2744],[67.1507,37.2666],[67.1579,37.2651],[67.1736,37.2676],[67.1831,37.2621],[67.2038,37.2558],[67.2101,37.2513],[67.2205,37.2344],[67.2366,37.2278],[67.243,37.2179],[67.2428,37.2022],[67.2448,37.1955],[67.2542,37.1864],[67.2642,37.1806],[67.2774,37.1772],[67.2904,37.1816],[67.2956,37.1851],[67.3108,37.1899],[67.3194,37.1996],[67.3301,37.2062],[67.3729,37.2146],[67.3949,37.2158],[67.4137,37.2251],[67.449,37.2352],[67.4655,37.2455],[67.4812,37.2599],[67.5049,37.2725],[67.5174,37.2743],[67.5225,37.2734],[67.5403,37.2635],[67.5543,37.2509],[67.5597,37.2331],[67.5641,37.2251],[67.5683,37.2209],[67.5737,37.2193],[67.5815,37.2204],[67.6075,37.2397],[67.6364,37.2489],[67.6489,37.2508],[67.6733,37.2395],[67.6816,37.2325],[67.6924,37.227],[67.7011,37.2264],[67.7275,37.2289],[67.7469,37.2244],[67.7539,37.2211],[67.778,37.2043],[67.788,37.1909],[67.7966,37.1719],[67.7929,37.1559],[67.7921,37.1234],[67.7858,37.1044],[67.7849,37.0936],[67.7868,37.0892],[67.8001,37.0794],[67.8127,37.0737],[67.8362,37.0665],[67.8626,37.0644],[67.883,37.0655],[67.8901,37.0647],[67.8959,37.0613],[67.9003,37.0582],[67.9054,37.0498],[67.908,37.0376],[67.9095,37.0152],[67.9114,37.0091],[67.9152,37.0054],[67.9337,36.9935],[67.9509,36.9878],[67.9741,36.9827],[67.9833,36.9788],[67.9934,36.965],[67.9943,36.9556],[68.0016,36.941],[68.0271,36.9304],[68.0397,36.9331],[68.0481,36.9372],[68.0674,36.9406],[68.0941,36.9521],[68.1056,36.9667],[68.1167,36.9757],[68.1311,36.9831],[68.1424,36.9853],[68.1483,36.9921],[68.1661,37.0042],[68.2048,37.0242],[68.2101,37.0248],[68.2174,37.0223],[68.2392,37.0116],[68.2512,37.0074],[68.2557,37.0065],[68.2701,37.0097],[68.278,37.0155],[68.2814,37.0206],[68.287,37.0396],[68.2868,37.065],[68.2883,37.0735],[68.2958,37.0924],[68.3053,37.1031],[68.3247,37.1083],[68.3449,37.1083],[68.3554,37.1058],[68.3695,37.0997],[68.3908,37.0978],[68.3997,37.1033],[68.4085,37.1169],[68.4213,37.1236],[68.4251,37.1288],[68.426,37.1354],[68.4387,37.1528],[68.447,37.1553],[68.4698,37.1459],[68.4762,37.1475],[68.4956,37.1656],[68.5092,37.1664],[68.5224,37.1624],[68.5383,37.164],[68.5526,37.1738],[68.5647,37.1875],[68.5933,37.1928],[68.6129,37.1962],[68.6271,37.2051],[68.6427,37.2075],[68.648,37.2125],[68.6512,37.2181],[68.6536,37.2309],[68.6512,37.2403],[68.658,37.2477],[68.6632,37.2474],[68.6763,37.2373],[68.6817,37.2384],[68.6858,37.2428],[68.6841,37.2499],[68.6758,37.2612],[68.6732,37.2686],[68.675,37.2742],[68.6798,37.2779],[68.6868,37.279],[68.7223,37.269],[68.7361,37.2683],[68.7545,37.2802],[68.7795,37.288],[68.7884,37.286],[68.7933,37.2787],[68.7989,37.2547],[68.806,37.2469],[68.8155,37.2431],[68.827,37.2454],[68.8338,37.2522],[68.8352,37.2573],[68.8333,37.2623],[68.83,37.2664],[68.819,37.2706],[68.814,37.2756],[68.8082,37.2905],[68.8099,37.2983],[68.8139,37.3061],[68.8225,37.3133],[68.8344,37.3183],[68.8425,37.3172],[68.8701,37.3031],[68.887,37.2827],[68.8923,37.273],[68.8967,37.2699],[68.9049,37.2673],[68.9123,37.2689],[68.927,37.2793],[68.9268,37.2847],[68.9213,37.2904],[68.9122,37.2929],[68.9061,37.2968],[68.901,37.3044],[68.895,37.3251],[68.8967,37.3307],[68.9022,37.3343],[68.9079,37.3352],[68.9248,37.3234],[68.9302,37.3215],[68.9376,37.3228],[68.9419,37.3272],[68.944,37.3275],[68.9682,37.3204],[68.9729,37.3165],[68.9753,37.3109],[68.9796,37.3072],[68.9937,37.2997],[69.0337,37.2565],[69.0451,37.249],[69.0763,37.2344],[69.0876,37.2264],[69.1032,37.1962],[69.119,37.1763],[69.1249,37.1744],[69.1725,37.1476],[69.1833,37.1445],[69.2092,37.1324],[69.2158,37.1276],[69.2195,37.1241],[69.2238,37.1147],[69.233,37.1097],[69.2443,37.0981],[69.2501,37.0959],[69.2591,37.0985],[69.2611,37.1028],[69.2759,37.1056],[69.2929,37.1159],[69.3154,37.1175],[69.3259,37.1214],[69.3333,37.1363],[69.3457,37.1485],[69.354,37.1529],[69.3677,37.1641],[69.3771,37.1683],[69.3826,37.1688],[69.3927,37.1673],[69.3989,37.1668],[69.4056,37.1716],[69.4207,37.1932],[69.4258,37.2048],[69.4504,37.2313],[69.4508,37.2371],[69.447,37.2395],[69.4276,37.236],[69.4168,37.2377],[69.4139,37.2441],[69.4196,37.258],[69.4166,37.2681],[69.4079,37.2809],[69.4147,37.2883],[69.4123,37.2956],[69.403,37.3007],[69.3994,37.3056],[69.404,37.3119],[69.4036,37.3181],[69.392,37.3163],[69.3854,37.3214],[69.3825,37.3302],[69.3832,37.3373],[69.3867,37.3506],[69.3935,37.3541],[69.3917,37.3619],[69.3845,37.3625],[69.3804,37.3647],[69.3789,37.3755],[69.3749,37.3804],[69.374,37.388],[69.3798,37.3947],[69.378,37.4002],[69.3735,37.4038],[69.3718,37.4098],[69.3792,37.4278],[69.379,37.4354],[69.3868,37.441],[69.393,37.4514],[69.4108,37.4562],[69.416,37.4609],[69.4193,37.4678],[69.4259,37.4753],[69.4304,37.4872],[69.4391,37.4914],[69.4484,37.4896],[69.4549,37.4998],[69.4533,37.505],[69.4627,37.5134],[69.4779,37.5224],[69.4931,37.524],[69.4987,37.5395],[69.5121,37.55],[69.5128,37.5616],[69.5211,37.5735],[69.5231,37.5804],[69.5305,37.5892],[69.5367,37.5923],[69.5421,37.5909],[69.5504,37.5847],[69.5688,37.5797],[69.6092,37.5742],[69.6278,37.5776],[69.6495,37.5766],[69.6629,37.5778],[69.6722,37.5764],[69.6842,37.5781],[69.704,37.5762],[69.7125,37.5777],[69.731,37.5875],[69.7368,37.5889],[69.7711,37.5864],[69.7848,37.5812],[69.7959,37.5747],[69.8044,37.5722],[69.815,37.5735],[69.8211,37.5805],[69.8319,37.5978],[69.8439,37.6074],[69.8605,37.6135],[69.8993,37.6157],[69.9155,37.6139],[69.9289,37.6094],[69.9409,37.6091],[69.9504,37.592],[69.9513,37.5719],[69.9555,37.5684],[69.9663,37.5668],[69.9946,37.5701],[69.9995,37.565],[70.0018,37.5592],[70.0072,37.5546],[70.0175,37.5508],[70.0229,37.546],[70.0396,37.5492],[70.0443,37.5472],[70.05,37.5417],[70.0247,37.5216],[70.0559,37.5454],[70.061,37.545],[70.066,37.5412],[70.0774,37.5388],[70.0852,37.5319],[70.0989,37.531],[70.1133,37.5231],[70.1193,37.5226],[70.1265,37.525],[70.1416,37.5223],[70.1464,37.5233],[70.1511,37.5306],[70.1583,37.5354],[70.1635,37.5286],[70.1696,37.527],[70.1746,37.5314],[70.1744,37.5412],[70.1759,37.5458],[70.183,37.5549],[70.1812,37.5627],[70.1805,37.5696],[70.1968,37.5631],[70.2029,37.5666],[70.2114,37.5663],[70.2143,37.5708],[70.2058,37.5794],[70.2096,37.5837],[70.2206,37.5823],[70.2238,37.5857],[70.2163,37.5945],[70.2152,37.599],[70.2162,37.6059],[70.2508,37.6127],[70.2536,37.6077],[70.2651,37.6072],[70.268,37.6107],[70.2689,37.6199],[70.2663,37.6252],[70.2659,37.6332],[70.2629,37.6381],[70.264,37.644],[70.2675,37.6491],[70.2744,37.651],[70.2773,37.6547],[70.2805,37.6733],[70.2871,37.6787],[70.2857,37.684],[70.3045,37.6916],[70.3051,37.6964],[70.3027,37.701],[70.2923,37.7047],[70.2898,37.7102],[70.2893,37.7169],[70.2977,37.723],[70.2999,37.7297],[70.2972,37.7355],[70.2886,37.747],[70.2891,37.7535],[70.2964,37.7666],[70.2881,37.775],[70.2837,37.7762],[70.2797,37.7795],[70.2775,37.7845],[70.276,37.7954],[70.2813,37.8106],[70.2794,37.8149],[70.2739,37.815],[70.2675,37.8189],[70.2638,37.8245],[70.2567,37.8298],[70.2502,37.8322],[70.2293,37.8311],[70.2194,37.8331],[70.2058,37.8416],[70.1892,37.845],[70.1858,37.8502],[70.1776,37.8722],[70.1733,37.8774],[70.1827,37.8874],[70.178,37.896],[70.1794,37.9014],[70.178,37.9139],[70.1724,37.9289],[70.18,37.9374],[70.1845,37.9473],[70.1893,37.9469],[70.2016,37.9288],[70.2087,37.9233],[70.2131,37.9222],[70.213,37.9295],[70.2183,37.9342],[70.235,37.9398],[70.2411,37.9436],[70.2521,37.9444],[70.2593,37.9388],[70.2652,37.9374],[70.2717,37.9404],[70.2749,37.9452],[70.2673,37.9525],[70.2666,37.96],[70.2598,37.9723],[70.2621,37.9784],[70.2681,37.9763],[70.2712,37.9729],[70.2778,37.9727],[70.2844,37.9698],[70.2882,37.9735],[70.2905,37.9868],[70.2974,37.9869],[70.3108,37.9966],[70.3173,37.9987],[70.326,37.9985],[70.3307,38.0009],[70.3342,38.0057],[70.3372,38.0143],[70.3454,38.0182],[70.3492,38.0234],[70.3593,38.0279],[70.3639,38.0326],[70.3679,38.0435],[70.3646,38.0496],[70.3653,38.0549],[70.3793,38.0568],[70.3821,38.0616],[70.3967,38.0665],[70.4057,38.0748],[70.4188,38.0755],[70.4184,38.0825],[70.4203,38.089],[70.431,38.0989],[70.468,38.1049],[70.478,38.1103],[70.4811,38.1152],[70.4911,38.1208],[70.4982,38.1198],[70.505,38.1226],[70.5049,38.1298],[70.5015,38.1345],[70.5003,38.1461],[70.5035,38.1644],[70.5106,38.1791],[70.5149,38.1842],[70.5179,38.1943],[70.5293,38.2015],[70.5365,38.2098],[70.5373,38.2244],[70.546,38.2445],[70.5513,38.2488],[70.5586,38.2601],[70.5671,38.2682],[70.5795,38.274],[70.6015,38.2802],[70.6048,38.2833],[70.609,38.2965],[70.6051,38.3058],[70.6068,38.3114],[70.6146,38.3245],[70.611,38.3358],[70.6107,38.3457],[70.6183,38.3514],[70.6309,38.3535],[70.6432,38.3489],[70.654,38.3495],[70.6593,38.351],[70.6656,38.3586],[70.6846,38.3644],[70.6915,38.3691],[70.6942,38.374],[70.6944,38.3809],[70.6919,38.3865],[70.688,38.3893],[70.6784,38.3874],[70.6742,38.3905],[70.676,38.3972],[70.6747,38.4034],[70.6786,38.4089],[70.692,38.4175],[70.6983,38.4198],[70.7031,38.4167],[70.7148,38.4145],[70.727,38.4149],[70.7416,38.42],[70.7566,38.428],[70.7603,38.4338],[70.762,38.44],[70.7668,38.4461],[70.7684,38.4532],[70.7722,38.4561],[70.7826,38.4552],[70.7876,38.4509],[70.8095,38.4441],[70.8147,38.4447],[70.821,38.448],[70.8244,38.4529],[70.8296,38.4521],[70.8432,38.4463],[70.8434,38.4403],[70.8501,38.4387],[70.8564,38.4434],[70.86,38.4501],[70.8577,38.4553],[70.8591,38.4596],[70.8641,38.4603],[70.8682,38.4657],[70.8735,38.4688],[70.8802,38.4694],[70.895,38.4651],[70.9004,38.4596],[70.9016,38.4534],[70.9007,38.4474],[70.9069,38.4435],[70.9077,38.4389],[70.9213,38.4348],[70.9244,38.4303],[70.9309,38.432],[70.9345,38.4353],[70.9354,38.4407],[70.9436,38.4427],[70.9478,38.4385],[70.9543,38.4382],[70.9585,38.4418],[70.9576,38.4463],[70.962,38.4566],[70.956,38.4614],[70.9438,38.4669],[70.9472,38.4769],[70.9696,38.4761],[70.9811,38.4821],[70.9895,38.4904],[70.9966,38.4877],[71.0013,38.477],[71.0095,38.4712],[71.0209,38.469],[71.0309,38.4613],[71.0294,38.4527],[71.0368,38.4422],[71.0399,38.4274],[71.0448,38.4226],[71.0469,38.4102],[71.0564,38.399],[71.0617,38.398],[71.0666,38.4],[71.0686,38.4047],[71.0665,38.4128],[71.0763,38.4141],[71.0863,38.4214],[71.0916,38.4233],[71.1043,38.4224],[71.1078,38.4194],[71.1053,38.409],[71.1101,38.4058],[71.1212,38.4063],[71.1283,38.3989],[71.1329,38.3971],[71.1437,38.4025],[71.1496,38.3974],[71.1512,38.3893],[71.1631,38.3872],[71.1686,38.3816],[71.1753,38.3699],[71.1842,38.3459],[71.1882,38.3439],[71.1974,38.343],[71.2027,38.3397],[71.2101,38.3314],[71.2258,38.3211],[71.2439,38.318],[71.2481,38.3123],[71.2527,38.3103],[71.2744,38.3121],[71.2796,38.3146],[71.2966,38.313],[71.3134,38.3044],[71.328,38.3054],[71.334,38.2933],[71.3271,38.2851],[71.3329,38.2807],[71.332,38.2758],[71.3346,38.2701],[71.3469,38.2713],[71.361,38.2683],[71.3663,38.2655],[71.3741,38.2556],[71.3675,38.2233],[71.3774,38.2152],[71.379,38.2103],[71.3688,38.202],[71.3648,38.1961],[71.3663,38.1785],[71.3687,38.1719],[71.3758,38.1608],[71.366,38.1506],[71.3601,38.1487],[71.3533,38.1501],[71.3484,38.1475],[71.3398,38.1318],[71.3366,38.1137],[71.3302,38.1121],[71.3272,38.1084],[71.3264,38.1029],[71.3196,38.0998],[71.3216,38.0858],[71.3212,38.0705],[71.3114,38.0604],[71.3065,38.0469],[71.3002,38.043],[71.2944,38.0448],[71.2837,38.0403],[71.2863,38.0331],[71.2946,38.0294],[71.2951,38.0183],[71.2912,38.0142],[71.2798,38.0089],[71.2762,38.0047],[71.278,37.9951],[71.2706,37.9923],[71.2682,37.9846],[71.2741,37.9748],[71.2748,37.9702],[71.2743,37.9649],[71.2631,37.9494],[71.266,37.9385],[71.2522,37.9318],[71.2567,37.9239],[71.2611,37.9217],[71.2821,37.92],[71.291,37.9328],[71.2978,37.9325],[71.3074,37.923],[71.3139,37.9187],[71.3149,37.9124],[71.3255,37.9002],[71.3264,37.8936],[71.3304,37.8865],[71.3425,37.8919],[71.3542,37.8949],[71.3816,37.9088],[71.3878,37.9055],[71.3936,37.9058],[71.3996,37.9062],[71.4077,37.9099],[71.4175,37.9093],[71.4233,37.9115],[71.4306,37.9219],[71.4359,37.9236],[71.4447,37.9233],[71.4579,37.9289],[71.4643,37.93],[71.4784,37.9391],[71.4874,37.9404],[71.4942,37.9443],[71.498,37.95],[71.5016,37.9523],[71.5141,37.956],[71.5241,37.9571],[71.5443,37.9503],[71.5536,37.941],[71.5773,37.9346],[71.5905,37.9219],[71.5919,37.9118],[71.5875,37.9021],[71.5872,37.8948],[71.5922,37.8823],[71.5971,37.8778],[71.5972,37.871],[71.5855,37.8471],[71.5882,37.8263],[71.5952,37.806],[71.5925,37.799],[71.5882,37.7959],[71.5508,37.7796],[71.545,37.7718],[71.5385,37.7691],[71.533,37.7614],[71.546,37.7446],[71.5501,37.7355],[71.5506,37.7276],[71.5488,37.7182],[71.5508,37.7134],[71.5462,37.7096],[71.5399,37.6889],[71.5326,37.6778],[71.5279,37.6746],[71.5255,37.6675],[71.5278,37.6605],[71.5266,37.6441],[71.5281,37.6351],[71.5203,37.6213],[71.5082,37.6049],[71.5058,37.5992],[71.5067,37.588],[71.5027,37.5694],[71.5015,37.5539],[71.4955,37.5371],[71.5049,37.5251],[71.508,37.5064],[71.5253,37.4822],[71.5258,37.477],[71.5223,37.4719],[71.5212,37.4658],[71.5038,37.4509],[71.504,37.4453],[71.501,37.439],[71.5017,37.4342],[71.4965,37.4271],[71.4957,37.4228],[71.4961,37.4158],[71.4987,37.411],[71.4963,37.4068],[71.4916,37.4054],[71.4808,37.4065],[71.4772,37.3996],[71.4757,37.3884],[71.4787,37.3835],[71.4885,37.3805],[71.4919,37.3768],[71.4949,37.3676],[71.4925,37.363],[71.4919,37.3513],[71.4877,37.3368],[71.4884,37.3318],[71.5002,37.3192],[71.5067,37.3153],[71.5046,37.3087],[71.4946,37.3014],[71.4923,37.2949],[71.4945,37.2888],[71.4939,37.2827],[71.4899,37.2781],[71.4884,37.2725],[71.4902,37.267],[71.4854,37.2584],[71.4841,37.2408],[71.4804,37.2366],[71.4807,37.2316],[71.4754,37.2276],[71.4682,37.225],[71.456,37.2131],[71.4545,37.2067],[71.457,37.1991],[71.4614,37.1957],[71.4632,37.1907],[71.4622,37.1855],[71.4585,37.1829],[71.4516,37.1814],[71.4469,37.1741],[71.4456,37.169],[71.4517,37.1539],[71.4477,37.1464],[71.446,37.1344],[71.4425,37.131],[71.4435,37.1256],[71.442,37.1191],[71.445,37.1101],[71.4439,37.1038],[71.4448,37.0995],[71.4348,37.0863],[71.4306,37.0716],[71.4304,37.0632],[71.4327,37.0566],[71.438,37.052],[71.4438,37.0422],[71.4588,37.0292],[71.4625,37.0238],[71.4602,37.0192],[71.4622,37.012],[71.4691,36.9988],[71.4705,36.9856],[71.4651,36.9632],[71.4739,36.9424],[71.4874,36.9306],[71.4906,36.9246],[71.4902,36.9201],[71.4941,36.9147],[71.5042,36.908],[71.5139,36.8973],[71.5184,36.8881],[71.5184,36.8819],[71.5206,36.8778],[71.5262,36.8744],[71.5289,36.8684],[71.5262,36.8615],[71.5358,36.8506],[71.5411,36.8476],[71.5451,36.8255],[71.5527,36.8102],[71.5563,36.7949],[71.5627,36.7834],[71.563,36.7758],[71.5661,36.7702],[71.5668,36.7642],[71.5798,36.7445],[71.5892,36.7343],[71.6184,36.7146],[71.6291,36.6959],[71.6384,36.6898],[71.6487,36.6893],[71.6554,36.6868],[71.6738,36.6728],[71.6789,36.6733],[71.6853,36.6768],[71.6922,36.6767],[71.7125,36.6721],[71.7275,36.6766],[71.75,36.676],[71.7622,36.6789],[71.777,36.6762],[71.7888,36.6762],[71.8204,36.6828],[71.8271,36.6807],[71.8424,36.6813],[71.855,36.69],[71.8661,36.6946],[71.8708,36.7029],[71.8937,36.7191],[71.9035,36.7339],[71.9094,36.735],[71.9202,36.7419],[71.9267,36.7432],[71.9592,36.7568],[71.9807,36.7785],[71.9865,36.7798],[71.9905,36.7824],[71.9976,36.7907],[72.0097,36.7964],[72.0137,36.8067],[72.0181,36.8103],[72.0275,36.8153],[72.0398,36.818],[72.0467,36.8212],[72.0499,36.8287],[72.0714,36.8401],[72.0825,36.8406],[72.0864,36.8383],[72.1029,36.8441],[72.1112,36.8444],[72.1174,36.8539],[72.118,36.8587],[72.1221,36.8674],[72.1334,36.8741],[72.1381,36.875],[72.1402,36.8792],[72.1487,36.8795],[72.1582,36.8849],[72.1691,36.8942],[72.1973,36.9078],[72.2003,36.9108],[72.2047,36.921],[72.2098,36.9267],[72.2283,36.9293],[72.2343,36.9321],[72.2469,36.9452],[72.2527,36.9474],[72.2692,36.9492],[72.2758,36.9519],[72.2773,36.9573],[72.2806,36.9612],[72.3076,36.9754],[72.3149,36.9755],[72.3311,36.9802],[72.3366,36.9825],[72.343,36.9892],[72.3575,36.9908],[72.3615,36.9883],[72.3741,36.9886],[72.3893,36.9938],[72.4014,36.9957],[72.4085,36.9993],[72.4111,37.004],[72.422,37.0068],[72.4409,37.0068],[72.4537,37.0022],[72.4597,37.0019],[72.4705,36.9946],[72.4755,36.9935],[72.4812,36.995],[72.4846,36.9978],[72.5114,36.9998],[72.5299,36.9994],[72.5331,37.0031],[72.5374,37.0046],[72.5492,37.003],[72.568,37.007],[72.5732,37.0115],[72.5827,37.0096],[72.5899,37.0118],[72.6107,37.0247],[72.6215,37.0288],[72.6306,37.0288],[72.6381,37.0264],[72.641,37.0224],[72.6475,37.0194],[72.6553,37.0202],[72.6629,37.0173],[72.6704,37.0276],[72.682,37.0531],[72.6953,37.0622],[72.7026,37.0702],[72.7019,37.0766],[72.7047,37.083],[72.7171,37.0914],[72.7521,37.1414],[72.7705,37.1793],[72.7759,37.195],[72.7832,37.2031],[72.7877,37.2051],[72.7991,37.2182],[72.8114,37.2284],[72.8176,37.2324],[72.8369,37.2359],[72.8555,37.2289],[72.871,37.236],[72.8829,37.2393],[72.8923,37.2446],[72.9065,37.2536],[72.9107,37.2581],[72.9153,37.2591],[72.925,37.2696],[72.9345,37.2756],[72.9401,37.2825],[72.9546,37.2899],[72.9676,37.2912],[72.9735,37.2933],[72.9788,37.2974],[73.0241,37.3068],[73.038,37.3052],[73.0593,37.3109],[73.092,37.3236],[73.0968,37.3266],[73.1072,37.3412],[73.103,37.3452],[73.1035,37.3553],[73.1076,37.3624],[73.1171,37.3678],[73.1302,37.3716],[73.1356,37.3775],[73.1486,37.4019],[73.1658,37.4086],[73.1889,37.4086],[73.2036,37.4039],[73.2154,37.4059],[73.2388,37.4188],[73.2481,37.4283],[73.2513,37.434],[73.2576,37.4384],[73.2758,37.4444],[73.2843,37.4543],[73.3075,37.4639],[73.3258,37.4662],[73.337,37.4658],[73.3429,37.4651],[73.3528,37.4603],[73.3596,37.4609],[73.3668,37.4595],[73.3683,37.4538],[73.3661,37.4467],[73.3717,37.4418],[73.3787,37.4436],[73.4004,37.4548],[73.4179,37.467],[73.4571,37.4739],[73.4925,37.4739],[73.4987,37.4722],[73.5075,37.4729],[73.51,37.4745],[73.5284,37.4725],[73.5348,37.4703],[73.5459,37.4659],[73.5633,37.4546],[73.5758,37.4491],[73.6036,37.4443],[73.6175,37.4438],[73.6373,37.4398],[73.65,37.4352],[73.6614,37.4402],[73.6714,37.4491],[73.6835,37.4533],[73.724,37.4435],[73.7304,37.4402],[73.7758,37.4396],[73.7705,37.407],[73.7726,37.3974],[73.7673,37.3924],[73.7708,37.3784],[73.7696,37.3708],[73.7713,37.351],[73.77,37.346],[73.774,37.3392],[73.7648,37.3368],[73.7652,37.3355],[73.7549,37.3308],[73.7515,37.3271],[73.749,37.3195],[73.7238,37.3132],[73.7145,37.3148],[73.7061,37.3067],[73.6929,37.3095],[73.6722,37.3078],[73.6648,37.3139],[73.6571,37.3138],[73.6485,37.2979],[73.6533,37.2903],[73.6514,37.2836],[73.6439,37.2799],[73.6334,37.2813],[73.6313,37.2804],[73.6177,37.268],[73.6213,37.2645],[73.6274,37.2646],[73.6298,37.2583],[73.6299,37.252],[73.6318,37.2497],[73.6522,37.2367],[73.6577,37.2365],[73.6601,37.2386],[73.666,37.2492],[73.6799,37.2479],[73.6866,37.2507],[73.6954,37.2504],[73.7106,37.2438],[73.7152,37.2452],[73.727,37.2441],[73.731,37.2409],[73.7316,37.2373],[73.7397,37.2268],[73.7595,37.2196],[73.764,37.2216],[73.7649,37.2249],[73.7631,37.2284],[73.7632,37.233],[73.7805,37.2376],[73.7878,37.234],[73.7972,37.2324],[73.8031,37.2249],[73.811,37.2281],[73.8152,37.2324],[73.8255,37.226],[73.8344,37.2286],[73.8422,37.2326],[73.8454,37.2372],[73.8425,37.2418],[73.844,37.2475],[73.8476,37.2521],[73.8589,37.2599],[73.881,37.2645],[73.8851,37.2675],[73.889,37.2749],[73.9238,37.2852],[73.9296,37.2842],[73.9507,37.2739],[73.9537,37.2768],[73.9541,37.2816],[73.9563,37.2854],[73.9678,37.299],[73.9857,37.2967],[73.9941,37.2936],[74.0005,37.288],[74.0059,37.2871],[74.0181,37.2948],[74.0287,37.3059],[74.034,37.3063],[74.0387,37.2999],[74.0585,37.3089],[74.0618,37.3114],[74.0622,37.3219],[74.067,37.3223],[74.0725,37.3195],[74.0819,37.3182],[74.1031,37.3167],[74.1095,37.3183],[74.1193,37.3262],[74.1284,37.3243],[74.1376,37.3263],[74.1427,37.3328],[74.1548,37.3389],[74.1784,37.3386],[74.1842,37.3344],[74.195,37.3341],[74.2052,37.3366],[74.2134,37.3457],[74.226,37.3516],[74.2307,37.3556],[74.2398,37.3695],[74.2459,37.3709],[74.2503,37.3742],[74.2452,37.3783],[74.2415,37.3843],[74.231,37.3926],[74.2312,37.3983],[74.2419,37.4117],[74.2546,37.4074],[74.2656,37.4066],[74.2761,37.401],[74.3143,37.3983],[74.3213,37.3998],[74.3257,37.4037],[74.341,37.4044],[74.3473,37.4175],[74.3542,37.4211],[74.3667,37.422],[74.3767,37.4202],[74.3824,37.4152],[74.3883,37.4098],[74.3866,37.4033],[74.392,37.396],[74.4028,37.3904],[74.418,37.3901],[74.4277,37.3881],[74.4377,37.3894],[74.4612,37.4036],[74.4692,37.403],[74.4805,37.397],[74.4928,37.3932],[74.5029,37.3969],[74.5167,37.3978],[74.5274,37.4035],[74.5344,37.4035],[74.5527,37.3969],[74.5573,37.3935],[74.5575,37.3867],[74.569,37.3735],[74.5744,37.3768],[74.5914,37.3768],[74.6167,37.3819],[74.6221,37.3799],[74.6278,37.3806],[74.6318,37.3771],[74.637,37.3759],[74.6422,37.3776],[74.6467,37.3829],[74.6626,37.3845],[74.6668,37.3874],[74.671,37.3868],[74.6849,37.3944],[74.6889,37.4038],[74.6929,37.4072],[74.7099,37.3849],[74.7209,37.3794],[74.7719,37.3612],[74.8093,37.3512],[74.8212,37.3375],[74.8311,37.3314],[74.8454,37.3115],[74.8537,37.2951],[74.8648,37.2836],[74.877,37.2747],[74.8941,37.2268],[74.8916,37.2217],[74.839,37.216],[74.8128,37.2141],[74.8054,37.2149],[74.7868,37.2415],[74.7422,37.2757],[74.7382,37.2758],[74.6853,37.2541],[74.68,37.2488],[74.6745,37.239],[74.6697,37.2353],[74.6611,37.2334],[74.6545,37.2335],[74.6492,37.2361],[74.6397,37.245],[74.6141,37.2481],[74.5955,37.2433],[74.5803,37.2356],[74.5724,37.2344],[74.5619,37.2357],[74.5427,37.2428],[74.5322,37.245],[74.5078,37.2392],[74.4891,37.2419],[74.4866,37.237],[74.4909,37.2324],[74.4926,37.2233],[74.4885,37.2173],[74.4808,37.213],[74.4727,37.2025],[74.4698,37.1957],[74.4733,37.1876],[74.4791,37.1837],[74.4884,37.1714],[74.4837,37.1642],[74.4567,37.147],[74.4488,37.1317],[74.4322,37.1233],[74.4331,37.1158],[74.4553,37.1102],[74.4865,37.0934],[74.5023,37.0751],[74.5068,37.0668],[74.5305,37.0748],[74.5373,37.0685],[74.5442,37.0536],[74.549,37.048],[74.5692,37.034],[74.5716,37.0344],[74.6037,37.0441],[74.6113,37.05],[74.616,37.0603],[74.6112,37.077],[74.6122,37.0828],[74.6198,37.089],[74.644,37.0938],[74.6767,37.097],[74.6832,37.095],[74.6908,37.0862],[74.7051,37.0478],[74.7295,37.0249],[74.742,37.0221],[74.7492,37.0215],[74.7692,37.0257],[74.7828,37.032],[74.7961,37.0453],[74.8216,37.0603],[74.828,37.0629],[74.8317,37.0624],[74.8348,37.0563],[74.8349,37.0198],[74.8513,36.988],[74.8881,36.9509],[74.8998,36.9425],[74.9224,36.9346],[74.9315,36.9394],[74.9588,36.9611],[74.9945,36.9863],[75.0075,37.0009],[75.0172,37.0081],[75.0253,37.0114],[75.0398,37.0155],[75.0474,37.0145],[75.0664,37.0055],[75.117,37.0098],[75.1469,37.0199],[75.1558,37.0155],[75.1641,37.008],[75.1637,37.0],[75.1662,36.9888],[75.1806,36.9789],[75.2127,36.9698],[75.2303,36.9597],[75.2373,36.9575],[75.2543,36.9562],[75.2783,36.9648],[75.2988,36.9655],[75.3469,36.9524],[75.3724,36.9436],[75.4019,36.9428],[75.4087,36.9392],[75.4101,36.9347],[75.4045,36.9289],[75.3951,36.9241],[75.3901,36.9173],[75.3889,36.9101],[75.3977,36.8937],[75.4127,36.8836],[75.4173,36.8776],[75.4218,36.8539],[75.4278,36.8355],[75.4224,36.8149],[75.4205,36.7964],[75.423,36.7717],[75.4449,36.7421],[75.4545,36.7216],[75.4685,36.7165],[75.4736,36.7176],[75.4887,36.7302],[75.4992,36.7313],[75.5224,36.7232],[75.5311,36.7228],[75.5385,36.732],[75.5356,36.742],[75.5283,36.749],[75.527,36.7543],[75.5323,36.7616],[75.5462,36.7666],[75.5611,36.7653],[75.5967,36.7709],[75.6525,36.7688],[75.6742,36.7626],[75.6826,36.7567],[75.6975,36.7514],[75.7157,36.7519],[75.7297,36.7465],[75.789,36.7135],[75.8098,36.701],[75.8316,36.6841],[75.8524,36.6753],[75.8782,36.6488],[75.9189,36.6205],[75.9283,36.6048],[75.9337,36.5871],[75.9342,36.583],[75.9288,36.5582],[75.9328,36.5491],[75.9406,36.5416],[75.9605,36.5286],[75.9822,36.4982],[76.0083,36.4534],[76.0254,36.4092],[76.0278,36.3975],[76.0252,36.3894],[76.0036,36.3695],[75.9867,36.3482],[75.9831,36.3375],[75.9894,36.3128],[75.9883,36.2934],[76.0098,36.289],[76.0173,36.281],[76.0253,36.2666],[76.0359,36.2585],[76.0381,36.2544],[76.0425,36.2528],[76.053,36.2373],[76.0556,36.2273],[76.0539,36.2213],[76.0461,36.2194],[76.0216,36.2276],[76.0156,36.2274],[76.0064,36.2211],[76.0009,36.2161],[76.0027,36.1975],[76.0017,36.1856],[76.0157,36.1769],[76.0192,36.1667],[75.9999,36.1627],[75.977,36.1628],[75.9658,36.1599],[75.961,36.1553],[75.9617,36.1434],[75.9464,36.135],[75.9368,36.1339],[75.9331,36.1253],[75.9453,36.1147],[75.9434,36.1039],[75.9388,36.0955],[75.9463,36.0693],[75.9526,36.0629],[75.9763,36.0487],[75.9883,36.028],[75.9949,36.0218],[76.0016,36.0182],[76.0533,36.0213],[76.0801,36.0184],[76.0919,36.0145],[76.0988,36.0067],[76.1036,35.9922],[76.1141,35.9758],[76.1552,35.9385],[76.1622,35.928],[76.166,35.9166],[76.1621,35.886],[76.1645,35.8539],[76.169,35.8382],[76.1752,35.8334],[76.1851,35.8326],[76.2082,35.847],[76.2218,35.8509],[76.2492,35.8505],[76.2876,35.8437],[76.2941,35.8439],[76.3378,35.8333],[76.3487,35.8334],[76.3584,35.837],[76.3684,35.8456],[76.3743,35.8551],[76.3861,35.8671],[76.3935,35.871],[76.4021,35.8732],[76.4372,35.87],[76.4488,35.8707],[76.4558,35.8755],[76.4686,35.8902],[76.4755,35.8929],[76.506,35.8873],[76.5227,35.8954],[76.5376,35.9074],[76.5554,35.9177],[76.5673,35.9178],[76.5773,35.9147],[76.5876,35.9056],[76.5905,35.8931],[76.5788,35.8514],[76.5804,35.8319],[76.5779,35.819],[76.5785,35.8131],[76.5906,35.8029],[76.596,35.7849],[76.6162,35.7702],[76.6322,35.7653],[76.6537,35.7627],[76.666,35.7581],[76.6754,35.7506],[76.7357,35.6857],[76.7523,35.6741],[76.7638,35.6696],[76.7766,35.6707],[76.7994,35.6765],[76.8179,35.6778],[76.8303,35.6773],[76.8522,35.6713],[76.8705,35.6627],[76.8863,35.6521],[76.9018,35.6384],[76.933,35.6159],[76.9536,35.6064],[76.9732,35.6017],[76.9972,35.5999],[77.0355,35.6036],[77.0567,35.5994],[77.0736,35.5861],[77.0836,35.575],[77.0941,35.5665],[77.1078,35.561],[77.1271,35.5567],[77.148,35.5422],[77.1715,35.5359],[77.1867,35.5283],[77.2025,35.5274],[77.2261,35.5334],[77.2669,35.5354],[77.2903,35.5344],[77.3123,35.5307],[77.3337,35.5232],[77.3464,35.513],[77.3666,35.4862],[77.3837,35.4729],[77.4012,35.4686],[77.4273,35.469],[77.4738,35.4771],[77.5361,35.4959],[77.5474,35.4939],[77.5807,35.4806],[77.6055,35.4768],[77.6232,35.4766],[77.6491,35.482],[77.6809,35.4793],[77.6957,35.4804],[77.7115,35.4849],[77.7476,35.5034],[77.7742,35.5118],[77.7975,35.517],[77.8158,35.5179],[77.8262,35.5149],[77.8356,35.5101],[77.8431,35.501],[77.8239,35.5013],[77.8468,35.5008],[77.8627,35.4586],[77.8794,35.4362],[77.8886,35.4289],[77.903,35.4276],[77.9102,35.4294],[77.9209,35.4349],[77.928,35.4405],[77.9513,35.4736],[77.9617,35.4801],[77.9906,35.4871],[78.02,35.4903],[78.0794,35.4922],[78.0943,35.4893],[78.104,35.4845],[78.1098,35.4768],[78.1108,35.4727],[78.1077,35.4646],[78.0973,35.4556],[78.0796,35.4482],[78.0718,35.4468],[78.0689,35.4429],[78.0317,35.4231],[78.0298,35.42],[78.0246,35.4172],[78.0212,35.4169],[77.9971,35.3941],[77.9903,35.379],[77.99,35.3636],[77.9919,35.3485],[77.9943,35.3449],[78.002,35.2946],[78.0064,35.2904],[78.0177,35.2498],[78.0318,35.2202],[78.0432,35.2018],[78.0587,35.1839],[78.0678,35.177],[78.0783,35.1723],[78.1161,35.1454],[78.1242,35.1354],[78.1261,35.129],[78.1243,35.1219],[78.1171,35.1116],[78.0977,35.0979],[78.0905,35.0962],[78.0843,35.0908],[78.0829,35.0825],[78.1148,35.0148],[78.1335,34.9709],[78.1681,34.9114],[78.1736,34.9063],[78.1846,34.8815],[78.2073,34.7661],[78.221,34.734],[78.232,34.7162],[78.248,34.6951],[78.2657,34.6794],[78.2844,34.6674],[78.3003,34.6619],[78.3173,34.6593],[78.3242,34.6563],[78.3872,34.6516],[78.3984,34.6486],[78.4046,34.6439],[78.407,34.6366],[78.4069,34.621],[78.4104,34.6125],[78.4181,34.6054],[78.4251,34.6035],[78.4432,34.6024],[78.4822,34.6033],[78.5371,34.6142],[78.5582,34.6147],[78.5693,34.6119],[78.6111,34.5831],[78.621,34.5743],[78.6376,34.5523],[78.6438,34.5478],[78.6601,34.5297],[78.6816,34.5151],[78.6961,34.5077],[78.7301,34.4967],[78.7383,34.4899],[78.7494,34.477],[78.7538,34.4692],[78.763,34.4605],[78.825,34.4141],[78.8377,34.4068],[78.8916,34.3896],[78.9225,34.3754],[78.9607,34.3461],[78.9688,34.3416],[78.9767,34.3339],[78.9815,34.3329],[78.9901,34.3178],[78.9942,34.3025],[78.9934,34.2887],[78.975,34.2429],[78.9562,34.2178],[78.9421,34.2048],[78.9104,34.1805],[78.8889,34.1664],[78.8711,34.1572],[78.7743,34.1145],[78.7595,34.1111],[78.7292,34.0957],[78.7133,34.0815],[78.7064,34.0722],[78.7061,34.0586],[78.7121,34.0505],[78.7318,34.0425],[78.7606,34.0361],[78.766,34.0325],[78.7704,34.0197],[78.7636,34.0015],[78.7284,33.9773],[78.7158,33.9645],[78.7147,33.9611],[78.7162,33.9489],[78.7172,33.949],[78.7167,33.9391],[78.7116,33.9225],[78.7172,33.8905],[78.7262,33.8701],[78.7418,33.8402],[78.7751,33.8013],[78.7805,33.7892],[78.784,33.7704],[78.7752,33.7462],[78.7624,33.7307],[78.7318,33.704],[78.7093,33.6796],[78.7068,33.6695],[78.7107,33.6558],[78.7298,33.6179],[78.764,33.5618],[78.7859,33.5306],[78.8233,33.4835],[78.871,33.4394],[78.9213,33.3987],[78.9411,33.3901],[78.9548,33.3742],[78.9727,33.3673],[78.9887,33.3474],[79.0042,33.3363],[79.0195,33.3308],[79.0338,33.3136],[79.0666,33.2959],[79.0708,33.2909],[79.0731,33.2836],[79.0661,33.2645],[79.0672,33.2498],[79.075,33.2286],[79.1277,33.2047],[79.1414,33.2001],[79.1805,33.1946],[79.1855,33.1912],[79.1925,33.1759],[79.1956,33.157],[79.1937,33.143],[79.1884,33.1294],[79.1554,33.0902],[79.1489,33.0748],[79.1487,33.0526],[79.1512,33.034],[79.1547,33.0238],[79.1622,33.0147],[79.1972,33.0024],[79.2141,33.0026],[79.2301,33.0002],[79.2487,32.9935],[79.26,32.9847],[79.2701,32.9685],[79.2802,32.9443],[79.2823,32.9354],[79.2836,32.9061],[79.2788,32.8829],[79.2701,32.8665],[79.2552,32.8483],[79.2498,32.8321],[79.2516,32.8226],[79.2587,32.8164],[79.2767,32.8086],[79.2889,32.7932],[79.291,32.7829],[79.2911,32.7591],[79.2871,32.7526],[79.2735,32.7082],[79.2698,32.7018],[79.2646,32.6742],[79.2685,32.6676],[79.2763,32.6693],[79.2846,32.6744],[79.2906,32.6722],[79.2937,32.6674],[79.292,32.6534],[79.2641,32.5899],[79.2614,32.572],[79.2597,32.5417],[79.2614,32.5363],[79.2606,32.5329],[79.2509,32.5341],[79.248,32.5288],[79.2492,32.5225],[79.203,32.5108],[79.1489,32.4838],[79.1265,32.4643],[79.1181,32.45],[79.1219,32.4232],[79.1212,32.4161],[79.1118,32.3993],[79.1091,32.3832],[79.1045,32.3717],[79.0956,32.3679],[79.0919,32.369],[79.0675,32.385],[79.0597,32.3856],[79.0492,32.3834],[79.025,32.367],[78.9938,32.3643],[78.9825,32.3458],[78.9772,32.3428],[78.971,32.3443],[78.9147,32.3671],[78.9,32.3841],[78.888,32.3924],[78.8746,32.4146],[78.8674,32.4191],[78.8569,32.4189],[78.836,32.4253],[78.8179,32.4387],[78.7979,32.4632],[78.7812,32.4753],[78.7767,32.4839],[78.7754,32.4906],[78.7756,32.5197],[78.7726,32.5443],[78.7656,32.5578],[78.7637,32.5678],[78.7652,32.5749],[78.7765,32.5882],[78.7803,32.5983],[78.7706,32.6355],[78.7681,32.663],[78.7639,32.6785],[78.7603,32.6842],[78.7459,32.6961],[78.7365,32.6959],[78.717,32.6807],[78.6643,32.6565],[78.6544,32.6492],[78.6323,32.6111],[78.6257,32.6071],[78.6033,32.6044],[78.587,32.6085],[78.5593,32.6123],[78.5449,32.6123],[78.5264,32.6065],[78.5089,32.5947],[78.4856,32.5732],[78.4797,32.5731],[78.4725,32.578],[78.4616,32.5803],[78.4527,32.5795],[78.4379,32.5678],[78.4122,32.5561],[78.4043,32.5387],[78.4052,32.5252],[78.4165,32.5151],[78.4092,32.512],[78.4014,32.5182],[78.3991,32.5264],[78.3944,32.5285],[78.3824,32.5297],[78.3564,32.5127],[78.3104,32.4759],[78.3062,32.4777],[78.2785,32.5079],[78.295,32.5225],[78.2992,32.5293],[78.2966,32.5775],[78.318,32.5802],[78.3318,32.5849],[78.3406,32.5931],[78.3888,32.6232],[78.3759,32.6296],[78.3709,32.6382],[78.3632,32.672],[78.3637,32.6855],[78.3676,32.6995],[78.3778,32.7193],[78.3749,32.7226],[78.3712,32.7337],[78.3707,32.7458],[78.3728,32.7602],[78.3714,32.7618],[78.3447,32.7634],[78.2877,32.7378],[78.2946,32.7316],[78.2981,32.7248],[78.2986,32.7197],[78.2957,32.7128],[78.2849,32.7068],[78.2727,32.7029],[78.2591,32.7029],[78.2366,32.6947],[78.2333,32.6837],[78.225,32.6756],[78.2129,32.6692],[78.2016,32.6652],[78.195,32.6673],[78.184,32.6639],[78.1795,32.6704],[78.1705,32.6772],[78.1525,32.679],[78.1444,32.6766],[78.136,32.6703],[78.1267,32.6491],[78.1215,32.6423],[78.1162,32.6424],[78.107,32.6497],[78.0993,32.66],[78.0934,32.6622],[78.079,32.6528],[78.0729,32.6444],[78.0675,32.6256],[78.0653,32.6243],[78.059,32.6246],[78.0441,32.6288],[78.0339,32.6356],[78.0324,32.6284],[78.0344,32.6157],[78.0415,32.6053],[78.0416,32.5992],[78.0358,32.5919],[78.0274,32.5886],[78.0174,32.587],[77.9871,32.5882],[77.9826,32.5865],[77.9767,32.5919],[77.9678,32.608],[77.9622,32.6138],[77.9595,32.6207],[77.9542,32.626],[77.9551,32.6348],[77.9527,32.6404],[77.9389,32.648],[77.9272,32.6626],[77.9202,32.6795],[77.9033,32.6931],[77.9024,32.6984],[77.9057,32.7036],[77.9063,32.7123],[77.9094,32.7214],[77.912,32.7258],[77.9185,32.7308],[77.9118,32.7365],[77.9179,32.7569],[77.9151,32.7661],[77.9123,32.7672],[77.9089,32.7721],[77.9035,32.7729],[77.8995,32.7753],[77.8809,32.7754],[77.8722,32.7863],[77.867,32.7903],[77.869,32.8004],[77.8645,32.8065],[77.8613,32.8162],[77.8476,32.8284],[77.8314,32.835],[77.8251,32.8399],[77.8143,32.8362],[77.8082,32.836],[77.799,32.8458],[77.7677,32.8585],[77.7614,32.8648],[77.766,32.8803],[77.7727,32.8909],[77.787,32.8917],[77.7925,32.8981],[77.7902,32.9054],[77.7817,32.91],[77.778,32.9158],[77.7596,32.9274],[77.7476,32.9394],[77.7448,32.9459],[77.7364,32.9479],[77.7231,32.9644],[77.7125,32.9718],[77.7083,32.9673],[77.7037,32.9661],[77.6999,32.969],[77.695,32.9778],[77.6909,32.9794],[77.6795,32.9778],[77.678,32.9807],[77.6709,32.9863],[77.6652,32.986],[77.66,32.969],[77.6564,32.966],[77.6533,32.9594],[77.6385,32.9561],[77.6234,32.9445],[77.6173,32.944],[77.613,32.9414],[77.6061,32.9424],[77.5864,32.9399],[77.5839,32.9438],[77.5797,32.9317],[77.5696,32.9217],[77.5538,32.9131],[77.5447,32.9117],[77.527,32.8923],[77.5196,32.8874],[77.5062,32.8831],[77.4943,32.8815],[77.4846,32.8865],[77.4732,32.8788],[77.4552,32.8617],[77.4483,32.8617],[77.4362,32.8659],[77.4322,32.8704],[77.4312,32.8758],[77.4257,32.8837],[77.4177,32.8792],[77.4101,32.8782],[77.3992,32.8839],[77.3973,32.887],[77.3875,32.8855],[77.3794,32.8808],[77.3712,32.8674],[77.3631,32.8635],[77.3597,32.8596],[77.3587,32.8564],[77.3627,32.8466],[77.3618,32.8426],[77.3565,32.8253],[77.3484,32.8212],[77.336,32.8189],[77.3216,32.8224],[77.3207,32.8281],[77.3165,32.8298],[77.3109,32.8377],[77.3125,32.8463],[77.3052,32.854],[77.2887,32.8526],[77.2813,32.8557],[77.2743,32.8598],[77.2701,32.8664],[77.2583,32.8764],[77.2476,32.8649],[77.2389,32.8652],[77.2363,32.8723],[77.2248,32.88],[77.2241,32.8827],[77.2275,32.8839],[77.2293,32.8868],[77.2283,32.8956],[77.218,32.8973],[77.2045,32.9064],[77.189,32.9101],[77.1818,32.9155],[77.1739,32.9311],[77.1666,32.9281],[77.1637,32.9251],[77.1604,32.9161],[77.1574,32.9132],[77.1462,32.914],[77.1507,32.9202],[77.1469,32.9344],[77.1488,32.9414],[77.1461,32.9428],[77.1461,32.9564],[77.1364,32.9578],[77.1353,32.9609],[77.1343,32.9695],[77.1364,32.9805],[77.1275,32.9838],[77.1201,32.9827],[77.1032,32.9872],[77.0971,32.9776],[77.0842,32.9737],[77.0749,32.9734],[77.0659,32.9855],[77.0585,32.9861],[77.0524,32.9909],[77.0353,32.9997],[77.0244,32.997],[77.0199,32.9917],[77.0112,32.9932],[76.9985,32.9896],[76.9915,32.9929],[76.9808,33.0015],[76.9665,33.0072],[76.9621,33.0139],[76.9483,33.0185],[76.9327,33.0285],[76.9241,33.029],[76.9175,33.0337],[76.9102,33.0502],[76.9001,33.0641],[76.8964,33.0758],[76.8907,33.0808],[76.8909,33.0846],[76.895,33.0914],[76.8943,33.0951],[76.8848,33.0974],[76.8774,33.1072],[76.8772,33.1142],[76.8687,33.1202],[76.8526,33.1115],[76.8444,33.1123],[76.8341,33.1206],[76.8374,33.1264],[76.8281,33.1317],[76.8292,33.1377],[76.823,33.1413],[76.8173,33.142],[76.815,33.1462],[76.8095,33.1486],[76.8035,33.1557],[76.8014,33.1615],[76.802,33.166],[76.7981,33.1733],[76.8066,33.1847],[76.8033,33.1939],[76.8186,33.2056],[76.8172,33.2122],[76.8111,33.2155],[76.813,33.2227],[76.8179,33.2311],[76.8289,33.2425],[76.8283,33.2464],[76.8173,33.2485],[76.8092,33.2443],[76.8085,33.2423],[76.808,33.2439],[76.8063,33.2362],[76.8028,33.2367],[76.7854,33.2536],[76.7783,33.2557],[76.7636,33.2543],[76.7553,33.2495],[76.7576,33.2431],[76.7624,33.2395],[76.7599,33.2247],[76.7421,33.1975],[76.7344,33.1931],[76.7306,33.1853],[76.7299,33.1794],[76.7142,33.1774],[76.7085,33.1813],[76.6967,33.1815],[76.6937,33.1776],[76.6853,33.174],[76.6695,33.1733],[76.6594,33.1711],[76.6511,33.1718],[76.6407,33.1647],[76.627,33.1625],[76.6126,33.166],[76.5996,33.1738],[76.5973,33.188],[76.5925,33.1906],[76.588,33.19],[76.584,33.1931],[76.5862,33.2042],[76.5819,33.2069],[76.563,33.2062],[76.5475,33.2095],[76.542,33.2068],[76.5342,33.1993],[76.5202,33.2004],[76.5058,33.1958],[76.496,33.196],[76.4888,33.1902],[76.4691,33.1799],[76.4556,33.1833],[76.4418,33.1805],[76.4298,33.1828],[76.4218,33.1818],[76.4077,33.1884],[76.4007,33.1866],[76.3917,33.1867],[76.3846,33.1829],[76.3799,33.1765],[76.3662,33.168],[76.3608,33.1628],[76.3589,33.1575],[76.3558,33.1546],[76.3521,33.1548],[76.3356,33.1463],[76.3155,33.1302],[76.2919,33.1202],[76.288,33.1132],[76.275,33.104],[76.2769,33.1006],[76.2758,33.098],[76.2712,33.0964],[76.2552,33.0523],[76.2373,33.0326],[76.2162,33.0286],[76.1883,33.0276],[76.1522,33.0229],[76.1439,33.0165],[76.1282,33.0101],[76.1205,33.0104],[76.0937,33.0048],[76.0946,33.0003],[76.0822,32.9688],[76.07,32.9622],[76.0659,32.958],[76.0545,32.951],[76.0504,32.9443],[76.0426,32.9402],[76.0281,32.9374],[76.0237,32.9316],[76.0172,32.9176],[76.0046,32.914],[75.9874,32.9006],[75.9832,32.9004],[75.9458,32.8851],[75.9396,32.8842],[75.9338,32.8843],[75.9232,32.8981],[75.9001,32.9157],[75.8671,32.9302],[75.8501,32.9312],[75.8339,32.9346],[75.8214,32.9335],[75.808,32.9298],[75.7983,32.9194],[75.8018,32.9103],[75.8,32.9039],[75.7899,32.894],[75.78746653327535,32.89297010584312],[75.7898,32.8814],[75.7946,32.8702],[75.8083,32.8532],[75.8211,32.8428],[75.8374,32.8368],[75.8738,32.8137],[75.9001,32.7699],[75.9125,32.7571],[75.914,32.742],[75.9098,32.7209],[75.8991,32.7002],[75.8966,32.6911],[75.8989,32.6806],[75.9054,32.6722],[75.9241,32.6582],[75.9254,32.6543],[75.9236,32.6437],[75.9046,32.6152],[75.8863,32.5919],[75.8378,32.5376],[75.8306,32.5245],[75.825,32.5092],[75.8043,32.4871],[75.7901,32.4788],[75.7789,32.475],[75.7459,32.4763],[75.7437,32.4691],[75.7297,32.4451],[75.7115,32.4182],[75.685,32.4006],[75.6481,32.3888],[75.5926,32.3817],[75.567,32.3718],[75.5452,32.3608],[75.5292,32.3489],[75.5243,32.34],[75.5158,32.298],[75.5045,32.2795],[75.4989,32.2753],[75.4947,32.2769],[75.49,32.288],[75.4921,32.3028],[75.4902,32.3102],[75.4799,32.3103],[75.4678,32.3176],[75.4735,32.3392],[75.4722,32.34],[75.4666,32.3389],[75.4518,32.3318],[75.4326,32.3267],[75.415,32.3243],[75.3785,32.3288],[75.3318,32.3447],[75.3253,32.3428],[75.32230565445026,32.33731036649215],[75.3304,32.3317],[75.3367,32.3226],[75.3343,32.3044],[75.3362,32.2957],[75.3399,32.2886],[75.3494,32.284],[75.3533,32.2782],[75.3563,32.2785],[75.367,32.2687],[75.365,32.2624],[75.3586,32.2586],[75.357,32.2519],[75.3583,32.2458],[75.3637,32.2383],[75.3593,32.227],[75.3462,32.218],[75.3232,32.2189],[75.3177,32.2181],[75.3142,32.2149],[75.3136,32.2124],[75.3196,32.2082],[75.3333,32.2047],[75.3228,32.2013],[75.3172,32.1928],[75.3178,32.1708],[75.3142,32.1592],[75.3094,32.1546],[75.2833,32.1422],[75.2773,32.1352],[75.2748,32.1188],[75.272,32.1128],[75.2392,32.0872],[75.2334,32.0844],[75.2278,32.0846],[75.2236,32.0911],[75.225,32.1069],[75.2227,32.1125],[75.212,32.1191],[75.205,32.1156],[75.199,32.1173],[75.1953,32.1166],[75.1932,32.1146],[75.1937,32.1007],[75.1877,32.0993],[75.1852,32.0953],[75.1851,32.0838],[75.1748,32.0813],[75.1716,32.079],[75.1682,32.0714],[75.1645,32.068],[75.1584,32.0685],[75.1576,32.0721],[75.1519,32.0805],[75.1444,32.0829],[75.1298,32.0807],[75.1163,32.0828],[75.1081,32.0749],[75.0975,32.0703],[75.0948,32.0613],[75.0922,32.0595],[75.0858,32.0629],[75.0774,32.0612],[75.0812,32.0562],[75.076,32.0607],[75.069,32.0585],[75.0508,32.0413],[75.0459,32.0392],[75.031,32.0406],[75.023,32.039],[75.0106,32.0304],[75.0049,32.0288],[74.9984,32.0287],[74.9772,32.0423],[74.9638,32.0431],[74.9667,32.0474],[74.9661,32.051],[74.9603,32.055],[74.9259,32.0657],[74.9143,32.0652],[74.9069,32.0625],[74.8989,32.0499],[74.8793,32.0519],[74.8724,32.0505],[74.8623,32.0451],[74.8648,32.037],[74.8677,32.0334],[74.8651,32.0239],[74.8595,32.0266],[74.8565,32.0259],[74.8523,32.0219],[74.8403,32.0203],[74.8407,32.0174],[74.8455,32.0133],[74.8457,32.0092],[74.8278,32.0051],[74.8184,31.9974],[74.8199,31.9765],[74.8151,31.9717],[74.8091,31.9551],[74.8067,31.9539],[74.803,31.9575],[74.8014,31.9618],[74.7686,31.9518],[74.7595,31.9462],[74.7517,31.9475],[74.7477,31.9523],[74.746,31.9518],[74.7452,31.9492],[74.7458,31.9416],[74.7359,31.9374],[74.7267,31.9422],[74.7178,31.9577],[74.7092,31.9579],[74.7033,31.9249],[74.6948,31.9194],[74.6896,31.9226],[74.6847,31.9231],[74.674,31.921],[74.6702,31.9181],[74.6679,31.9166],[74.6599,31.9182],[74.659,31.9135],[74.6516,31.9092],[74.6508,31.8981],[74.6472,31.8959],[74.6379,31.8967],[74.6337,31.8897],[74.6266,31.8829],[74.6152,31.8809],[74.6044,31.884],[74.6025,31.8865],[74.5991,31.8851],[74.5959,31.8772],[74.596,31.8648],[74.5833,31.8569],[74.5805,31.8435],[74.5726,31.8417],[74.5647,31.8324],[74.5557,31.8277],[74.5558,31.8225],[74.5596,31.8187],[74.5602,31.8153],[74.5576,31.8078],[74.5494,31.7983],[74.5495,31.7965],[74.5548,31.7945],[74.5549,31.7916],[74.5472,31.7843],[74.544,31.7764],[74.5449,31.7654],[74.552,31.7575],[74.5518,31.7532],[74.5455,31.7505],[74.5365,31.7511],[74.5289,31.7497],[74.518,31.7452],[74.5173,31.7229],[74.5302,31.6981],[74.5785,31.6234],[74.5926,31.5923],[74.6009,31.5678],[74.6017,31.5631],[74.6001,31.5629],[74.6003,31.5598],[74.6023,31.5589],[74.6052,31.541],[74.6039,31.5341],[74.599,31.5275],[74.5935,31.5255],[74.5824,31.5248],[74.573,31.5196],[74.5714,31.5159],[74.5714,31.5114],[74.5734,31.5092],[74.5725,31.5058],[74.5659,31.5029],[74.5662,31.5008],[74.5796,31.4957],[74.5825,31.4984],[74.5901,31.4984],[74.5951,31.5002],[74.6028,31.4948],[74.6044,31.4897],[74.6091,31.4872],[74.6141,31.4858],[74.6265,31.4867],[74.6207,31.48],[74.6207,31.478],[74.6307,31.4724],[74.6323,31.4696],[74.6402,31.4645],[74.6421,31.46],[74.6408,31.4559],[74.6363,31.4522],[74.6253,31.4236],[74.5946,31.3971],[74.5519,31.2985],[74.5302,31.2987],[74.5247,31.2947],[74.5184,31.2839],[74.5169,31.278],[74.5128,31.2755],[74.5111,31.2723],[74.5116,31.2681],[74.5146,31.2662],[74.5222,31.2475],[74.5196,31.2417],[74.5137,31.2367],[74.5113,31.2313],[74.5108,31.2229],[74.5138,31.2175],[74.5145,31.2094],[74.5083,31.1974],[74.5078,31.1929],[74.5095,31.187],[74.5075,31.1852],[74.5024,31.185],[74.5013,31.1816],[74.5046,31.1674],[74.5046,31.1385],[74.5062,31.1358],[74.5232,31.1296],[74.5265,31.1224],[74.5363,31.1251],[74.5434,31.1217],[74.5445,31.117],[74.5435,31.1052],[74.5459,31.0985],[74.5464,31.0886],[74.5519,31.0856],[74.5577,31.087],[74.5658,31.0843],[74.5705,31.0884],[74.5781,31.0902],[74.5813,31.0918],[74.5827,31.0948],[74.5854,31.0952],[74.5928,31.0874],[74.5965,31.0909],[74.5964,31.0975],[74.6001,31.1034],[74.6006,31.1088],[74.5966,31.1243],[74.5918,31.1283],[74.5924,31.1334],[74.6013,31.1354],[74.6078,31.1327],[74.6147,31.136],[74.6215,31.137],[74.6262,31.1364],[74.6249,31.1226],[74.6312,31.1213],[74.6357,31.1242],[74.6398,31.1301],[74.6511,31.1348],[74.6574,31.1326],[74.659,31.1274],[74.6637,31.1268],[74.6689,31.1304],[74.6773,31.1306],[74.6821,31.1202],[74.6899,31.1171],[74.6908,31.104],[74.6944,31.0982],[74.6944,31.0954],[74.6863,31.0896],[74.6842,31.0864],[74.685,31.0765],[74.6832,31.0722],[74.6722,31.0616],[74.656,31.0545],[74.6335,31.0529],[74.6225,31.047],[74.6002,31.0435],[74.5925,31.052],[74.5717,31.0674],[74.5584,31.0675],[74.5534,31.0626],[74.5497,31.0432],[74.538,31.0317],[74.5357,31.0168],[74.5318,31.0127],[74.5336,31.0051],[74.5385,30.9974],[74.5381,30.9935],[74.5144,30.9849],[74.5044,30.9778],[74.4997,30.969],[74.4966,30.9672],[74.4851,30.9705],[74.4706,30.966],[74.4678,30.9626],[74.4464,30.9489],[74.4287,30.9344],[74.4207,30.9259],[74.4192,30.9117],[74.4161,30.906],[74.395,30.9035],[74.3827,30.8917],[74.3655,30.8854],[74.3619,30.8793],[74.3622,30.8724],[74.3711,30.8603],[74.372,30.8529],[74.363,30.8458],[74.3588,30.8459],[74.3474,30.8513],[74.346,30.8543],[74.3427,30.8545],[74.3325,30.8531],[74.3311,30.849],[74.3233,30.8503],[74.3161,30.8476],[74.3116,30.8405],[74.3076,30.8211],[74.2953,30.8116],[74.2933,30.8032],[74.2858,30.7996],[74.2868,30.7958],[74.2968,30.7924],[74.299,30.7888],[74.2974,30.7827],[74.2911,30.7784],[74.2791,30.7761],[74.2737,30.7728],[74.265,30.7728],[74.2622,30.768],[74.2663,30.7624],[74.2737,30.7433],[74.2825,30.7346],[74.2818,30.7302],[74.2797,30.7294],[74.2683,30.7314],[74.254,30.723],[74.241,30.7222],[74.2322,30.7196],[74.222,30.7081],[74.1968,30.6718],[74.1861,30.6594],[74.1832,30.6595],[74.1509,30.6326],[74.1439,30.6291],[74.1349,30.6288],[74.1236,30.629],[74.1218,30.6324],[74.1184,30.6322],[74.1174,30.6243],[74.1117,30.6168],[74.1105,30.607],[74.1089,30.6057],[74.1047,30.6066],[74.0984,30.6155],[74.091,30.6128],[74.0902,30.6085],[74.0945,30.6058],[74.092,30.5981],[74.0926,30.5753],[74.0841,30.5662],[74.0679,30.5549],[74.0682,30.5508],[74.0721,30.5493],[74.0764,30.5503],[74.0844,30.545],[74.0848,30.5407],[74.0776,30.5294],[74.0665,30.5202],[74.0557,30.522],[74.0477,30.5286],[74.0402,30.5377],[74.034,30.5363],[74.0256,30.5254],[73.9837,30.5005],[73.9727,30.4881],[73.9688,30.4802],[73.9665,30.4635],[73.9627,30.4576],[73.9553,30.458],[73.9469,30.4623],[73.9353,30.463],[73.9323,30.4584],[73.9366,30.443],[73.9316,30.4332],[73.9303,30.425],[73.9279,30.4209],[73.9034,30.4168],[73.8935,30.4023],[73.8798,30.3911],[73.8732,30.3834],[73.8709,30.375],[73.8713,30.3686],[73.8756,30.3608],[73.8939,30.3506],[73.8973,30.349],[73.901,30.3429],[73.9085,30.3367],[73.9159,30.3273],[73.9254,30.3106],[73.9343,30.303],[73.9473,30.2747],[73.9578,30.2617],[73.9639,30.2308],[73.9663,30.195],[73.958,30.1857],[73.9235,30.1679],[73.8955,30.1494],[73.8835,30.1389],[73.8377,30.1087],[73.8063,30.0825],[73.7941,30.0697],[73.7872,30.0664],[73.754,30.0565],[73.7092,30.0471],[73.6534,30.0312],[73.6112,30.0224],[73.5618,30.0056],[73.5399,29.9954],[73.4128,29.9492],[73.3992,29.9434],[73.3914,29.9379],[73.3854,29.926],[73.3658,29.8528],[73.3587,29.8361],[73.3403,29.7689],[73.3255,29.7277],[73.3161,29.6945],[73.312,29.6862],[73.2976,29.6336],[73.286,29.6046],[73.2713,29.557],[73.2381,29.5061],[73.2324,29.493],[73.2216,29.4794],[73.2024,29.4419],[73.1913,29.4286],[73.171,29.3894],[73.1469,29.3499],[73.137,29.3293],[73.1152,29.2947],[73.1094,29.2827],[73.1015,29.2725],[73.0893,29.2491],[73.0785,29.2334],[73.0552,29.2071],[73.0355,29.188],[73.0203,29.1682],[73.0,29.1474],[72.9851,29.1163],[72.9788,29.1071],[72.9417,29.0272],[72.9355,29.0229],[72.899,29.0094],[72.8877,29.0037],[72.862,28.9962],[72.844,28.9877],[72.7414,28.9483],[72.7113,28.935],[72.6507,28.9034],[72.5879,28.866],[72.5516,28.8482],[72.5199,28.8286],[72.4848,28.8104],[72.4466,28.7932],[72.4027,28.7779],[72.3847,28.7639],[72.3464,28.7205],[72.3444,28.716],[72.3263,28.6989],[72.302,28.6648],[72.2534,28.527],[72.2494,28.5108],[72.2444,28.5058],[72.2432,28.4964],[72.2088,28.4],[72.2023,28.3853],[72.198,28.3814],[72.1844,28.358],[72.1561,28.3369],[72.1261,28.3035],[72.0663,28.2608],[72.0443,28.2435],[72.0191,28.2266],[71.9959,28.207],[71.966,28.1653],[71.9535,28.1527],[71.9333,28.1269],[71.9253,28.1054],[71.9202,28.0756],[71.9124,28.0481],[71.9119,28.0261],[71.9055,27.9975],[71.9015,27.969],[71.8974,27.9574],[71.8585,27.9414],[71.7656,27.9099],[71.698,27.8826],[71.6639,27.8727],[71.6583,27.8689],[71.6045,27.8682],[71.5866,27.8703],[71.5308,27.8653],[71.4479,27.8661],[71.4188,27.864],[71.4097,27.8658],[71.3811,27.8619],[71.273,27.8419],[71.2301,27.8288],[71.2087,27.8244],[71.1838,27.8144],[71.1737,27.812],[71.087,27.7768],[71.0705,27.7683],[71.034,27.7573],[70.9616,27.7227],[70.9069,27.7006],[70.8842,27.6984],[70.8579,27.7022],[70.819,27.7043],[70.7577,27.7172],[70.738,27.7422],[70.7216,27.769],[70.7148,27.7763],[70.7031,27.8004],[70.6894,27.8194],[70.6784,27.8391],[70.6728,27.8698],[70.6721,27.9143],[70.6607,27.9305],[70.5988,27.9883],[70.5626,28.0198],[70.5303,28.0325],[70.5098,28.0355],[70.4791,28.0337],[70.4324,28.0215],[70.3662,28.0082],[70.3365,27.9831],[70.3219,27.9649],[70.3029,27.9462],[70.2813,27.9304],[70.2076,27.8854],[70.1808,27.8551],[70.157,27.834],[70.1078,27.7669],[70.0246,27.5697],[70.0163,27.556],[69.9362,27.5021],[69.9076,27.4596],[69.862,27.4028],[69.8325,27.3788],[69.8125,27.3596],[69.7247,27.2948],[69.6987,27.2777],[69.6659,27.2514],[69.6006,27.1894],[69.5867,27.178],[69.5781,27.1655],[69.5652,27.1385],[69.5373,27.0693],[69.5132,27.0169],[69.5036,26.9433],[69.5009,26.9003],[69.4855,26.8235],[69.4837,26.8062],[69.4875,26.7937],[69.5077,26.7485],[69.5154,26.7401],[69.5805,26.7119],[69.6018,26.7051],[69.6083,26.7003],[69.6767,26.6726],[69.699,26.6651],[69.7219,26.6538],[69.7433,26.6385],[69.7719,26.6137],[69.7948,26.6],[69.8154,26.5922],[69.8556,26.5829],[69.8793,26.5811],[69.9183,26.5826],[70.0248,26.5987],[70.0662,26.5993],[70.0884,26.5956],[70.1069,26.5895],[70.1502,26.5683],[70.1605,26.559],[70.1678,26.5506],[70.1785,26.5141],[70.1839,26.4868],[70.176,26.4333],[70.1793,26.3753],[70.1779,26.3658],[70.1783,26.3498],[70.1667,26.307],[70.1646,26.2909],[70.1652,26.2771],[70.1708,26.2591],[70.1727,26.2451],[70.1594,26.1945],[70.1452,26.1662],[70.1373,26.1549],[70.0943,26.0974],[70.0826,26.0739],[70.0805,26.0582],[70.0866,26.0312],[70.091,25.9968],[70.0913,25.9652],[70.0961,25.9443],[70.1067,25.9242],[70.1417,25.8754],[70.145,25.8685],[70.1539,25.8603],[70.1654,25.8442],[70.178,25.8195],[70.2032,25.8052],[70.2238,25.7879],[70.2445,25.7663],[70.2608,25.7423],[70.2723,25.7087],[70.2759,25.7034],[70.2853,25.6989],[70.3752,25.6685],[70.3997,25.6638],[70.4253,25.6696],[70.4598,25.6735],[70.4903,25.676],[70.5362,25.6767],[70.5658,25.6864],[70.6017,25.7033],[70.6171,25.7066],[70.6469,25.7065],[70.6554,25.7038],[70.666,25.6972],[70.6761,25.6803],[70.6811,25.6608],[70.6773,25.5887],[70.6762,25.5239],[70.6879,25.5173],[70.6855,25.5112],[70.685,25.4895],[70.6796,25.4475],[70.6797,25.4165],[70.6737,25.395],[70.6742,25.3893],[70.7232,25.3451],[70.7443,25.321],[70.7535,25.2963],[70.7591,25.275],[70.7664,25.2649],[70.7962,25.2398],[70.8093,25.2238],[70.856,25.1822],[70.8608,25.1758],[70.8943,25.1441],[70.9054,25.095],[70.9137,25.0455],[70.9256,24.9947],[70.9455,24.9345],[70.9563,24.9144],[70.9787,24.8897],[70.9853,24.8772],[71.004,24.8529],[71.0124,24.8359],[71.0236,24.8212],[71.0353,24.7988],[71.0503,24.7606],[71.0628,24.7389],[71.0729,24.712],[71.1004,24.6833],[71.1071,24.6807],[71.0994,24.674],[71.085,24.6614],[71.0608,24.6464],[71.0461,24.6388],[71.0205,24.6305],[71.0172,24.6224],[71.0102,24.6156],[71.0006,24.5992],[70.9986,24.5847],[71.0034,24.5665],[70.9983,24.5413],[71.0153,24.5228],[71.0142,24.502],[71.0075,24.4666],[71.007,24.4469],[71.0078,24.442],[71.0286,24.4334],[71.0756,24.4336],[71.0931,24.4359],[71.1101,24.4317],[71.119,24.431],[71.1242,24.4277],[71.1341,24.4138],[71.1318,24.4018],[71.1221,24.3909],[71.0883,24.3815],[71.0771,24.3723],[71.0664,24.3557],[71.0472,24.3473],[71.0291,24.3452],[71.013,24.3469],[71.0045,24.3532],[70.9984,24.3606],[70.9921,24.3586],[70.9741,24.3483],[70.9597,24.3462],[70.9528,24.3397],[70.929,24.3233],[70.9249,24.3172],[70.9212,24.3157],[70.9154,24.3095],[70.9054,24.303],[70.8931,24.2982],[70.8851,24.2908],[70.8843,24.2809],[70.8891,24.2689],[70.9011,24.2627],[70.8941,24.2571],[70.8537,24.2474],[70.8462,24.243],[70.8372,24.2345],[70.8162,24.225],[70.8058,24.2227],[70.7258,24.2209],[70.6553,24.2251],[70.6138,24.2394],[70.5936,24.2403],[70.5843,24.2441],[70.5742,24.2523],[70.5722,24.2592],[70.5724,24.2649],[70.5774,24.2739],[70.5878,24.2854],[70.574,24.2897],[70.5723,24.2936],[70.5735,24.2982],[70.5874,24.3101],[70.5812,24.316],[70.5721,24.3445],[70.5852,24.3521],[70.592,24.3586],[70.6039,24.3806],[70.6119,24.4005],[70.5936,24.4099],[70.5932,24.4117],[70.5749,24.4203],[70.5601,24.4186],[70.5316,24.41],[70.4831,24.3908],[70.4661,24.3868],[70.4596,24.387],[70.3703,24.3535],[70.3256,24.3474],[70.2969,24.3399],[70.2371,24.3173],[70.1505,24.3006],[70.119,24.2907],[70.1101,24.2849],[70.0883,24.2352],[70.0773,24.2156],[70.0593,24.1928],[70.0489,24.1835],[70.0241,24.1694],[70.0186,24.1698],[70.0006,24.1664],[69.9123,24.1642],[69.906,24.1662],[69.8738,24.1661],[69.8703,24.1647],[69.7246,24.1751],[69.7165,24.1796],[69.7087,24.1889],[69.7024,24.1904],[69.6812,24.2051],[69.6751,24.2124],[69.6175,24.2603],[69.6129,24.2676],[69.6007,24.2778],[69.5797,24.2704],[69.5564,24.2649],[69.5012,24.255],[69.4842,24.2574],[69.4704,24.2641],[69.4316,24.2737],[69.4116,24.2739],[69.3822,24.266],[69.3619,24.2662],[69.3308,24.274],[69.3103,24.2767],[69.2926,24.2739],[69.2749,24.2688],[69.2714,24.2667],[69.2707,24.2642],[69.2364,24.2518],[69.229,24.2512],[69.1998,24.2352],[69.19,24.2357],[69.1581,24.2463],[69.1555,24.249],[69.1483,24.2491],[69.1139774919614,24.263905787781354],[69.1146,24.2634],[69.0929,24.2691],[69.0854,24.2683],[69.0137,24.2291],[69.0005,24.2259],[68.9863,24.2263],[68.9706,24.2375],[68.9472,24.2766],[68.9336,24.2686],[68.922,24.2587],[68.9141,24.2453],[68.9041,24.2092],[68.8979,24.1989],[68.8875,24.1959],[68.8784,24.1969],[68.8724,24.2007],[68.8696,24.209],[68.8675,24.2062],[68.864,24.2052],[68.8525,24.2057],[68.8477,24.2084],[68.8403,24.2282],[68.8359,24.2499],[68.831,24.2878],[68.8321,24.2993],[68.8264,24.3084],[68.7727,24.2941],[68.7675,24.2897],[68.7641,24.2841],[68.7596,24.0358],[68.7509,24.0],[68.7492,23.962],[68.5471,23.9632],[68.554,23.9654],[68.5574,23.9693],[68.554,23.9737],[68.5474,23.9751],[68.5471,23.9813],[68.5499,23.9871],[68.5482,23.9876],[68.5451,23.9818],[68.5451,23.9724],[68.5435,23.9726],[68.5443,23.9704],[68.5418,23.9654],[68.5357,23.9599],[68.5368,23.9549],[68.5349,23.9524],[68.5326,23.9515],[68.5329,23.9526],[68.5276,23.9551],[68.5224,23.9526],[68.5257,23.9495],[68.5135,23.9501],[68.5038,23.9582],[68.5085,23.9651],[68.5101,23.9729],[68.509,23.9793],[68.5054,23.9868],[68.5088,23.9963],[68.5043,23.9874],[68.4971,23.9968],[68.4982,24.0004],[68.504,24.0043],[68.4962,24.0121],[68.4776,24.0113],[68.4624,24.0068],[68.4465,23.9976],[68.441,23.9912],[68.4376,23.9921],[68.4315,23.9982],[68.4287,24.0049],[68.4293,23.9988],[68.4196,23.9965],[68.406,23.9799],[68.3924,23.9685],[68.391,23.9685],[68.3871,23.9746],[68.3832,23.9918],[68.3749,23.9954],[68.3635,23.9935],[68.3618,23.9912],[68.3454,23.9826],[68.334,23.9699],[68.3285,23.9565],[68.3285,23.9301],[68.3176,23.9321],[68.3076,23.9371],[68.3021,23.9368],[68.2971,23.9424],[68.2913,23.9443],[68.2893,23.9485],[68.2918,23.9554],[68.2893,23.9585],[68.2904,23.9546],[68.2868,23.9449],[68.2715,23.9371],[68.2635,23.931],[68.2546,23.9204],[68.2457,23.9049],[68.2326,23.8976],[68.2196,23.8968],[68.2057,23.8871],[68.2024,23.8882],[68.1979,23.8838],[68.1946,23.8801],[68.1979,23.8718],[68.1976,23.8668],[68.1954,23.8599],[68.1918,23.8551],[68.1837,23.8535],[68.176,23.8549],[68.1668,23.8538],[68.1615,23.8549],[68.1504,23.8538],[68.1493,23.8549],[68.144,23.869],[68.1457,23.8751],[68.1532,23.8857],[68.1571,23.899],[68.1568,23.9018],[68.1551,23.9032],[68.156,23.8996],[68.1513,23.8838],[68.1462,23.8785],[68.1429,23.8718],[68.1426,23.8682],[68.1474,23.8524],[68.1335,23.8499],[68.1285,23.8504],[68.1265,23.8532],[68.1143,23.8563],[68.114,23.8579],[68.1143,23.8757],[68.1207,23.8868],[68.1204,23.8937],[68.1249,23.8974],[68.1265,23.9029],[68.126,23.9071],[68.1235,23.9088],[68.1232,23.9154],[68.1174,23.9218],[68.1232,23.9435],[68.1229,23.9471],[68.1179,23.9532],[68.1104,23.9596],[68.1085,23.9599],[68.1087,23.9654],[68.1118,23.9665],[68.1129,23.9699],[68.1185,23.971],[68.1129,23.9707],[68.1101,23.9665],[68.1079,23.9668],[68.1065,23.9693],[68.0971,23.9699],[68.0974,23.9821],[68.0954,23.9901],[68.0904,23.9943],[68.0876,24.0021],[68.079,24.0096],[68.0779,24.0126],[68.0726,24.0129],[68.0657,24.0165],[68.0607,24.0165],[68.0535,24.0235],[68.0546,24.0379],[68.0524,24.0421],[68.0529,24.0449],[68.0493,24.0438],[68.0524,24.0379],[68.0518,24.0279],[68.0482,24.0307],[68.0468,24.026],[68.0443,24.026],[68.0446,24.0238],[68.0421,24.0238],[68.0374,24.0121],[68.0349,24.0104],[68.0329,24.006],[68.0271,24.009],[68.0254,24.0124],[68.016,24.0154],[68.0151,24.0176],[68.0101,24.0168],[67.9987,24.0207],[67.9946,24.029],[67.9943,24.0374],[67.991,24.0374],[67.9843,24.0285],[67.9807,24.0265],[67.9743,24.026],[67.9718,24.0226],[67.9654,24.0201],[67.9479,24.0232],[67.9465,24.0238],[67.9393,24.0488],[67.9315,24.0585],[67.9196,24.0643],[67.9151,24.0688],[67.9029,24.0754],[67.8818,24.0829],[67.866,24.0854],[67.8493,24.0943],[67.8476,24.0932],[67.8435,24.094],[67.8412,24.0918],[67.8421,24.0907],[67.8393,24.0846],[67.8404,24.0824],[67.8379,24.0785],[67.8335,24.0763],[67.8157,24.0749],[67.8051,24.0718],[67.794,24.0626],[67.7871,24.0643],[67.774,24.0785],[67.7615,24.0799],[67.7529,24.0849],[67.7479,24.0801],[67.7479,24.0713],[67.7457,24.0693],[67.7368,24.069],[67.7321,24.0665],[67.726,24.0588],[67.7257,24.0546],[67.7207,24.0443],[67.7151,24.0424],[67.711,24.0432],[67.7021,24.0499],[67.6937,24.0624],[67.6851,24.0832],[67.6799,24.0882],[67.6757,24.0893],[67.6682,24.0885],[67.6593,24.0801],[67.6462,24.0801],[67.6443,24.0704],[67.6413,24.0654],[67.6357,24.0676],[67.6274,24.0749],[67.6221,24.0765],[67.6168,24.0768],[67.6104,24.0749],[67.5685,24.0807],[67.5468,24.0801],[67.5324,24.0757],[67.519,24.0674],[67.4974,24.0496],[67.4865,24.0374],[67.4768,24.0393],[67.4732,24.0488],[67.4746,24.0574],[67.4724,24.0579],[67.4668,24.0763],[67.4607,24.0846],[67.4568,24.0832],[67.4551,24.0832],[67.4551,24.0846],[67.4543,24.0835],[67.446,24.0843],[67.4407,24.0812],[67.4388,24.0785],[67.439,24.0746],[67.4357,24.0657],[67.4329,24.066],[67.4321,24.0707],[67.4285,24.0682],[67.4246,24.0701],[67.421,24.0665],[67.4168,24.0663],[67.4157,24.064],[67.4121,24.0635],[67.4093,24.0649],[67.4099,24.0665],[67.4051,24.0707],[67.4068,24.0818],[67.4124,24.0868],[67.4165,24.089],[67.4229,24.0874],[67.4318,24.089],[67.4343,24.0937],[67.4324,24.1024],[67.4335,24.1132],[67.4385,24.1162],[67.4454,24.1179],[67.4479,24.1207],[67.4468,24.1274],[67.4424,24.134],[67.4493,24.1488],[67.4454,24.151],[67.4443,24.1543],[67.4379,24.1563],[67.4343,24.1546],[67.4326,24.1496],[67.431,24.1501],[67.4229,24.1604],[67.4174,24.1765],[67.4204,24.174],[67.4226,24.1679],[67.4254,24.1682],[67.4293,24.1726],[67.4326,24.1704],[67.4437,24.1682],[67.4507,24.1721],[67.4476,24.1726],[67.4468,24.171],[67.4424,24.1701],[67.4407,24.1715],[67.4346,24.1704],[67.4296,24.174],[67.4235,24.1688],[67.4215,24.1754],[67.4187,24.1782],[67.4154,24.1787],[67.411,24.186],[67.401,24.1865],[67.3899,24.1887],[67.3887,24.1901],[67.3879,24.1885],[67.381,24.1854],[67.3793,24.186],[67.376,24.1907],[67.3676,24.1946],[67.3665,24.1968],[67.3674,24.2046],[67.3715,24.209],[67.3815,24.2065],[67.3835,24.2121],[67.3882,24.2104],[67.3901,24.211],[67.3838,24.2135],[67.381,24.2076],[67.3737,24.2096],[67.3749,24.2135],[67.3765,24.2143],[67.374,24.2232],[67.3621,24.226],[67.3579,24.231],[67.3574,24.2349],[67.3626,24.2365],[67.3704,24.2321],[67.3732,24.2324],[67.3832,24.2282],[67.3899,24.2288],[67.391,24.2268],[67.394,24.2279],[67.4076,24.2271],[67.4129,24.2296],[67.4182,24.2146],[67.4151,24.2051],[67.4157,24.2007],[67.4221,24.1988],[67.4271,24.1999],[67.4285,24.1932],[67.4337,24.1915],[67.4357,24.1943],[67.4413,24.1968],[67.4415,24.2007],[67.4449,24.2021],[67.4493,24.1988],[67.4551,24.1904],[67.4607,24.1901],[67.4624,24.1938],[67.4593,24.191],[67.4554,24.1915],[67.4479,24.2035],[67.4415,24.2029],[67.439,24.2113],[67.444,24.2151],[67.4399,24.214],[67.4379,24.2118],[67.4404,24.2018],[67.4382,24.1976],[67.4346,24.1951],[67.4304,24.1954],[67.4313,24.199],[67.4293,24.2021],[67.4179,24.2018],[67.4207,24.2115],[67.4265,24.2121],[67.4296,24.219],[67.4279,24.2376],[67.4327,24.2385],[67.4296,24.2407],[67.4379,24.2479],[67.4463,24.2465],[67.4557,24.251],[67.4613,24.2463],[67.4618,24.239],[67.4665,24.2357],[67.4682,24.2307],[67.469,24.2324],[67.4676,24.236],[67.4629,24.2396],[67.4618,24.2432],[67.4646,24.2412],[67.4713,24.2407],[67.4763,24.2482],[67.4793,24.2471],[67.4782,24.2407],[67.4843,24.2363],[67.4926,24.2368],[67.4935,24.2385],[67.491,24.2396],[67.4924,24.2412],[67.5049,24.2346],[67.5038,24.2371],[67.491,24.2426],[67.4887,24.2501],[67.5013,24.259],[67.4999,24.2607],[67.501,24.2629],[67.5057,24.2635],[67.5107,24.2707],[67.5135,24.2718],[67.5093,24.2721],[67.5071,24.266],[67.5007,24.2638],[67.4954,24.256],[67.491,24.2551],[67.4865,24.2621],[67.4835,24.271],[67.4815,24.2713],[67.4737,24.2657],[67.4615,24.279],[67.4554,24.2807],[67.4413,24.279],[67.4351,24.2801],[67.4335,24.2815],[67.4315,24.2901],[67.4396,24.2938],[67.4371,24.301],[67.4421,24.3035],[67.4451,24.3024],[67.4488,24.2979],[67.4521,24.2971],[67.4582,24.2971],[67.4635,24.3001],[67.466,24.2988],[67.469,24.2932],[67.4799,24.2901],[67.4885,24.2857],[67.5007,24.2901],[67.5018,24.2932],[67.506,24.2938],[67.5043,24.2949],[67.5038,24.3029],[67.5079,24.306],[67.5054,24.3065],[67.5029,24.3049],[67.5026,24.2954],[67.4926,24.2885],[67.4857,24.2879],[67.4779,24.2921],[67.4713,24.2988],[67.4715,24.3043],[67.4685,24.3087],[67.4679,24.3154],[67.4699,24.3201],[67.4812,24.3182],[67.4871,24.3193],[67.5004,24.3326],[67.5121,24.3388],[67.5151,24.3376],[67.5171,24.3329],[67.5201,24.331],[67.5232,24.3304],[67.5268,24.3326],[67.5293,24.3312],[67.5265,24.3168],[67.5199,24.3126],[67.5246,24.3063],[67.5271,24.2996],[67.5182,24.284],[67.519,24.2829],[67.5285,24.3001],[67.5243,24.309],[67.5215,24.311],[67.5221,24.3135],[67.5268,24.3157],[67.5282,24.3193],[67.5346,24.3137],[67.5379,24.3154],[67.5349,24.3151],[67.529,24.3207],[67.5304,24.3324],[67.526,24.3351],[67.5229,24.3399],[67.5182,24.3385],[67.5185,24.3457],[67.5137,24.3482],[67.5099,24.3612],[67.5146,24.3649],[67.519,24.3651],[67.5321,24.3713],[67.5229,24.369],[67.5185,24.3662],[67.5129,24.3657],[67.5093,24.3626],[67.5085,24.3596],[67.5107,24.3546],[67.511,24.349],[67.5004,24.3432],[67.4957,24.3354],[67.4829,24.3243],[67.4726,24.3251],[67.4632,24.3318],[67.4587,24.3329],[67.4571,24.3379],[67.4632,24.3407],[67.4651,24.3449],[67.4574,24.3388],[67.4526,24.3404],[67.4485,24.3404],[67.4463,24.3388],[67.4451,24.346],[67.4499,24.3538],[67.4443,24.346],[67.4454,24.3376],[67.4399,24.3215],[67.4351,24.319],[67.4324,24.3246],[67.4243,24.326],[67.4243,24.3307],[67.4179,24.3385],[67.426,24.3435],[67.4307,24.3487],[67.4343,24.3499],[67.4376,24.3629],[67.4418,24.3632],[67.4465,24.3715],[67.451,24.3724],[67.4551,24.3757],[67.4593,24.374],[67.4565,24.3643],[67.4579,24.3635],[67.4601,24.3726],[67.4668,24.3721],[67.4726,24.3782],[67.4679,24.3913],[67.466,24.3926],[67.4696,24.3971],[67.4718,24.3963],[67.4701,24.4001],[67.4668,24.4029],[67.4671,24.4049],[67.4726,24.4076],[67.4701,24.4146],[67.4749,24.4138],[67.4718,24.4168],[67.4721,24.4226],[67.4688,24.4268],[67.4643,24.4282],[67.4501,24.4257],[67.4446,24.4299],[67.436,24.4313],[67.4324,24.4376],[67.4287,24.439],[67.4246,24.4396],[67.4129,24.4354],[67.4082,24.4357],[67.4093,24.4393],[67.4154,24.4457],[67.4151,24.4476],[67.4068,24.4504],[67.4029,24.4543],[67.3951,24.4557],[67.3835,24.4629],[67.3793,24.4685],[67.3749,24.4713],[67.3688,24.466],[67.3624,24.4665],[67.3507,24.4629],[67.346,24.4604],[67.3454,24.4574],[67.3412,24.4546],[67.3388,24.4543],[67.3354,24.4574],[67.3313,24.4585],[67.3299,24.4601],[67.3321,24.4621],[67.3326,24.4674],[67.3276,24.4768],[67.3279,24.4799],[67.331,24.4826],[67.3343,24.4732],[67.3396,24.4685],[67.3521,24.474],[67.3515,24.4799],[67.3551,24.4818],[67.3596,24.489],[67.3568,24.5001],[67.3654,24.5085],[67.3685,24.5143],[67.371,24.5254],[67.3746,24.5304],[67.3785,24.5318],[67.3782,24.5371],[67.3807,24.5379],[67.3776,24.539],[67.3763,24.5376],[67.3774,24.5338],[67.3701,24.5279],[67.3618,24.5365],[67.3593,24.5385],[67.3568,24.5379],[67.354,24.5424],[67.3438,24.5485],[67.3404,24.5482],[67.3363,24.5451],[67.3279,24.5451],[67.3118,24.5535],[67.3015,24.5546],[67.301,24.5557],[67.3063,24.5601],[67.3065,24.5629],[67.2971,24.5757],[67.3026,24.5826],[67.3104,24.5729],[67.3129,24.571],[67.3157,24.5715],[67.3201,24.5765],[67.3226,24.5888],[67.3254,24.5885],[67.3271,24.586],[67.3313,24.5868],[67.3329,24.5857],[67.3404,24.5882],[67.3493,24.5807],[67.3554,24.5815],[67.3549,24.5829],[67.3496,24.5818],[67.3443,24.5874],[67.3399,24.5896],[67.3418,24.599],[67.3407,24.6101],[67.3435,24.6126],[67.3504,24.6121],[67.3504,24.6165],[67.3526,24.6168],[67.3576,24.6046],[67.3518,24.6001],[67.3574,24.6035],[67.3593,24.6021],[67.3601,24.6035],[67.3643,24.6021],[67.3726,24.6029],[67.3737,24.6013],[67.3829,24.604],[67.3835,24.6065],[67.3779,24.6082],[67.3737,24.6115],[67.3771,24.6179],[67.3771,24.629],[67.3785,24.6318],[67.3899,24.6307],[67.4004,24.6338],[67.4013,24.6318],[67.4051,24.6315],[67.4129,24.6399],[67.424,24.6351],[67.4349,24.6363],[67.4393,24.6351],[67.4446,24.639],[67.4457,24.6421],[67.4426,24.6468],[67.4382,24.6485],[67.4307,24.6629],[67.421,24.6668],[67.4171,24.6732],[67.4185,24.6754],[67.4335,24.6774],[67.4374,24.681],[67.4362,24.6868],[67.429,24.6968],[67.4238,24.7021],[67.4176,24.704],[67.4115,24.7043],[67.4001,24.6985],[67.396,24.701],[67.389,24.7001],[67.3874,24.7021],[67.3932,24.7129],[67.4074,24.711],[67.4115,24.7129],[67.4179,24.711],[67.4196,24.7124],[67.4179,24.7138],[67.4143,24.7132],[67.4132,24.7154],[67.4096,24.7132],[67.4026,24.7129],[67.3974,24.7146],[67.3876,24.7146],[67.3807,24.7107],[67.3788,24.7157],[67.3835,24.7249],[67.3851,24.7254],[67.3885,24.7229],[67.3926,24.724],[67.3876,24.724],[67.3835,24.7274],[67.3821,24.7307],[67.3829,24.734],[67.3913,24.7368],[67.4074,24.7363],[67.4124,24.7468],[67.4235,24.7426],[67.4235,24.7474],[67.4279,24.7532],[67.4318,24.7657],[67.4282,24.7713],[67.4243,24.7665],[67.419,24.7676],[67.4146,24.7704],[67.4107,24.7771],[67.4074,24.7796],[67.3999,24.7785],[67.3943,24.7743],[67.3924,24.7754],[67.386,24.7732],[67.3804,24.7815],[67.3735,24.7826],[67.369,24.781],[67.3607,24.774],[67.356,24.774],[67.3524,24.7763],[67.3476,24.7751],[67.3468,24.7768],[67.3431,24.7774],[67.3376,24.7701],[67.3282,24.7643],[67.3199,24.7732],[67.3215,24.7766],[67.3215,24.7829],[67.3201,24.7829],[67.321,24.7796],[67.3199,24.7785],[67.3165,24.7779],[67.3132,24.7799],[67.3076,24.7763],[67.3049,24.7768],[67.3043,24.7782],[67.3082,24.7776],[67.3121,24.7801],[67.3118,24.7851],[67.2971,24.7835],[67.2949,24.7899],[67.2949,24.7965],[67.2921,24.799],[67.2913,24.7985],[67.294,24.7965],[67.2946,24.7832],[67.2868,24.7832],[67.2857,24.7854],[67.2774,24.7899],[67.2646,24.7904],[67.2604,24.7921],[67.2474,24.7849],[67.2435,24.7843],[67.2421,24.7862],[67.2429,24.7893],[67.2387,24.7907],[67.236,24.7885],[67.2285,24.789],[67.2207,24.7951],[67.2171,24.8001],[67.2149,24.8007],[67.2151,24.804],[67.2135,24.8035],[67.2126,24.8051],[67.2165,24.8107],[67.2143,24.8129],[67.2118,24.8115],[67.2029,24.8132],[67.2001,24.811],[67.2001,24.8082],[67.2057,24.8074],[67.204,24.8004],[67.2012,24.8001],[67.2004,24.7982],[67.2007,24.8046],[67.1968,24.8051],[67.194,24.8032],[67.1888,24.8065],[67.18340949033393,24.806000878734622],[67.1829,24.80487999999999],[67.1829,24.8046]],[[67.9938,23.7638],[68.0004,23.7593],[68.0004,23.7576],[67.9918,23.7571],[67.9912,23.7599],[67.9938,23.7624],[67.9896,23.7621],[67.9899,23.7646],[67.9907,23.7629],[67.9938,23.7638]],[[68.074,23.7049],[68.0726,23.7046],[68.0724,23.706],[68.0749,23.7054],[68.0768,23.7076],[68.0751,23.7049],[68.074,23.7049]],[[68.1093,23.7113],[68.1076,23.7101],[68.1049,23.7124],[68.1087,23.7124],[68.1093,23.7113]],[[68.0918,23.7062],[68.0874,23.7051],[68.0876,23.7029],[68.0843,23.7057],[68.0929,23.7076],[68.0918,23.7062]],[[68.1021,23.7107],[68.0968,23.7079],[68.0976,23.7054],[68.0935,23.7062],[68.0943,23.7076],[68.0929,23.709],[68.1004,23.7118],[68.1038,23.7104],[68.1021,23.7107]],[[67.9396,23.7763],[67.9401,23.7735],[67.9393,23.7732],[67.9371,23.7776],[67.9396,23.7763]],[[67.9415,23.7704],[67.9404,23.7699],[67.9396,23.7718],[67.941,23.7724],[67.9415,23.7704]],[[68.1856,23.8379],[68.1879,23.8351],[68.1899,23.8101],[68.1946,23.7932],[68.1929,23.7776],[68.1879,23.769],[68.1804,23.7624],[68.1676,23.7443],[68.169,23.7401],[68.1663,23.7399],[68.1646,23.7376],[68.1643,23.7304],[68.1529,23.729],[68.1421,23.734],[68.1474,23.7299],[68.1529,23.7282],[68.1596,23.7282],[68.1615,23.7221],[68.1554,23.7118],[68.1582,23.7076],[68.149,23.7046],[68.1335,23.7068],[68.1312,23.7088],[68.1324,23.7126],[68.1299,23.7132],[68.1293,23.7174],[68.1268,23.7138],[68.1224,23.7154],[68.1201,23.7218],[68.114,23.7204],[68.1107,23.7218],[68.1104,23.7265],[68.1062,23.7293],[68.1085,23.7326],[68.1062,23.7326],[68.1051,23.7301],[68.1076,23.7268],[68.1082,23.7226],[68.1054,23.7204],[68.1024,23.7207],[68.1049,23.7196],[68.1096,23.7204],[68.1082,23.7171],[68.0976,23.7171],[68.0949,23.7154],[68.0985,23.7146],[68.089,23.7132],[68.0885,23.711],[68.0851,23.7104],[68.079,23.7126],[68.0785,23.7201],[68.0751,23.7168],[68.0729,23.7204],[68.0701,23.7215],[68.0693,23.7207],[68.071,23.721],[68.0726,23.7179],[68.0718,23.7118],[68.0732,23.7085],[68.071,23.7065],[68.0649,23.7082],[68.066,23.7107],[68.0621,23.7121],[68.0596,23.7185],[68.0612,23.7207],[68.0593,23.7207],[68.0596,23.7226],[68.0574,23.7226],[68.0554,23.7263],[68.0554,23.7279],[68.059,23.7299],[68.0557,23.7315],[68.0557,23.7332],[68.061,23.7371],[68.0615,23.7357],[68.0646,23.7368],[68.066,23.7421],[68.0649,23.746],[68.0685,23.7496],[68.0771,23.7485],[68.0779,23.7507],[68.0804,23.7499],[68.0854,23.7512],[68.0876,23.754],[68.0874,23.7593],[68.0921,23.7724],[68.0957,23.774],[68.0946,23.7751],[68.091,23.7735],[68.0868,23.7615],[68.084,23.7601],[68.084,23.7562],[68.0785,23.7599],[68.0793,23.7626],[68.0776,23.7626],[68.0776,23.7643],[68.0807,23.7649],[68.0782,23.766],[68.0785,23.7732],[68.0801,23.7751],[68.0813,23.7732],[68.0837,23.774],[68.0829,23.776],[68.081,23.776],[68.0821,23.7774],[68.0801,23.779],[68.0813,23.7832],[68.0801,23.7882],[68.0821,23.7921],[68.0813,23.7935],[68.084,23.7957],[68.0835,23.7993],[68.0851,23.801],[68.0854,23.8054],[68.096,23.806],[68.1263,23.7949],[68.126,23.7965],[68.1207,23.799],[68.0954,23.8079],[68.0938,23.8093],[68.094,23.8118],[68.0987,23.8182],[68.1124,23.826],[68.1201,23.8257],[68.1338,23.8282],[68.1379,23.8263],[68.1424,23.8285],[68.1554,23.8282],[68.1726,23.8318],[68.1776,23.8371],[68.1829,23.839],[68.1856,23.8379]],[[67.7665,23.8243],[67.7674,23.8221],[67.7674,23.8213],[67.7643,23.8249],[67.7665,23.8243]],[[67.7615,23.8265],[67.7621,23.8249],[67.7599,23.8282],[67.7607,23.8279],[67.7615,23.8265]],[[67.6485,23.836],[67.6476,23.8335],[67.6432,23.8338],[67.6435,23.8368],[67.6474,23.841],[67.6485,23.836]],[[64.0938,25.3226],[64.0957,25.3229],[64.096,25.3224],[64.0921,25.3221],[64.0938,25.3226]],[[64.1035,25.3254],[64.1007,25.3251],[64.0999,25.3235],[64.0968,25.3229],[64.0999,25.326],[64.1035,25.3254]],[[64.0865,25.3321],[64.0854,25.326],[64.0876,25.3221],[64.0849,25.3235],[64.0837,25.3279],[64.0849,25.3324],[64.0865,25.3321]],[[64.1396,25.3996],[64.1407,25.3985],[64.1387,25.3971],[64.1363,25.4001],[64.1396,25.3996]],[[66.5704,25.4257],[66.571,25.4215],[66.5674,25.4199],[66.5687,25.4212],[66.5685,25.426],[66.5704,25.4257]],[[66.5593,25.4343],[66.5615,25.4315],[66.5651,25.4304],[66.5682,25.4271],[66.5676,25.4254],[66.5565,25.4321],[66.5576,25.4349],[66.5593,25.4343]],[[66.3651,25.546],[66.3637,25.5443],[66.361,25.544],[66.3637,25.5468],[66.3651,25.546]],[[66.2646,25.5704],[66.266,25.5674],[66.2635,25.5665],[66.2632,25.571],[66.2646,25.5704]],[[66.3701,25.5876],[66.3724,25.5851],[66.3721,25.5846],[66.3688,25.5857],[66.3688,25.5879],[66.3701,25.5876]],[[66.9724,24.806],[66.9718,24.8057],[66.971,24.8071],[66.9726,24.8071],[66.9724,24.806]],[[66.9704,24.8121],[66.9715,24.8101],[66.9713,24.809],[66.9699,24.8099],[66.9699,24.8143],[66.9704,24.8121]],[[66.9693,24.8193],[66.9693,24.8171],[66.9688,24.8168],[66.9682,24.8204],[66.9693,24.8193]],[[66.9574,24.8351],[66.9579,24.8335],[66.956,24.8351],[66.9565,24.8332],[66.9549,24.8329],[66.956,24.8357],[66.9574,24.8351]],[[66.9526,24.8371],[66.9538,24.834],[66.9532,24.8326],[66.951,24.834],[66.9507,24.8363],[66.9512,24.8379],[66.9526,24.8371]],[[66.9504,24.836],[66.9507,24.8338],[66.9501,24.8338],[66.9496,24.8371],[66.9504,24.836]],[[66.9468,24.8382],[66.9454,24.8374],[66.9446,24.8385],[66.9468,24.839],[66.9468,24.8382]],[[66.9251,24.8526],[66.9293,24.8515],[66.9257,24.8485],[66.9251,24.844],[66.9226,24.8415],[66.9174,24.8404],[66.9157,24.8449],[66.919,24.8474],[66.9224,24.8532],[66.9251,24.8526]],[[66.606,24.9021],[66.6101,24.8957],[66.6085,24.891],[66.606,24.8915],[66.6026,24.896],[66.5976,24.8976],[66.6013,24.8993],[66.6021,24.9018],[66.606,24.9021]],[[63.8557,25.1268],[63.8649,25.1262],[63.8665,25.1249],[63.8524,25.1179],[63.8368,25.1182],[63.8332,25.1162],[63.826,25.1176],[63.8276,25.1218],[63.8321,25.1196],[63.8438,25.1262],[63.8557,25.1268]],[[61.7421,25.136],[61.7401,25.1329],[61.7404,25.1385],[61.7432,25.1399],[61.7421,25.136]],[[66.9437,24.8426],[66.9451,24.8418],[66.944,24.8396],[66.9385,24.8424],[66.9437,24.8426]],[[66.9379,24.8435],[66.9374,24.8418],[66.9362,24.8421],[66.9385,24.8451],[66.9379,24.8435]],[[67.4382,23.9699],[67.4385,23.9688],[67.4371,23.969],[67.4368,23.9715],[67.4382,23.9699]],[[68.5518,23.9704],[68.5504,23.9701],[68.5485,23.9729],[68.5524,23.9735],[68.5529,23.9707],[68.5518,23.9704]],[[67.5512,23.9079],[67.5521,23.9057],[67.5518,23.9043],[67.5499,23.9076],[67.5507,23.9096],[67.5521,23.9093],[67.5512,23.9079]],[[67.559,23.9007],[67.5604,23.8996],[67.5601,23.8976],[67.5571,23.8996],[67.5565,23.9018],[67.559,23.9007]],[[67.556,23.9024],[67.5537,23.9024],[67.5532,23.9037],[67.5565,23.9035],[67.556,23.9024]],[[67.5551,23.9071],[67.5563,23.9043],[67.5543,23.9037],[67.5521,23.9074],[67.5551,23.9071]],[[67.554,23.9518],[67.5593,23.944],[67.564,23.9404],[67.5904,23.9351],[67.5871,23.9279],[67.579,23.919],[67.579,23.8988],[67.5762,23.8937],[67.5779,23.889],[67.5757,23.8876],[67.5762,23.8901],[67.5735,23.8924],[67.5715,23.8918],[67.5738,23.8888],[67.574,23.8846],[67.5676,23.8863],[67.5668,23.8896],[67.5612,23.8949],[67.5632,23.8951],[67.5665,23.8926],[67.5621,23.9013],[67.5687,23.906],[67.5668,23.9076],[67.564,23.9063],[67.5618,23.9088],[67.5626,23.9135],[67.5568,23.9121],[67.5565,23.9135],[67.5596,23.9154],[67.5579,23.9176],[67.5493,23.9168],[67.5454,23.9221],[67.5437,23.9199],[67.5457,23.9204],[67.5471,23.9151],[67.5429,23.9182],[67.5368,23.9129],[67.5343,23.9085],[67.531,23.9071],[67.5301,23.9082],[67.5326,23.9157],[67.5313,23.9224],[67.5335,23.9207],[67.5357,23.9285],[67.5449,23.9363],[67.5471,23.9513],[67.5496,23.9529],[67.554,23.9518]],[[67.8321,23.8907],[67.8326,23.8863],[67.8307,23.8832],[67.8274,23.8863],[67.8268,23.8915],[67.8307,23.8929],[67.8321,23.8907]],[[67.636,23.8771],[67.6365,23.8751],[67.6343,23.8724],[67.634,23.8801],[67.636,23.8771]],[[67.694,23.8871],[67.6985,23.8788],[67.7026,23.8751],[67.7021,23.8693],[67.7087,23.8532],[67.7093,23.8474],[67.7188,23.831],[67.721,23.8299],[67.721,23.8257],[67.7237,23.8238],[67.7221,23.821],[67.7276,23.8171],[67.7279,23.814],[67.7268,23.8129],[67.7204,23.814],[67.7207,23.8121],[67.7138,23.8096],[67.696,23.8076],[67.6946,23.8099],[67.6949,23.8154],[67.6926,23.8129],[67.6865,23.8143],[67.6846,23.8179],[67.6846,23.824],[67.6899,23.8315],[67.6921,23.8329],[67.6951,23.8324],[67.6907,23.8376],[67.6899,23.8424],[67.6904,23.8338],[67.6849,23.829],[67.6829,23.819],[67.6799,23.8129],[67.6782,23.8118],[67.6782,23.8137],[67.6757,23.8137],[67.6738,23.8124],[67.6751,23.8085],[67.6793,23.8088],[67.6785,23.8068],[67.6751,23.8065],[67.6685,23.8129],[67.6612,23.8135],[67.6601,23.8176],[67.6576,23.8154],[67.6532,23.8171],[67.6504,23.8226],[67.6529,23.8285],[67.6504,23.8276],[67.649,23.8299],[67.6513,23.8343],[67.6518,23.8418],[67.6568,23.8426],[67.6601,23.8376],[67.6635,23.8379],[67.6668,23.8415],[67.6696,23.8404],[67.6729,23.8451],[67.6726,23.8521],[67.6715,23.8521],[67.6718,23.8457],[67.6704,23.8426],[67.6663,23.8426],[67.6626,23.8388],[67.6607,23.8388],[67.6576,23.8438],[67.6532,23.8465],[67.6518,23.8501],[67.6407,23.8501],[67.6407,23.8549],[67.6446,23.8565],[67.6429,23.8601],[67.6443,23.8643],[67.6479,23.8646],[67.6496,23.8624],[67.6557,23.8637],[67.6535,23.8751],[67.6596,23.8776],[67.6601,23.8796],[67.6704,23.8799],[67.674,23.8824],[67.6782,23.8824],[67.6832,23.8854],[67.6846,23.8879],[67.6929,23.8882],[67.694,23.8871]],[[67.7354,23.8732],[67.7435,23.8651],[67.7396,23.8579],[67.7393,23.8543],[67.7485,23.8476],[67.746,23.8438],[67.7374,23.8401],[67.7318,23.8429],[67.7296,23.846],[67.7226,23.8476],[67.7182,23.8515],[67.7113,23.8679],[67.7082,23.8701],[67.7093,23.8721],[67.7113,23.8721],[67.7237,23.8696],[67.7296,23.8743],[67.7354,23.8732]],[[67.6404,23.9307],[67.6407,23.924],[67.6374,23.9138],[67.6304,23.9015],[67.6274,23.8871],[67.6285,23.8721],[67.6271,23.8721],[67.6265,23.8685],[67.6301,23.8599],[67.6268,23.8626],[67.6229,23.8626],[67.6246,23.8582],[67.6307,23.8535],[67.6304,23.8501],[67.6274,23.8487],[67.6263,23.8507],[67.6215,23.8513],[67.6193,23.8538],[67.6171,23.8515],[67.6162,23.8549],[67.6121,23.8593],[67.611,23.8651],[67.6137,23.8676],[67.619,23.8654],[67.6215,23.8724],[67.6185,23.8762],[67.619,23.8835],[67.6107,23.8865],[67.6087,23.8971],[67.6129,23.9093],[67.6129,23.9188],[67.616,23.9171],[67.6188,23.9179],[67.6201,23.9215],[67.6251,23.9251],[67.6246,23.9301],[67.6257,23.9313],[67.6393,23.9326],[67.6404,23.9307]],[[68.1079,23.966],[68.1076,23.9599],[68.1115,23.9579],[68.1221,23.9471],[68.1224,23.9435],[68.1165,23.9218],[68.1224,23.9154],[68.1226,23.9085],[68.1251,23.904],[68.1237,23.8999],[68.1188,23.8957],[68.119,23.8876],[68.1124,23.8771],[68.1115,23.8582],[68.1149,23.8535],[68.1232,23.8499],[68.1118,23.8479],[68.1118,23.8468],[68.1026,23.8465],[68.096,23.8429],[68.0846,23.8426],[68.0732,23.849],[68.0699,23.8543],[68.0657,23.8565],[68.0629,23.8604],[68.0626,23.8668],[68.0551,23.8782],[68.0565,23.8865],[68.0535,23.8882],[68.0529,23.8935],[68.0593,23.9029],[68.0835,23.9132],[68.0974,23.9226],[68.1018,23.9301],[68.1024,23.9343],[68.1026,23.9463],[68.1004,23.959],[68.1065,23.9676],[68.1079,23.966]],[[67.6749,23.9354],[67.681,23.931],[67.6951,23.9301],[67.7071,23.9199],[67.7101,23.9163],[67.7079,23.9029],[67.7096,23.8921],[67.7138,23.886],[67.7226,23.8826],[67.724,23.8799],[67.7193,23.8779],[67.7101,23.8782],[67.7032,23.8757],[67.6993,23.8788],[67.6957,23.8868],[67.6932,23.8893],[67.6837,23.8885],[67.681,23.8846],[67.6668,23.8807],[67.6615,23.8813],[67.6537,23.8771],[67.6521,23.8743],[67.6537,23.8649],[67.6496,23.8649],[67.6482,23.8696],[67.6438,23.8704],[67.6438,23.8754],[67.646,23.8807],[67.6387,23.8951],[67.641,23.904],[67.6426,23.9082],[67.6515,23.9176],[67.6535,23.929],[67.6554,23.9313],[67.6718,23.9365],[67.6749,23.9354]],[[67.616,23.919],[67.6154,23.9199],[67.6137,23.921],[67.6176,23.921],[67.616,23.919]],[[68.0912,23.9868],[68.094,23.9807],[68.0938,23.9396],[68.0912,23.9343],[68.0676,23.9193],[68.0679,23.9235],[68.0643,23.9329],[68.0585,23.9387],[68.0587,23.9457],[68.0724,23.9621],[68.0788,23.9765],[68.0837,23.9807],[68.0879,23.9876],[68.0912,23.9868]],[[67.4099,24.0046],[67.4121,24.0004],[67.4118,23.9993],[67.4082,24.006],[67.4099,24.0046]],[[67.3446,24.1843],[67.3493,24.1818],[67.364,24.1804],[67.3626,24.1771],[67.3557,24.1726],[67.3549,24.1668],[67.3476,24.1649],[67.344,24.166],[67.3443,24.1643],[67.3421,24.1624],[67.3415,24.1646],[67.3393,24.1649],[67.3349,24.1746],[67.3407,24.1782],[67.3418,24.1857],[67.3446,24.1843]],[[67.3235,24.2268],[67.3251,24.2263],[67.3246,24.2201],[67.3265,24.2199],[67.3271,24.2071],[67.3204,24.2057],[67.3187,24.2065],[67.3185,24.2129],[67.3199,24.2188],[67.3174,24.2213],[67.3185,24.2246],[67.3165,24.2271],[67.3232,24.2293],[67.3235,24.2268]],[[67.3546,24.2337],[67.3593,24.2254],[67.3715,24.2207],[67.3737,24.2185],[67.3732,24.2129],[67.3685,24.2099],[67.3654,24.2049],[67.3646,24.1965],[67.3665,24.1932],[67.3743,24.1899],[67.3788,24.1846],[67.384,24.1846],[67.3899,24.1818],[67.389,24.179],[67.3851,24.1776],[67.3824,24.1729],[67.3729,24.1749],[67.3643,24.1821],[67.3479,24.1838],[67.3463,24.1907],[67.3407,24.194],[67.3368,24.2021],[67.3374,24.2079],[67.336,24.2074],[67.3363,24.2099],[67.3343,24.2118],[67.336,24.2143],[67.3432,24.214],[67.3474,24.2068],[67.3507,24.2051],[67.3457,24.2118],[67.3493,24.2143],[67.3463,24.2204],[67.3463,24.2246],[67.3438,24.219],[67.3399,24.2221],[67.3415,24.2276],[67.344,24.229],[67.3482,24.2279],[67.3471,24.2301],[67.3479,24.2343],[67.3546,24.2337]],[[67.3185,24.2324],[67.3204,24.2315],[67.3204,24.2296],[67.3185,24.2293],[67.3168,24.2335],[67.3185,24.2324]],[[67.4518,24.3346],[67.4668,24.3213],[67.4679,24.3188],[67.4662,24.3118],[67.4671,24.3079],[67.4699,24.3049],[67.4696,24.2996],[67.4624,24.3024],[67.456,24.2993],[67.4499,24.2999],[67.444,24.3057],[67.4371,24.3051],[67.4293,24.3087],[67.4238,24.3093],[67.4151,24.3154],[67.4232,24.3204],[67.4315,24.3146],[67.4393,24.3154],[67.446,24.3207],[67.4482,24.3343],[67.4493,24.3357],[67.4518,24.3346]],[[67.2974,24.326],[67.2946,24.3232],[67.2924,24.3265],[67.2929,24.3279],[67.2982,24.3293],[67.2974,24.326]],[[67.4582,24.2765],[67.4646,24.2729],[67.4676,24.2668],[67.471,24.2643],[67.4779,24.264],[67.4812,24.2679],[67.4826,24.2674],[67.4843,24.2607],[67.489,24.2546],[67.4876,24.2493],[67.4899,24.2421],[67.4893,24.2382],[67.4846,24.2371],[67.4799,24.2404],[67.479,24.2429],[67.4804,24.2474],[67.4782,24.2493],[67.4757,24.249],[67.4726,24.2429],[67.4696,24.2418],[67.4646,24.2429],[67.4649,24.2471],[67.4554,24.2529],[67.4482,24.251],[67.4465,24.2488],[67.4407,24.2504],[67.4362,24.2499],[67.4287,24.2451],[67.441,24.261],[67.4404,24.2685],[67.4354,24.2754],[67.4479,24.2776],[67.4582,24.2765]],[[67.4165,24.2974],[67.4229,24.2893],[67.4296,24.2896],[67.4318,24.2851],[67.4318,24.2815],[67.4299,24.279],[67.4307,24.2735],[67.4365,24.2687],[67.4365,24.2649],[67.4346,24.2576],[67.4301,24.2518],[67.4276,24.2565],[67.4279,24.2643],[67.4168,24.2649],[67.4104,24.2615],[67.4112,24.2693],[67.409,24.2707],[67.4032,24.2701],[67.3982,24.2804],[67.3985,24.2821],[67.4029,24.2843],[67.4096,24.284],[67.4132,24.2888],[67.4129,24.296],[67.4143,24.2988],[67.4165,24.2974]],[[67.3962,24.2815],[67.4001,24.2721],[67.4029,24.269],[67.4101,24.269],[67.4104,24.2607],[67.4168,24.264],[67.4274,24.2632],[67.4265,24.2563],[67.4282,24.2499],[67.4238,24.2404],[67.4254,24.2246],[67.4229,24.2169],[67.4224,24.2324],[67.4207,24.2374],[67.4187,24.2374],[67.4176,24.2393],[67.4037,24.2374],[67.3993,24.2401],[67.3757,24.2401],[67.3618,24.2468],[67.3482,24.2571],[67.3549,24.2707],[67.3651,24.2787],[67.3718,24.2724],[67.3782,24.2707],[67.3843,24.2735],[67.3924,24.2826],[67.3951,24.2829],[67.3962,24.2815]],[[67.3976,24.2935],[67.4032,24.2874],[67.4096,24.2849],[67.4029,24.2851],[67.4001,24.2829],[67.3915,24.2843],[67.3907,24.2899],[67.3951,24.2943],[67.3976,24.2935]],[[67.4713,24.2974],[67.4746,24.2951],[67.4751,24.2932],[67.4704,24.2935],[67.4676,24.2971],[67.4682,24.2985],[67.4713,24.2974]],[[67.3529,24.339],[67.369,24.3365],[67.3843,24.3288],[67.3968,24.3185],[67.4074,24.3137],[67.4126,24.3135],[67.4199,24.3082],[67.4354,24.304],[67.4382,24.2943],[67.4329,24.2915],[67.4224,24.2926],[67.4201,24.2982],[67.4149,24.3004],[67.4121,24.2993],[67.411,24.2962],[67.4112,24.289],[67.4071,24.2868],[67.4007,24.2913],[67.399,24.2962],[67.396,24.2968],[67.3882,24.2888],[67.3885,24.281],[67.376,24.2738],[67.3688,24.2804],[67.3701,24.2846],[67.3696,24.2899],[67.3674,24.281],[67.3607,24.2799],[67.3557,24.2763],[67.351,24.2713],[67.3451,24.2604],[67.3368,24.2521],[67.3335,24.2521],[67.3332,24.2501],[67.3301,24.2512],[67.3299,24.2485],[67.3226,24.251],[67.3174,24.251],[67.3168,24.254],[67.3112,24.2576],[67.3087,24.2613],[67.3087,24.2654],[67.3063,24.2668],[67.3046,24.2704],[67.3043,24.2757],[67.2996,24.2818],[67.3026,24.2915],[67.3021,24.294],[67.309,24.2988],[67.3107,24.3018],[67.3085,24.3057],[67.3096,24.3093],[67.3076,24.3065],[67.3093,24.3015],[67.3076,24.299],[67.3037,24.2979],[67.3004,24.3007],[67.3004,24.2985],[67.2965,24.2962],[67.2976,24.2988],[67.2965,24.3026],[67.3018,24.3037],[67.3024,24.3099],[67.3076,24.3124],[67.3126,24.3126],[67.3193,24.3171],[67.3196,24.3193],[67.3226,24.3188],[67.3218,24.3224],[67.3196,24.3215],[67.3185,24.3235],[67.3115,24.3237],[67.3112,24.3274],[67.316,24.326],[67.3143,24.3276],[67.3154,24.3307],[67.3321,24.3346],[67.3363,24.3385],[67.341,24.3399],[67.3443,24.339],[67.3432,24.3285],[67.3468,24.326],[67.3524,24.3268],[67.3535,24.3276],[67.346,24.3271],[67.344,24.3318],[67.3457,24.3393],[67.351,24.3401],[67.3529,24.339]],[[67.4365,24.1363],[67.4365,24.136],[67.4335,24.1354],[67.4374,24.1376],[67.4365,24.1363]],[[67.4424,24.1457],[67.4413,24.1435],[67.4401,24.1429],[67.4407,24.1457],[67.4429,24.1474],[67.4424,24.1457]],[[67.4232,24.1576],[67.4282,24.1496],[67.431,24.1479],[67.434,24.1485],[67.4374,24.154],[67.4443,24.1529],[67.4376,24.146],[67.4374,24.1404],[67.4321,24.1393],[67.4201,24.1493],[67.4171,24.1537],[67.4168,24.1571],[67.4215,24.1588],[67.4232,24.1576]],[[67.3501,24.1615],[67.3513,24.1596],[67.349,24.1576],[67.3521,24.1579],[67.3518,24.1535],[67.3504,24.1524],[67.3479,24.1532],[67.3454,24.1574],[67.3465,24.1621],[67.3501,24.1615]],[[67.3871,24.1274],[67.3954,24.1232],[67.4074,24.124],[67.4104,24.1226],[67.4154,24.1262],[67.4245,24.1276],[67.4265,24.1251],[67.426,24.119],[67.429,24.1157],[67.4279,24.1079],[67.4296,24.0979],[67.4287,24.094],[67.4163,24.0935],[67.4079,24.0901],[67.4057,24.0882],[67.4046,24.0838],[67.4018,24.0821],[67.4021,24.0776],[67.4004,24.076],[67.3962,24.0774],[67.3899,24.0768],[67.386,24.0807],[67.3826,24.0807],[67.3812,24.0871],[67.3863,24.0901],[67.3865,24.0932],[67.3832,24.0901],[67.3801,24.0918],[67.3763,24.0907],[67.3771,24.099],[67.379,24.1018],[67.3788,24.1085],[67.3771,24.1113],[67.3757,24.1101],[67.3737,24.1151],[67.3746,24.1168],[67.3704,24.1188],[67.3679,24.1246],[67.3704,24.1282],[67.3851,24.1285],[67.3871,24.1274]],[[67.4404,24.1346],[67.4424,24.1285],[67.446,24.124],[67.4454,24.121],[67.4426,24.1193],[67.4285,24.1182],[67.4274,24.1276],[67.4351,24.1349],[67.4393,24.1365],[67.4404,24.1346]],[[67.3982,24.186],[67.4115,24.1838],[67.4143,24.1796],[67.4212,24.1629],[67.421,24.161],[67.4174,24.1604],[67.4149,24.1576],[67.4151,24.1526],[67.4212,24.1437],[67.4301,24.1379],[67.426,24.131],[67.4129,24.1313],[67.401,24.1279],[67.3971,24.1282],[67.3904,24.131],[67.3901,24.1324],[67.3929,24.1349],[67.3985,24.1346],[67.3996,24.1376],[67.4032,24.1401],[67.401,24.144],[67.404,24.1457],[67.4037,24.1482],[67.4021,24.1463],[67.3979,24.1457],[67.4007,24.1415],[67.3985,24.1371],[67.3962,24.1354],[67.3918,24.1357],[67.3876,24.1318],[67.3815,24.136],[67.3743,24.1376],[67.3743,24.1407],[67.3715,24.1415],[67.3735,24.1437],[67.3732,24.1463],[67.3674,24.1463],[67.3662,24.1482],[67.3629,24.1482],[67.3624,24.1526],[67.3596,24.1526],[67.3554,24.1554],[67.3529,24.1612],[67.3554,24.1651],[67.3571,24.1651],[67.364,24.1574],[67.3671,24.1588],[67.3668,24.1643],[67.3654,24.1626],[67.3662,24.1588],[67.3646,24.1582],[67.3613,24.1629],[67.3554,24.1668],[67.356,24.1715],[67.3587,24.1743],[67.3637,24.1768],[67.3662,24.1699],[67.3685,24.1696],[67.366,24.1738],[67.3668,24.1771],[67.3685,24.1776],[67.3718,24.174],[67.3826,24.1721],[67.386,24.1768],[67.3915,24.1793],[67.3899,24.1838],[67.3849,24.186],[67.3882,24.1871],[67.3982,24.186]],[[67.7182,24.0124],[67.7204,23.996],[67.7251,23.991],[67.7321,23.9874],[67.7307,23.986],[67.7199,23.9851],[67.7107,23.9799],[67.7096,23.9749],[67.7132,23.9688],[67.7129,23.9651],[67.7001,23.9499],[67.6935,23.9385],[67.6907,23.9363],[67.6843,23.9432],[67.6749,23.9446],[67.6496,23.9382],[67.6571,23.9424],[67.6607,23.9424],[67.671,23.9493],[67.6774,23.959],[67.6762,23.971],[67.6646,23.9757],[67.659,23.9799],[67.656,23.9912],[67.6612,23.9985],[67.666,23.9976],[67.6721,23.994],[67.6757,23.9946],[67.6779,23.9921],[67.6807,23.9949],[67.6815,24.0015],[67.6968,24.0063],[67.6996,24.0093],[67.7065,24.0071],[67.7079,24.0082],[67.7076,24.0121],[67.7096,24.0138],[67.7168,24.0149],[67.7182,24.0124]],[[67.9971,24.016],[68.0201,24.0074],[68.0254,24.0004],[68.0171,23.974],[68.016,23.9688],[68.0171,23.9662],[68.0126,23.9524],[68.0101,23.9351],[68.0068,23.9351],[68.0026,23.9404],[68.0021,23.9396],[68.0062,23.9346],[68.0113,23.9326],[68.0118,23.9279],[68.0165,23.9212],[68.0376,23.904],[68.0376,23.8963],[68.0346,23.8876],[68.0365,23.8863],[68.0343,23.8829],[68.0324,23.8679],[68.0382,23.8501],[68.0462,23.8324],[68.0449,23.8299],[68.0468,23.8279],[68.0432,23.8221],[68.0426,23.8124],[68.044,23.8049],[68.0418,23.7954],[68.036,23.7874],[68.0315,23.7871],[68.0346,23.7815],[68.0338,23.7776],[68.0263,23.7729],[68.0143,23.7713],[68.014,23.7701],[68.0071,23.776],[68.0054,23.7757],[68.0065,23.7738],[68.0051,23.7732],[68.0038,23.7757],[68.0054,23.7774],[68.0049,23.779],[68.0018,23.7779],[68.001,23.7804],[68.0035,23.7807],[67.9996,23.7854],[67.9962,23.7865],[68.0004,23.791],[67.9996,23.7949],[67.9982,23.7921],[67.994,23.7935],[67.9921,23.7885],[67.989,23.7871],[67.986,23.7826],[67.9863,23.7807],[67.989,23.7801],[67.9901,23.7765],[67.9851,23.7757],[67.9815,23.7774],[67.9812,23.7721],[67.9763,23.7749],[67.9699,23.7715],[67.9688,23.7743],[67.966,23.774],[67.9629,23.7774],[67.961,23.7818],[67.9563,23.7821],[67.9565,23.7843],[67.9524,23.7824],[67.9512,23.7843],[67.9529,23.7899],[67.9504,23.7924],[67.9468,23.7918],[67.9463,23.7871],[67.9449,23.7868],[67.9446,23.7896],[67.9429,23.7899],[67.9443,23.7854],[67.944,23.784],[67.9421,23.7849],[67.9432,23.7818],[67.9471,23.7801],[67.9418,23.7799],[67.9385,23.7874],[67.9415,23.7979],[67.9449,23.7962],[67.9479,23.8001],[67.9549,23.8037],[67.9554,23.8076],[67.9579,23.8099],[67.9613,23.8096],[67.9643,23.8132],[67.9615,23.8221],[67.9563,23.8282],[67.9532,23.8365],[67.9449,23.8424],[67.9354,23.8418],[67.9304,23.8357],[67.9304,23.8335],[67.9262,23.8338],[67.9179,23.839],[67.9018,23.8551],[67.9001,23.859],[67.8751,23.8785],[67.8688,23.8874],[67.8637,23.9024],[67.8671,23.9121],[67.8699,23.9151],[67.8721,23.9154],[67.8712,23.9165],[67.8674,23.9146],[67.8712,23.9199],[67.8746,23.9215],[67.8793,23.9365],[67.8982,23.9474],[67.9082,23.9574],[67.9132,23.9668],[67.9138,23.9713],[67.9179,23.9732],[67.9165,23.9771],[67.9182,23.9799],[67.9337,23.9837],[67.9482,23.9832],[67.9554,23.9879],[67.9601,23.9932],[67.9635,24.0004],[67.9626,24.0071],[67.9638,24.0085],[67.9757,24.011],[67.9912,24.0168],[67.9971,24.016]],[[67.8507,24.0865],[67.8565,24.0815],[67.8632,24.0801],[67.8712,24.076],[67.8685,24.0699],[67.8674,24.059],[67.8715,24.0543],[67.8704,24.0446],[67.8726,24.0332],[67.8796,24.0218],[67.8671,24.0157],[67.8626,24.0113],[67.861,24.0049],[67.864,23.9982],[67.8635,23.9949],[67.8651,23.9926],[67.8737,23.9896],[67.8971,23.9837],[67.9007,23.981],[67.9018,23.9751],[67.874,23.9571],[67.8682,23.9518],[67.8613,23.9413],[67.8565,23.9363],[67.8526,23.9346],[67.8451,23.9238],[67.8385,23.9179],[67.8313,23.8979],[67.826,23.9021],[67.8279,23.9076],[67.8276,23.9118],[67.8307,23.916],[67.8293,23.9171],[67.8254,23.9163],[67.824,23.9188],[67.8251,23.9154],[67.8296,23.9154],[67.8257,23.9132],[67.8271,23.9076],[67.8251,23.9018],[67.8307,23.8949],[67.826,23.8915],[67.8262,23.8857],[67.8299,23.8807],[67.8332,23.879],[67.8315,23.874],[67.8332,23.8713],[67.8304,23.871],[67.8293,23.8637],[67.8262,23.8576],[67.826,23.8524],[67.8279,23.851],[67.8262,23.8493],[67.8282,23.8465],[67.8321,23.8471],[67.8346,23.841],[67.8337,23.8374],[67.8288,23.8335],[67.8249,23.8226],[67.8229,23.8226],[67.8243,23.8213],[67.8218,23.8213],[67.8199,23.8179],[67.8182,23.819],[67.8129,23.8179],[67.8115,23.8157],[67.7971,23.8146],[67.7957,23.8174],[67.7968,23.8201],[67.7946,23.821],[67.794,23.8246],[67.7921,23.8226],[67.7818,23.8226],[67.7782,23.8207],[67.7818,23.8149],[67.7779,23.8129],[67.7754,23.8149],[67.7771,23.819],[67.7746,23.821],[67.7768,23.8251],[67.7682,23.8318],[67.7696,23.834],[67.7624,23.8351],[67.7626,23.8382],[67.7549,23.8382],[67.7543,23.8463],[67.751,23.8493],[67.754,23.8513],[67.7621,23.8482],[67.769,23.8524],[67.7618,23.8493],[67.7543,23.8524],[67.7493,23.8499],[67.741,23.8554],[67.7449,23.8629],[67.7443,23.8668],[67.7418,23.8699],[67.7468,23.8715],[67.7487,23.8704],[67.7501,23.8724],[67.744,23.8751],[67.7449,23.8796],[67.7435,23.8815],[67.7424,23.8768],[67.7438,23.8718],[67.7404,23.8704],[67.7371,23.8743],[67.7329,23.8762],[67.734,23.881],[67.7296,23.8896],[67.7226,23.8929],[67.7129,23.9007],[67.7149,23.9101],[67.7129,23.9185],[67.7107,23.9185],[67.7096,23.9212],[67.7021,23.926],[67.6968,23.9315],[67.6971,23.9332],[67.6996,23.9354],[67.704,23.9468],[67.7154,23.9626],[67.7182,23.9643],[67.729,23.9549],[67.7337,23.954],[67.7176,23.966],[67.7179,23.9715],[67.7262,23.9732],[67.7326,23.9801],[67.7471,23.9754],[67.7521,23.9754],[67.7613,23.9804],[67.7596,23.986],[67.7526,23.9882],[67.7579,23.9965],[67.7588,24.0038],[67.7654,24.0129],[67.766,24.0163],[67.7618,24.0199],[67.7418,24.0221],[67.7365,24.0385],[67.7385,24.0513],[67.7485,24.0654],[67.7529,24.0801],[67.7554,24.081],[67.7626,24.076],[67.7685,24.0768],[67.7743,24.0751],[67.7854,24.0613],[67.7929,24.059],[67.809,24.0688],[67.8293,24.071],[67.8379,24.0738],[67.8424,24.0779],[67.844,24.0865],[67.8457,24.0876],[67.8507,24.0865]],[[68.0529,24.0201],[68.0576,24.0149],[68.0751,24.0096],[68.0857,23.9971],[68.0863,23.994],[68.0837,23.9876],[68.0715,23.9724],[68.069,23.9638],[68.0576,23.9521],[68.0546,23.9454],[68.0546,23.9396],[68.0629,23.9249],[68.0629,23.921],[68.0493,23.9115],[68.0457,23.9107],[68.0413,23.9163],[68.0193,23.9315],[68.0182,23.9421],[68.0229,23.9568],[68.0249,23.974],[68.031,23.9876],[68.0368,24.0079],[68.0399,24.0115],[68.0449,24.0113],[68.0471,24.0132],[68.0474,24.0168],[68.0449,24.0193],[68.046,24.0207],[68.0529,24.0201]],[[67.6787,24.0857],[67.6843,24.0782],[67.6904,24.0557],[67.6971,24.0471],[67.7074,24.039],[67.7162,24.0376],[67.7204,24.0393],[67.7293,24.0526],[67.7315,24.0599],[67.7351,24.0615],[67.7387,24.0599],[67.7337,24.0396],[67.7376,24.0257],[67.7335,24.0226],[67.7285,24.0257],[67.7246,24.0254],[67.7188,24.0218],[67.7179,24.016],[67.7082,24.0143],[67.7065,24.0124],[67.7068,24.0085],[67.6993,24.0104],[67.6954,24.0065],[67.6813,24.0026],[67.6785,23.9943],[67.671,23.9954],[67.6638,23.9993],[67.6607,23.9993],[67.6582,23.9971],[67.6543,23.9907],[67.656,23.9804],[67.6529,23.9804],[67.6493,23.9837],[67.6488,23.9832],[67.6526,23.9796],[67.656,23.9793],[67.6751,23.9685],[67.6757,23.9657],[67.6735,23.9604],[67.6699,23.9549],[67.666,23.9576],[67.6671,23.9524],[67.6651,23.9496],[67.6449,23.9407],[67.6404,23.9346],[67.6232,23.9315],[67.6235,23.9257],[67.621,23.9238],[67.6196,23.9235],[67.619,23.9257],[67.6132,23.9296],[67.6179,23.9232],[67.6126,23.9235],[67.6085,23.9204],[67.6101,23.9093],[67.6054,23.8965],[67.6079,23.8824],[67.6054,23.8846],[67.6021,23.8846],[67.5968,23.8815],[67.589,23.8846],[67.5865,23.8901],[67.5832,23.8924],[67.5818,23.8974],[67.5846,23.9004],[67.5824,23.9046],[67.5824,23.9182],[67.5863,23.926],[67.5901,23.9282],[67.5915,23.9351],[67.5893,23.939],[67.5832,23.9401],[67.5829,23.9418],[67.5896,23.9549],[67.6026,23.9674],[67.601,23.9893],[67.6074,24.0038],[67.6082,24.0215],[67.6062,24.0163],[67.6051,23.9996],[67.5987,23.9854],[67.6013,23.971],[67.6004,23.966],[67.5974,23.9624],[67.5851,23.9557],[67.581,23.9499],[67.5782,23.9401],[67.5738,23.9399],[67.5638,23.9435],[67.564,23.9479],[67.561,23.9479],[67.5615,23.9504],[67.5579,23.9562],[67.556,23.9557],[67.5515,23.9582],[67.546,23.9571],[67.5421,23.9524],[67.5429,23.9424],[67.5418,23.9399],[67.539,23.9401],[67.5315,23.9368],[67.529,23.9382],[67.5299,23.9418],[67.5246,23.9415],[67.526,23.9404],[67.5249,23.9387],[67.5274,23.9399],[67.5296,23.934],[67.5335,23.9332],[67.5338,23.9315],[67.5315,23.9299],[67.5296,23.931],[67.5196,23.9254],[67.5151,23.919],[67.5118,23.9193],[67.509,23.9218],[67.5065,23.9188],[67.5057,23.9226],[67.5013,23.9201],[67.4993,23.9238],[67.4962,23.9246],[67.4949,23.9235],[67.4974,23.9201],[67.4954,23.9201],[67.4946,23.9221],[67.491,23.9224],[67.4907,23.9254],[67.4868,23.9243],[67.4879,23.9265],[67.4899,23.9268],[67.4929,23.9354],[67.4924,23.9399],[67.4957,23.9382],[67.4962,23.9404],[67.4987,23.9404],[67.4996,23.9485],[67.4968,23.9513],[67.4987,23.9568],[67.4979,23.9619],[67.499,23.9649],[67.4962,23.9674],[67.5007,23.9682],[67.5074,23.9726],[67.521,23.9704],[67.5254,23.979],[67.5329,23.9807],[67.5374,23.9899],[67.5437,23.9918],[67.5451,23.9935],[67.5374,23.991],[67.5329,23.9818],[67.5249,23.9796],[67.5224,23.9751],[67.5163,23.984],[67.509,23.9899],[67.5154,23.984],[67.5204,23.9762],[67.5168,23.9735],[67.5129,23.9737],[67.506,23.9762],[67.5024,23.976],[67.5001,23.9779],[67.5004,23.991],[67.4951,24.0035],[67.4954,23.9976],[67.4987,23.9915],[67.4974,23.9829],[67.4985,23.9743],[67.4901,23.9743],[67.4885,23.9724],[67.4846,23.9721],[67.4824,23.9732],[67.4846,23.9699],[67.4721,23.9724],[67.4613,23.9715],[67.456,23.9746],[67.4507,23.981],[67.4518,23.9863],[67.4479,23.989],[67.449,23.9951],[67.4643,23.9996],[67.4751,24.0071],[67.4757,24.0238],[67.4954,24.0335],[67.4962,24.0365],[67.5024,24.0435],[67.509,24.0493],[67.5129,24.0501],[67.5124,24.0518],[67.5182,24.0579],[67.526,24.0615],[67.5274,24.0657],[67.5379,24.0718],[67.546,24.0738],[67.5649,24.0735],[67.5879,24.0701],[67.5901,24.0679],[67.5987,24.0688],[67.5996,24.0701],[67.6121,24.0693],[67.6335,24.0643],[67.6387,24.059],[67.646,24.0588],[67.6518,24.0643],[67.6535,24.0771],[67.6582,24.0774],[67.6696,24.086],[67.6771,24.0871],[67.6787,24.0857]],[[67.7307,24.021],[67.7404,24.0213],[67.764,24.0171],[67.7643,24.014],[67.7585,24.0065],[67.7562,23.9968],[67.7515,23.9893],[67.7518,23.9865],[67.7582,23.9846],[67.7599,23.9801],[67.7496,23.9768],[67.7324,23.9813],[67.7265,23.9749],[67.7176,23.9737],[67.7174,23.9807],[67.7301,23.9832],[67.7343,23.9868],[67.7329,23.9912],[67.7265,23.994],[67.7229,23.9979],[67.7218,24.0129],[67.7201,24.0151],[67.7207,24.0199],[67.7229,24.0218],[67.7307,24.021]],[[68.0457,24.0179],[68.0462,24.0135],[68.0449,24.0121],[68.0401,24.0121],[68.0418,24.0185],[68.0457,24.0179]],[[67.8849,24.0721],[67.8974,24.069],[67.9068,24.0646],[67.9282,24.0501],[67.9313,24.046],[67.9365,24.024],[67.9485,24.0046],[67.9518,23.9974],[67.9515,23.9946],[67.9426,23.9935],[67.9368,23.9901],[67.9246,23.9907],[67.9124,23.9854],[67.9065,23.9918],[67.8957,23.996],[67.8701,23.9976],[67.8668,23.9996],[67.8654,24.009],[67.8685,24.011],[67.8785,24.0124],[67.8835,24.0185],[67.8826,24.0246],[67.8757,24.0368],[67.8765,24.0399],[67.8746,24.041],[67.8768,24.0496],[67.8732,24.0554],[67.8763,24.0588],[67.874,24.0582],[67.8726,24.0604],[67.8788,24.0682],[67.8799,24.0732],[67.8849,24.0721]],[[67.4779,24.0354],[67.4804,24.0349],[67.4782,24.0321],[67.4721,24.0287],[67.4701,24.0293],[67.4754,24.0368],[67.4779,24.0354]],[[67.4624,24.0663],[67.4635,24.0629],[67.4651,24.064],[67.4643,24.0565],[67.4682,24.0479],[67.4665,24.0449],[67.4718,24.0462],[67.4726,24.0435],[67.4724,24.0362],[67.4676,24.0263],[67.4682,24.0165],[67.456,24.0101],[67.4543,24.0118],[67.4538,24.0093],[67.4512,24.0096],[67.4454,24.0065],[67.4349,24.006],[67.4329,24.0093],[67.4329,24.0063],[67.4282,24.0054],[67.4285,24.0043],[67.4265,24.0046],[67.4221,24.0015],[67.4182,24.0015],[67.4185,24.0074],[67.4204,24.0082],[67.4179,24.0121],[67.4182,24.0149],[67.4168,24.0121],[67.414,24.0121],[67.4138,24.0099],[67.411,24.0096],[67.4107,24.0065],[67.409,24.0068],[67.4079,24.0104],[67.4124,24.0121],[67.4112,24.0187],[67.4171,24.0224],[67.4182,24.0263],[67.4154,24.0238],[67.4101,24.0251],[67.411,24.0218],[67.4096,24.0215],[67.4099,24.0199],[67.4076,24.0204],[67.4085,24.0249],[67.4054,24.0301],[67.4004,24.0343],[67.4001,24.0326],[67.3976,24.0343],[67.3979,24.0504],[67.4007,24.0499],[67.3996,24.0468],[67.4001,24.046],[67.4068,24.0524],[67.4043,24.0465],[67.401,24.0454],[67.401,24.044],[67.4046,24.0435],[67.4037,24.0413],[67.4063,24.0404],[67.4054,24.0385],[67.4063,24.0368],[67.4104,24.044],[67.414,24.0432],[67.4235,24.0526],[67.4229,24.056],[67.4351,24.0571],[67.444,24.0626],[67.449,24.0621],[67.449,24.0643],[67.4546,24.0671],[67.4624,24.0663]],[[67.4693,24.056],[67.4732,24.0532],[67.4729,24.0501],[67.4674,24.0543],[67.4668,24.0576],[67.4682,24.0579],[67.4693,24.056]],[[67.3754,24.4099],[67.3782,24.4124],[67.3801,24.4124],[67.3771,24.4093],[67.3754,24.4099]],[[67.384,24.4151],[67.3818,24.4135],[67.381,24.4138],[67.3843,24.4165],[67.384,24.4151]],[[67.3913,24.424],[67.3896,24.4229],[67.3888,24.4232],[67.3921,24.4257],[67.3913,24.424]],[[67.2674,24.471],[67.2651,24.4701],[67.2657,24.4737],[67.2676,24.4732],[67.2674,24.471]],[[67.2696,24.4671],[67.2701,24.4657],[67.2671,24.4651],[67.2665,24.4668],[67.261,24.4649],[67.2654,24.469],[67.2696,24.4671]],[[67.3399,24.4368],[67.3604,24.4351],[67.364,24.4296],[67.3729,24.4251],[67.3776,24.4265],[67.3796,24.4299],[67.3846,24.4296],[67.3871,24.4285],[67.3874,24.4188],[67.369,24.4101],[67.354,24.4076],[67.3426,24.4138],[67.3368,24.4188],[67.3299,24.4201],[67.3271,24.4224],[67.3215,24.4218],[67.314,24.4168],[67.3132,24.4204],[67.3115,24.4201],[67.3104,24.4226],[67.3085,24.4218],[67.3068,24.4238],[67.3112,24.4282],[67.3285,24.4315],[67.3321,24.4307],[67.3326,24.4354],[67.3351,24.4374],[67.3399,24.4368]],[[67.3688,24.4579],[67.3682,24.4551],[67.3696,24.4538],[67.3718,24.4537],[67.3735,24.4565],[67.3801,24.4499],[67.3871,24.449],[67.3876,24.444],[67.3901,24.4385],[67.3854,24.4374],[67.3807,24.4388],[67.3685,24.4326],[67.3668,24.434],[67.3668,24.4368],[67.3637,24.4357],[67.3499,24.4399],[67.3371,24.4399],[67.3315,24.4374],[67.3282,24.4329],[67.311,24.431],[67.3032,24.4326],[67.3024,24.4354],[67.2979,24.4374],[67.299,24.441],[67.3015,24.4421],[67.3004,24.444],[67.3079,24.4476],[67.3085,24.451],[67.3163,24.4468],[67.3215,24.446],[67.3257,24.4482],[67.329,24.4529],[67.3382,24.449],[67.3482,24.4515],[67.3504,24.4549],[67.3568,24.4568],[67.3646,24.456],[67.369,24.461],[67.3688,24.4579]],[[67.3796,24.464],[67.389,24.4551],[67.4018,24.4529],[67.4088,24.4479],[67.4132,24.4476],[67.4135,24.4449],[67.406,24.4393],[67.4037,24.4349],[67.3943,24.4326],[67.391,24.4376],[67.3938,24.4399],[67.3913,24.4401],[67.3887,24.4432],[67.3868,24.4507],[67.3804,24.451],[67.3737,24.4582],[67.3699,24.4557],[67.3707,24.4629],[67.3774,24.4657],[67.3796,24.464]],[[67.3679,24.4615],[67.364,24.4571],[67.3579,24.4579],[67.3607,24.4621],[67.3674,24.4632],[67.3679,24.4615]],[[67.3163,24.4596],[67.3204,24.4576],[67.3271,24.4568],[67.3204,24.451],[67.3093,24.4565],[67.3101,24.4596],[67.3135,24.461],[67.3163,24.4596]],[[67.2446,24.5093],[67.2426,24.5076],[67.2404,24.5082],[67.2438,24.5107],[67.2451,24.5104],[67.2446,24.5093]],[[67.3379,24.6057],[67.3385,24.6046],[67.3365,24.6046],[67.336,24.6071],[67.3379,24.6057]],[[67.2976,24.5924],[67.299,24.5854],[67.2951,24.5832],[67.2929,24.5885],[67.2949,24.5932],[67.2968,24.5938],[67.2976,24.5924]],[[67.319,24.5901],[67.3171,24.5882],[67.3157,24.5885],[67.3179,24.5915],[67.3196,24.5913],[67.319,24.5901]],[[67.2543,24.4826],[67.2596,24.4796],[67.2607,24.4732],[67.2557,24.4751],[67.2593,24.4782],[67.2549,24.4799],[67.2521,24.4832],[67.2543,24.4826]],[[67.3254,24.5265],[67.3351,24.5254],[67.3418,24.5229],[67.3407,24.5113],[67.3307,24.5124],[67.3285,24.5115],[67.3276,24.5096],[67.3357,24.5063],[67.3438,24.4976],[67.351,24.4929],[67.3499,24.4912],[67.3479,24.4915],[67.3474,24.4874],[67.3421,24.4807],[67.3407,24.4743],[67.339,24.4754],[67.3382,24.4826],[67.3363,24.486],[67.3307,24.4879],[67.3224,24.484],[67.3224,24.4751],[67.3268,24.4679],[67.3262,24.4638],[67.3235,24.4632],[67.3196,24.4649],[67.3168,24.469],[67.3124,24.4699],[67.3104,24.4737],[67.3051,24.4774],[67.3046,24.4799],[67.3057,24.481],[67.3112,24.4796],[67.3154,24.4804],[67.3199,24.4943],[67.319,24.4976],[67.3085,24.5057],[67.3082,24.514],[67.3171,24.5254],[67.3204,24.5237],[67.3199,24.5274],[67.324,24.5279],[67.3254,24.5265]],[[67.2671,24.4996],[67.2718,24.4957],[67.2768,24.494],[67.2835,24.4949],[67.2835,24.4901],[67.2865,24.4868],[67.2904,24.4899],[67.291,24.4879],[67.2951,24.486],[67.2974,24.4826],[67.3051,24.4824],[67.3026,24.4782],[67.3068,24.4737],[67.3065,24.4704],[67.3001,24.4665],[67.2999,24.4632],[67.2871,24.4457],[67.2829,24.4374],[67.281,24.4412],[67.2843,24.4435],[67.2874,24.449],[67.2871,24.4513],[67.2943,24.4621],[67.2904,24.464],[67.2826,24.464],[67.2743,24.4618],[67.2721,24.4668],[67.2682,24.4679],[67.2682,24.4737],[67.2654,24.4746],[67.2615,24.4735],[67.2615,24.4788],[67.2579,24.4824],[67.2535,24.4837],[67.2632,24.4854],[67.2712,24.489],[67.2718,24.4926],[67.2663,24.494],[67.2649,24.4965],[67.2651,24.5007],[67.2671,24.4996]],[[67.2701,24.5168],[67.2715,24.5107],[67.2676,24.5138],[67.2643,24.5124],[67.2671,24.5182],[67.2701,24.5168]],[[67.2899,24.5215],[67.2915,24.5171],[67.2946,24.5151],[67.3012,24.5163],[67.3021,24.5068],[67.3046,24.5046],[67.3096,24.5035],[67.3179,24.4962],[67.3157,24.4849],[67.3135,24.481],[67.3046,24.484],[67.2982,24.4835],[67.2957,24.4868],[67.2921,24.4876],[67.2901,24.491],[67.2868,24.4879],[67.2843,24.4904],[67.2843,24.4951],[67.281,24.4957],[67.2807,24.499],[67.2799,24.4954],[67.2771,24.4951],[67.2701,24.4982],[67.2674,24.5012],[67.2635,24.5085],[67.266,24.5099],[67.2663,24.5126],[67.2704,24.5096],[67.2815,24.5093],[67.2835,24.5107],[67.2821,24.5135],[67.2838,24.519],[67.2879,24.5257],[67.2893,24.5254],[67.2899,24.5215]],[[67.3107,24.5507],[67.326,24.5418],[67.3429,24.5415],[67.3507,24.5354],[67.3626,24.5315],[67.3668,24.5268],[67.3671,24.5218],[67.3662,24.5201],[67.3637,24.5207],[67.3629,24.5126],[67.3576,24.5063],[67.3543,24.5046],[67.3515,24.4949],[67.344,24.4988],[67.3363,24.5076],[67.3288,24.5093],[67.3288,24.5107],[67.3451,24.5099],[67.3463,24.5115],[67.3457,24.5226],[67.3546,24.5232],[67.3587,24.5218],[67.3607,24.5232],[67.3565,24.5226],[67.3546,24.5243],[67.3582,24.5282],[67.3549,24.5274],[67.3535,24.5235],[67.3446,24.5229],[67.3449,24.5129],[67.3432,24.5115],[67.3415,24.5187],[67.3435,24.5224],[67.3424,24.5246],[67.3279,24.5271],[67.3249,24.529],[67.3163,24.5276],[67.3149,24.5287],[67.314,24.5246],[67.3051,24.5129],[67.3051,24.5068],[67.3037,24.5065],[67.3032,24.5082],[67.3035,24.5157],[67.2993,24.5187],[67.3007,24.5251],[67.2988,24.5226],[67.2988,24.5174],[67.2951,24.5165],[67.2929,24.5176],[67.291,24.5224],[67.2907,24.531],[67.2924,24.5329],[67.3001,24.531],[67.3068,24.5321],[67.3096,24.5388],[67.3057,24.5468],[67.3021,24.5504],[67.304,24.5518],[67.3107,24.5507]],[[67.2518,24.5393],[67.2557,24.5321],[67.2626,24.5296],[67.2551,24.5246],[67.2529,24.5207],[67.2487,24.5232],[67.2446,24.5365],[67.2482,24.5404],[67.2518,24.5393]],[[67.2932,24.5596],[67.2999,24.5543],[67.2996,24.5476],[67.3063,24.536],[67.3029,24.5343],[67.2949,24.5376],[67.291,24.5368],[67.276,24.5207],[67.2749,24.5251],[67.2724,24.5249],[67.2685,24.5296],[67.2663,24.5299],[67.2671,24.5354],[67.2721,24.5368],[67.2746,24.5393],[67.2763,24.5487],[67.2857,24.5468],[67.2879,24.5524],[67.2882,24.5596],[67.2899,24.5607],[67.2932,24.5596]],[[67.2829,24.5774],[67.2915,24.5743],[67.2957,24.5751],[67.3046,24.5629],[67.3046,24.561],[67.2996,24.5565],[67.2968,24.5568],[67.2918,24.5618],[67.2882,24.561],[67.2862,24.5485],[67.2838,24.5476],[67.2785,24.5504],[67.276,24.5499],[67.2738,24.5399],[67.2712,24.5374],[67.2671,24.5385],[67.264,24.531],[67.2579,24.5318],[67.2501,24.5415],[67.2443,24.5393],[67.2435,24.5346],[67.2462,24.5282],[67.2421,24.5276],[67.2387,24.5299],[67.2374,24.5413],[67.2213,24.5457],[67.2199,24.5482],[67.2193,24.5551],[67.2285,24.5618],[67.2254,24.5654],[67.2257,24.5724],[67.2374,24.5696],[67.2385,24.5713],[67.2443,24.5707],[67.2499,24.5738],[67.2701,24.5743],[67.2779,24.5785],[67.2829,24.5774]],[[67.3365,24.6821],[67.3335,24.6799],[67.3343,24.6851],[67.3376,24.6865],[67.3365,24.6821]],[[67.2768,24.6726],[67.2774,24.6685],[67.2754,24.6665],[67.2671,24.6663],[67.266,24.669],[67.2604,24.6732],[67.2637,24.6743],[67.2688,24.6718],[67.2754,24.6743],[67.2768,24.6726]],[[67.2968,24.6885],[67.3046,24.6857],[67.3082,24.6774],[67.3126,24.6763],[67.3176,24.6785],[67.3193,24.6771],[67.3224,24.6696],[67.3185,24.6646],[67.3187,24.6593],[67.3171,24.656],[67.3149,24.6579],[67.3151,24.664],[67.3132,24.6663],[67.3101,24.6679],[67.304,24.6671],[67.3035,24.6721],[67.2915,24.6765],[67.2846,24.6837],[67.2871,24.6893],[67.2924,24.6899],[67.2968,24.6885]],[[67.2857,24.696],[67.2926,24.6949],[67.2926,24.6921],[67.286,24.6904],[67.2832,24.6868],[67.2832,24.6832],[67.2888,24.6763],[67.3026,24.6707],[67.3026,24.6688],[67.3001,24.6685],[67.2979,24.6659],[67.291,24.6643],[67.2779,24.6682],[67.2771,24.6738],[67.2782,24.6751],[67.2826,24.6754],[67.2813,24.6774],[67.2787,24.6763],[67.276,24.6785],[67.2685,24.6729],[67.2621,24.6754],[67.2571,24.6718],[67.2524,24.6715],[67.2496,24.6693],[67.2424,24.6763],[67.2476,24.6801],[67.2529,24.6771],[67.2554,24.6776],[67.2557,24.6846],[67.2576,24.6865],[67.2637,24.6871],[67.2688,24.6829],[67.2771,24.6843],[67.2785,24.6879],[67.2763,24.6913],[67.2801,24.6965],[67.2857,24.696]],[[66.9776,24.8074],[66.9788,24.8049],[66.9785,24.8035],[66.976,24.8068],[66.9765,24.8082],[66.9776,24.8074]],[[67.1204,24.7488],[67.121,24.7479],[67.1237,24.7499],[67.126,24.7471],[67.1282,24.7521],[67.1321,24.7521],[67.1376,24.7451],[67.1485,24.7374],[67.151,24.7374],[67.1518,24.7354],[67.1513,24.7343],[67.1424,24.7354],[67.1199,24.7446],[67.1179,24.7488],[67.1215,24.7529],[67.1204,24.7488]],[[67.1563,24.7593],[67.1563,24.7582],[67.1532,24.7582],[67.1529,24.7599],[67.1563,24.7593]],[[67.3568,24.7665],[67.364,24.7668],[67.3649,24.7646],[67.3551,24.7568],[67.3551,24.7549],[67.3585,24.7532],[67.3579,24.7507],[67.3557,24.7504],[67.3507,24.756],[67.3479,24.7643],[67.3518,24.7674],[67.3568,24.7665]],[[67.4073,24.7731],[67.4151,24.764],[67.4185,24.7626],[67.4274,24.7629],[67.4293,24.7615],[67.4274,24.7554],[67.4249,24.7538],[67.4218,24.7474],[67.4187,24.7471],[67.4101,24.7518],[67.4101,24.754],[67.4138,24.7557],[67.4124,24.7576],[67.4088,24.7535],[67.4115,24.7488],[67.4088,24.7451],[67.406,24.7501],[67.4001,24.7535],[67.3879,24.7529],[67.3882,24.7551],[67.3904,24.754],[67.3938,24.7565],[67.3943,24.7663],[67.4004,24.7685],[67.4051,24.774],[67.4073,24.7731]],[[67.271,24.7862],[67.2813,24.7838],[67.2924,24.7768],[67.2846,24.7738],[67.2807,24.7668],[67.269,24.7557],[67.266,24.7476],[67.2618,24.7474],[67.2615,24.751],[67.264,24.7543],[67.2599,24.7499],[67.2554,24.7504],[67.2562,24.7563],[67.2579,24.7579],[67.2615,24.7579],[67.2607,24.7615],[67.2576,24.7629],[67.2579,24.7663],[67.2538,24.7671],[67.2538,24.7687],[67.2499,24.7685],[67.2485,24.7701],[67.2496,24.7724],[67.2462,24.7732],[67.2446,24.7763],[67.2387,24.7771],[67.2387,24.7801],[67.2415,24.779],[67.2482,24.781],[67.2604,24.7871],[67.271,24.7862]],[[67.1696,24.7724],[67.1696,24.7679],[67.1649,24.766],[67.1668,24.7696],[67.1654,24.7718],[67.164,24.7657],[67.1646,24.7621],[67.1743,24.761],[67.1813,24.7579],[67.186,24.7588],[67.1862,24.7565],[67.1832,24.7532],[67.1768,24.7534],[67.1724,24.756],[67.1618,24.7574],[67.1596,24.759],[67.159,24.7674],[67.161,24.7713],[67.1649,24.7732],[67.1696,24.7724]],[[67.171,24.7657],[67.1712,24.7621],[67.1676,24.7618],[67.1687,24.7668],[67.1701,24.7674],[67.171,24.7657]],[[67.2162,24.7926],[67.2282,24.7826],[67.2237,24.7813],[67.221,24.7779],[67.2165,24.779],[67.2157,24.7829],[67.2118,24.7821],[67.2118,24.7785],[67.2087,24.7765],[67.2049,24.7799],[67.2071,24.7724],[67.2049,24.7707],[67.2021,24.7713],[67.2021,24.769],[67.2004,24.7699],[67.2001,24.7682],[67.1963,24.7674],[67.1921,24.7635],[67.1893,24.7635],[67.1849,24.7596],[67.1796,24.7615],[67.1793,24.7654],[67.1757,24.7624],[67.1724,24.7643],[67.1738,24.7676],[67.179,24.7679],[67.1813,24.7699],[67.186,24.7685],[67.194,24.7693],[67.1943,24.7726],[67.1907,24.7718],[67.1899,24.7735],[67.1915,24.7782],[67.1929,24.779],[67.1954,24.7774],[67.1979,24.7796],[67.2007,24.7768],[67.2004,24.7807],[67.1985,24.7807],[67.1996,24.786],[67.2043,24.7851],[67.2104,24.7874],[67.2146,24.7932],[67.2162,24.7926]],[[67.3876,24.7071],[67.3851,24.7043],[67.3854,24.7007],[67.389,24.6979],[67.3949,24.6974],[67.3938,24.6949],[67.3812,24.6904],[67.3676,24.6904],[67.3718,24.6957],[67.3832,24.6985],[67.3829,24.701],[67.3793,24.7046],[67.3801,24.7082],[67.3879,24.7093],[67.3876,24.7071]],[[67.3115,24.7382],[67.3124,24.7349],[67.3085,24.729],[67.3096,24.721],[67.3032,24.7165],[67.3032,24.7146],[67.3079,24.7096],[67.3076,24.7029],[67.304,24.6982],[67.2996,24.6988],[67.2954,24.6968],[67.2807,24.6982],[67.2751,24.6918],[67.2774,24.6876],[67.2765,24.6854],[67.269,24.684],[67.2635,24.6887],[67.2571,24.6879],[67.2543,24.6851],[67.2543,24.6787],[67.2471,24.6815],[67.2412,24.6779],[67.2421,24.6735],[67.2485,24.6679],[67.2487,24.6629],[67.2454,24.6604],[67.2424,24.6612],[67.2329,24.6726],[67.2288,24.6738],[67.2232,24.6701],[67.2193,24.6707],[67.2126,24.676],[67.2093,24.6837],[67.206,24.6846],[67.2043,24.6868],[67.2018,24.686],[67.2012,24.6879],[67.1968,24.6876],[67.1904,24.691],[67.1957,24.6965],[67.1974,24.7018],[67.1974,24.711],[67.2001,24.7171],[67.204,24.7182],[67.2143,24.7174],[67.221,24.7221],[67.2251,24.7229],[67.2299,24.709],[67.2346,24.7035],[67.2468,24.7007],[67.2576,24.7065],[67.279,24.7315],[67.2854,24.7343],[67.2974,24.7349],[67.3099,24.7393],[67.3115,24.7382]],[[67.341,24.7371],[67.3476,24.7357],[67.3582,24.7237],[67.366,24.7176],[67.3768,24.7162],[67.3785,24.7096],[67.3774,24.7043],[67.3812,24.6996],[67.3704,24.6968],[67.366,24.6915],[67.3515,24.6901],[67.3396,24.6857],[67.3388,24.6871],[67.3404,24.6879],[67.339,24.6885],[67.3376,24.694],[67.3404,24.6963],[67.3404,24.6988],[67.3424,24.6993],[67.3401,24.7001],[67.3396,24.6963],[67.3368,24.6943],[67.3382,24.6882],[67.3315,24.6832],[67.3301,24.6721],[67.3274,24.6696],[67.3235,24.6696],[67.319,24.6787],[67.3171,24.6796],[67.3104,24.6774],[67.3037,24.6887],[67.2993,24.6907],[67.2929,24.691],[67.2935,24.6951],[67.2996,24.6979],[67.3035,24.6971],[67.3082,24.7024],[67.3087,24.7096],[67.3043,24.716],[67.3107,24.7207],[67.3096,24.7288],[67.3135,24.7349],[67.3193,24.7276],[67.3246,24.7254],[67.3313,24.7257],[67.3313,24.7185],[67.326,24.7079],[67.3307,24.7021],[67.3365,24.7038],[67.336,24.7054],[67.3299,24.7038],[67.3279,24.709],[67.3293,24.7129],[67.3335,24.7146],[67.3321,24.7171],[67.3332,24.7254],[67.3315,24.7271],[67.3374,24.7374],[67.3399,24.7387],[67.341,24.7371]],[[67.3704,24.7254],[67.374,24.7221],[67.3693,24.721],[67.3635,24.7243],[67.3685,24.7276],[67.3704,24.7254]],[[67.4001,24.7515],[67.4054,24.7488],[67.4043,24.7399],[67.4013,24.739],[67.3946,24.7404],[67.3871,24.7374],[67.3832,24.7374],[67.3796,24.734],[67.3804,24.7265],[67.3788,24.7265],[67.3774,24.7307],[67.379,24.7365],[67.3765,24.7407],[67.3793,24.7412],[67.3801,24.746],[67.3857,24.7446],[67.3913,24.7482],[67.3929,24.7512],[67.4001,24.7515]],[[67.2396,24.7574],[67.2429,24.7557],[67.2438,24.7488],[67.2521,24.739],[67.249,24.7343],[67.2321,24.734],[67.2237,24.7285],[67.2182,24.7282],[67.2151,24.7263],[67.2135,24.7274],[67.2129,24.7249],[67.2099,24.7235],[67.204,24.7263],[67.2001,24.7257],[67.1943,24.7213],[67.1913,24.7013],[67.1835,24.7057],[67.1726,24.7185],[67.1732,24.7215],[67.1774,24.7249],[67.1851,24.7263],[67.1993,24.736],[67.2065,24.7385],[67.2063,24.7404],[67.2076,24.7396],[67.2138,24.7432],[67.2207,24.751],[67.2326,24.7551],[67.2354,24.7582],[67.2396,24.7574]],[[67.3032,24.7704],[67.3135,24.7629],[67.3204,24.7601],[67.3285,24.7579],[67.3393,24.7585],[67.344,24.7563],[67.344,24.7538],[67.3393,24.7485],[67.3337,24.7365],[67.3276,24.729],[67.3246,24.7293],[67.3215,24.7324],[67.3165,24.7418],[67.3126,24.7454],[67.3063,24.7449],[67.2957,24.7387],[67.284,24.7376],[67.2738,24.7335],[67.2657,24.7224],[67.2496,24.7051],[67.2415,24.7049],[67.2365,24.7085],[67.2343,24.7112],[67.234,24.721],[67.2315,24.7254],[67.2343,24.7296],[67.2382,24.7318],[67.2418,24.7318],[67.2432,24.7279],[67.244,24.7315],[67.251,24.7315],[67.2574,24.7376],[67.2674,24.739],[67.2721,24.7438],[67.276,24.7543],[67.2807,24.7607],[67.2854,24.7626],[67.2865,24.7651],[67.2921,24.7687],[67.3015,24.7713],[67.3032,24.7704]],[[67.3743,24.7754],[67.3782,24.774],[67.3838,24.7685],[67.3929,24.7671],[67.3929,24.7596],[67.3896,24.759],[67.386,24.7554],[67.3871,24.7518],[67.3901,24.7493],[67.3851,24.7457],[67.3799,24.7476],[67.3788,24.7435],[67.3751,24.7418],[67.3776,24.7368],[67.3763,24.7324],[67.3771,24.7246],[67.3721,24.7251],[67.3707,24.729],[67.3621,24.7282],[67.3557,24.7313],[67.3546,24.7363],[67.3438,24.7438],[67.3507,24.751],[67.3496,24.7554],[67.3535,24.7501],[67.359,24.7501],[67.3596,24.7532],[67.3557,24.756],[67.3654,24.7629],[67.3649,24.7674],[67.369,24.7693],[67.3718,24.776],[67.3743,24.7754]],[[67.2676,24.6476],[67.2707,24.6476],[67.2746,24.6449],[67.2735,24.6338],[67.2751,24.631],[67.2835,24.631],[67.286,24.6296],[67.2846,24.6249],[67.2779,24.626],[67.2838,24.6229],[67.2799,24.6174],[67.2782,24.6093],[67.2712,24.5976],[67.2679,24.5968],[67.2665,24.5987],[67.2668,24.5965],[67.2607,24.596],[67.2593,24.5976],[67.2593,24.5957],[67.2554,24.5954],[67.2551,24.6001],[67.2532,24.601],[67.2468,24.5993],[67.2457,24.5976],[67.2429,24.5982],[67.2407,24.6004],[67.2424,24.6029],[67.2385,24.606],[67.2407,24.6074],[67.2418,24.6043],[67.2435,24.609],[67.2363,24.6096],[67.2343,24.611],[67.2346,24.6129],[67.2471,24.614],[67.2385,24.6151],[67.2438,24.6185],[67.2462,24.6246],[67.2521,24.6274],[67.2451,24.6257],[67.2371,24.6329],[67.2374,24.6346],[67.249,24.6393],[67.2557,24.6354],[67.2596,24.6354],[67.2607,24.644],[67.2643,24.6488],[67.2676,24.6476]],[[67.2249,24.6326],[67.2279,24.6304],[67.2282,24.6271],[67.2263,24.6188],[67.2235,24.6168],[67.214,24.6262],[67.2196,24.6326],[67.2221,24.6338],[67.2249,24.6326]],[[67.3138,24.6301],[67.3221,24.619],[67.3351,24.6096],[67.336,24.6079],[67.3346,24.6063],[67.3363,24.6037],[67.3401,24.6029],[67.3351,24.5888],[67.3318,24.5882],[67.3293,24.5921],[67.3251,24.5946],[67.321,24.5943],[67.3168,24.5918],[67.3146,24.5879],[67.3163,24.5765],[67.314,24.5738],[67.3093,24.5835],[67.3043,24.5865],[67.304,24.591],[67.3063,24.599],[67.3143,24.5976],[67.3165,24.6032],[67.3143,24.5985],[67.3068,24.6001],[67.3046,24.5982],[67.3026,24.5863],[67.2999,24.5863],[67.2988,24.5982],[67.3015,24.6026],[67.3093,24.6093],[67.3129,24.6074],[67.314,24.6046],[67.3154,24.6101],[67.309,24.6149],[67.3082,24.6113],[67.3004,24.6046],[67.2976,24.6015],[67.2965,24.5971],[67.2946,24.5965],[67.2921,24.5982],[67.2915,24.6063],[67.2896,24.6076],[67.294,24.6215],[67.3004,24.6251],[67.3024,24.6296],[67.3049,24.6312],[67.3138,24.6301]],[[67.3715,24.661],[67.3815,24.6521],[67.3838,24.6521],[67.3821,24.6468],[67.3688,24.651],[67.3699,24.6626],[67.3715,24.661]],[[67.2351,24.6404],[67.2376,24.6371],[67.2363,24.6315],[67.2432,24.6271],[67.2446,24.624],[67.2418,24.619],[67.2296,24.6138],[67.2276,24.6165],[67.2304,24.6265],[67.2301,24.631],[67.2226,24.6371],[67.2312,24.6413],[67.2351,24.6404]],[[67.356,24.6418],[67.3604,24.6401],[67.3729,24.6301],[67.3729,24.6188],[67.3688,24.6135],[67.3632,24.6107],[67.3674,24.6182],[67.3668,24.6221],[67.3551,24.6285],[67.341,24.6271],[67.3282,24.621],[67.3288,24.6249],[67.3304,24.6259],[67.3285,24.6276],[67.3293,24.6301],[67.3354,24.6307],[67.3376,24.6329],[67.3388,24.6365],[67.3363,24.636],[67.3365,24.6388],[67.3538,24.6429],[67.356,24.6418]],[[67.2799,24.6651],[67.2899,24.6624],[67.3012,24.6643],[67.3051,24.6465],[67.3085,24.6396],[67.2932,24.631],[67.2763,24.6326],[67.2757,24.6415],[67.2804,24.6499],[67.2754,24.6632],[67.2774,24.6663],[67.2799,24.6651]],[[67.3371,24.6715],[67.3438,24.6657],[67.3463,24.659],[67.3457,24.656],[67.339,24.6532],[67.334,24.6418],[67.3313,24.6399],[67.3199,24.6379],[67.314,24.6399],[67.3124,24.6451],[67.3082,24.6488],[67.3085,24.6537],[67.3049,24.659],[67.3051,24.6629],[67.3085,24.6649],[67.3118,24.656],[67.3171,24.6535],[67.3207,24.6537],[67.3215,24.6638],[67.3265,24.6654],[67.3326,24.6651],[67.3365,24.669],[67.3351,24.6729],[67.3371,24.6715]],[[67.274,24.6593],[67.2785,24.6499],[67.2763,24.646],[67.2712,24.649],[67.2657,24.6499],[67.2651,24.6518],[67.2649,24.6557],[67.2682,24.6649],[67.274,24.6649],[67.274,24.6593]],[[67.3665,24.6668],[67.3679,24.6646],[67.3674,24.659],[67.3654,24.6571],[67.3668,24.6493],[67.3618,24.6465],[67.3549,24.6457],[67.3504,24.6476],[67.3487,24.6454],[67.3426,24.6437],[67.3429,24.646],[67.3485,24.6521],[67.3504,24.6562],[67.3501,24.661],[67.3526,24.6649],[67.3593,24.6676],[67.3665,24.6668]],[[67.204,24.6779],[67.2113,24.6704],[67.2182,24.6668],[67.2268,24.6668],[67.2299,24.671],[67.2318,24.6707],[67.2371,24.6629],[67.2424,24.6587],[67.2468,24.6587],[67.2504,24.6612],[67.2507,24.6679],[67.2529,24.6701],[67.2596,24.6701],[67.264,24.6682],[67.2665,24.6657],[67.2665,24.6632],[67.2629,24.6565],[67.2629,24.6474],[67.2588,24.6426],[67.2585,24.6371],[67.256,24.6365],[67.2521,24.6385],[67.2526,24.6413],[67.2385,24.6374],[67.2346,24.6426],[67.2321,24.6426],[67.2265,24.6396],[67.2221,24.6396],[67.2213,24.641],[67.2199,24.6393],[67.221,24.6377],[67.2174,24.6365],[67.214,24.639],[67.2143,24.6421],[67.2124,24.6418],[67.2151,24.6435],[67.2151,24.6454],[67.2135,24.646],[67.2046,24.6449],[67.1974,24.6463],[67.189,24.6446],[67.1871,24.6465],[67.1849,24.646],[67.1857,24.6507],[67.1832,24.6515],[67.1815,24.6562],[67.1826,24.6579],[67.1846,24.6571],[67.1851,24.659],[67.1885,24.6593],[67.1885,24.6607],[67.1818,24.6604],[67.1771,24.6638],[67.1826,24.6674],[67.1832,24.6696],[67.1882,24.6713],[67.1885,24.6729],[67.1924,24.6718],[67.1946,24.6768],[67.1993,24.6757],[67.2004,24.679],[67.204,24.6779]],[[67.4201,24.6976],[67.4243,24.6965],[67.4332,24.6865],[67.4335,24.6843],[67.4301,24.6813],[67.4176,24.6774],[67.4132,24.6724],[67.4201,24.6607],[67.4243,24.6607],[67.4265,24.6585],[67.4351,24.6432],[67.434,24.6413],[67.429,24.6413],[67.4274,24.6426],[67.4285,24.646],[67.426,24.6457],[67.4201,24.6515],[67.4099,24.6554],[67.3988,24.6493],[67.3896,24.6482],[67.3865,24.6463],[67.3851,24.6482],[67.3874,24.6499],[67.3854,24.6499],[67.3849,24.6532],[67.3882,24.6593],[67.3876,24.6621],[67.3926,24.6649],[67.3874,24.6632],[67.3863,24.6571],[67.3818,24.6549],[67.3737,24.6612],[67.3735,24.6651],[67.371,24.6651],[67.3674,24.6693],[67.3601,24.6701],[67.3482,24.6671],[67.3421,24.6724],[67.3443,24.681],[67.3565,24.686],[67.3754,24.6857],[67.3776,24.6824],[67.3804,24.686],[67.3863,24.6863],[67.389,24.6879],[67.3935,24.6851],[67.3924,24.6876],[67.4001,24.6901],[67.4049,24.6954],[67.4115,24.6982],[67.4201,24.6976]],[[67.3601,24.3832],[67.3562,24.3676],[67.359,24.3593],[67.3632,24.3538],[67.3624,24.3518],[67.3607,24.3513],[67.3546,24.3543],[67.3449,24.3546],[67.3371,24.3576],[67.336,24.3568],[67.3268,24.3615],[67.3224,24.3604],[67.309,24.3615],[67.3176,24.3676],[67.3104,24.3699],[67.3085,24.3774],[67.3087,24.3799],[67.3157,24.3835],[67.3243,24.3857],[67.3321,24.381],[67.3371,24.3804],[67.3396,24.3815],[67.3418,24.386],[67.3485,24.386],[67.3507,24.3826],[67.3551,24.3824],[67.3579,24.386],[67.3604,24.3865],[67.3601,24.3832]],[[67.3582,24.4026],[67.3646,24.4032],[67.3688,24.4015],[67.3749,24.4024],[67.3776,24.4013],[67.3829,24.4024],[67.3865,24.4015],[67.3871,24.3993],[67.3863,24.3963],[67.3774,24.3949],[67.3646,24.389],[67.3585,24.3901],[67.3538,24.3838],[67.3515,24.3838],[67.3493,24.3874],[67.3418,24.3876],[67.3435,24.3932],[67.3415,24.3976],[67.3521,24.3965],[67.3562,24.4032],[67.3582,24.4026]],[[67.3943,24.3927],[67.4004,24.3913],[67.414,24.384],[67.4187,24.3896],[67.426,24.3899],[67.4285,24.3887],[67.4251,24.3843],[67.4268,24.3765],[67.4299,24.376],[67.4332,24.3801],[67.439,24.3757],[67.4349,24.3701],[67.4365,24.3629],[67.434,24.3576],[67.434,24.3518],[67.4168,24.3399],[67.4174,24.3351],[67.4226,24.3299],[67.4215,24.3271],[67.4051,24.3249],[67.3868,24.3388],[67.3799,24.341],[67.3693,24.3474],[67.3704,24.3513],[67.3768,24.351],[67.3838,24.3549],[67.386,24.3596],[67.3829,24.3551],[67.3768,24.3518],[67.3715,24.3526],[67.369,24.3615],[67.3613,24.3696],[67.3654,24.3782],[67.3682,24.3801],[67.3685,24.3838],[67.3721,24.3815],[67.3812,24.3807],[67.3849,24.3785],[67.3899,24.379],[67.3901,24.3749],[67.3946,24.376],[67.3988,24.371],[67.4063,24.3699],[67.4076,24.3676],[67.4068,24.3704],[67.399,24.3718],[67.3946,24.3768],[67.3907,24.3754],[67.3899,24.3799],[67.3849,24.3793],[67.3801,24.3818],[67.3721,24.3824],[67.3704,24.384],[67.3754,24.3907],[67.3896,24.3937],[67.3943,24.3927]],[[67.3282,24.4188],[67.3551,24.404],[67.3524,24.3979],[67.3421,24.3988],[67.3401,24.3971],[67.3424,24.3924],[67.3407,24.3863],[67.3374,24.3818],[67.3254,24.3874],[67.3151,24.386],[67.3068,24.3824],[67.3074,24.3849],[67.3099,24.3857],[67.311,24.3904],[67.3099,24.3921],[67.311,24.3993],[67.3096,24.4024],[67.3146,24.406],[67.3085,24.4107],[67.3079,24.4154],[67.3157,24.4132],[67.3235,24.4199],[67.3282,24.4188]],[[67.3104,24.4065],[67.3112,24.4043],[67.3099,24.4037],[67.306,24.4046],[67.304,24.4032],[67.3029,24.4043],[67.3046,24.4079],[67.3096,24.4085],[67.3104,24.4065]],[[67.4293,24.4338],[67.4321,24.4301],[67.4321,24.426],[67.4399,24.4218],[67.4546,24.4201],[67.4649,24.4235],[67.4668,24.4215],[67.466,24.4121],[67.4671,24.4079],[67.4651,24.4082],[67.4626,24.4046],[67.4626,24.4029],[67.4676,24.399],[67.4646,24.3926],[67.4699,24.3804],[67.4699,24.3776],[67.4662,24.3738],[67.4632,24.3735],[67.4596,24.3762],[67.4546,24.3771],[67.4504,24.3738],[67.446,24.3729],[67.4429,24.366],[67.4385,24.3643],[67.4365,24.3701],[67.4396,24.374],[67.4393,24.3782],[67.4451,24.3824],[67.4518,24.3846],[67.449,24.3876],[67.4496,24.3921],[67.4476,24.3918],[67.4493,24.3849],[67.4449,24.3835],[67.4382,24.3779],[67.4318,24.3813],[67.4276,24.3774],[67.4265,24.384],[67.4296,24.3876],[67.4278,24.391],[67.4224,24.3918],[67.4129,24.3882],[67.4171,24.3932],[67.4171,24.3957],[67.4115,24.3996],[67.4187,24.4054],[67.4296,24.4093],[67.436,24.4165],[67.4382,24.416],[67.4371,24.4185],[67.429,24.4104],[67.4179,24.4063],[67.4104,24.3999],[67.4107,24.3979],[67.416,24.3954],[67.4115,24.3885],[67.4001,24.3946],[67.3874,24.3965],[67.3879,24.4007],[67.386,24.4026],[67.3674,24.4029],[67.3707,24.4054],[67.3885,24.4104],[67.3929,24.4179],[67.4007,24.424],[67.3968,24.4251],[67.3982,24.4279],[67.4015,24.4251],[67.4049,24.4249],[67.406,24.4226],[67.406,24.4249],[67.4007,24.429],[67.4249,24.4349],[67.4293,24.4338]],[[61.1938,35.3848],[61.1947,35.3851],[61.1945,35.3847],[61.1938,35.3848]]]}}]}